Scene,Run_ID,Config_Idx,Eta,Epsilon,Goal_Bias,Repair_Bias,Success,Plan_Time,Time_First_Candidate,Time_First_Valid,Nodes_Start_Tree,Nodes_Goal_Tree,Edges_Unknown,Edges_Valid,Edges_Invalid,Point_Checks,Line_Checks,Aborted_Adaptive_Tests,Final_Path_Length,Candidate_Paths_Count
Trap,0,0,0.5,0.05,0.5,0.6,False,0.009117042005527765,0.0014275000139605254,,24,36,34,14,10,134,24,10,0.0,10
Trap,1,0,0.5,0.05,0.5,0.6,False,0.012209875014377758,0.009012708003865555,,43,38,37,36,6,254,46,10,0.0,10
Trap,2,0,0.5,0.05,0.5,0.6,False,0.004705041996203363,0.0009573329880367965,,20,20,14,17,7,88,27,10,0.0,10
Trap,3,0,0.5,0.05,0.5,0.6,False,0.011427833000198007,0.002394832990830764,,51,48,54,34,9,247,44,10,0.0,10
Trap,4,0,0.5,0.05,0.5,0.6,False,0.06917562501621433,0.001752542011672631,,64,105,124,34,9,692,44,10,0.0,10
Trap,5,0,0.5,0.05,0.5,0.6,True,0.03632912499597296,0.016241165983956307,0.03629183297744021,89,95,129,49,4,605,54,4,33.42731117310559,5
Trap,6,0,0.5,0.05,0.5,0.6,False,0.02661845798138529,0.0068279999832157046,,88,78,136,19,9,634,29,10,0.0,10
Trap,7,0,0.5,0.05,0.5,0.6,False,0.021134834008989856,0.0010349999938625842,,65,75,107,22,9,503,32,10,0.0,10
Trap,8,0,0.5,0.05,0.5,0.6,False,0.015231375000439584,0.0024467089970130473,,40,66,68,27,9,378,37,10,0.0,10
Trap,9,0,0.5,0.05,0.5,0.6,False,0.007980249996762723,0.00028266600565984845,,31,36,32,23,10,173,33,10,0.0,10
Trap,10,0,0.5,0.05,0.5,0.6,False,0.017043416999513283,0.002716750022955239,,72,40,76,26,8,431,36,10,0.0,10
Trap,11,0,0.5,0.05,0.5,0.6,False,0.004549583012703806,0.0027852920175064355,,24,19,18,13,10,97,23,10,0.0,10
Trap,12,0,0.5,0.05,0.5,0.6,False,0.01585508298012428,0.0004607079899869859,,55,63,75,32,9,378,42,10,0.0,10
Trap,13,0,0.5,0.05,0.5,0.6,False,0.002843583992216736,0.0002967089822050184,,13,13,5,12,7,27,22,10,0.0,10
Trap,14,0,0.5,0.05,0.5,0.6,False,0.002842582995072007,0.0004899160121567547,,14,19,10,11,10,40,21,10,0.0,10
Trap,15,0,0.5,0.05,0.5,0.6,False,0.022742708009900525,0.000614999997196719,,99,52,112,30,7,577,40,10,0.0,10
Trap,16,0,0.5,0.05,0.5,0.6,False,0.015361375000793487,0.0016705419984646142,,51,62,70,33,8,366,43,10,0.0,10
Trap,17,0,0.5,0.05,0.5,0.6,False,0.03774670802522451,0.00031545801903121173,,87,114,166,24,9,911,34,10,0.0,10
Trap,18,0,0.5,0.05,0.5,0.6,False,0.01184324998757802,0.0003080829919781536,,38,62,77,12,9,304,22,10,0.0,10
Trap,19,0,0.5,0.05,0.5,0.6,False,0.027980499988188967,0.004639374994440004,,105,87,141,42,7,617,52,10,0.0,10
Trap,20,0,0.5,0.05,0.5,0.6,False,0.01652612499310635,0.000269667012616992,,43,71,69,34,9,392,44,10,0.0,10
Trap,21,0,0.5,0.05,0.5,0.6,False,0.030497334024403244,0.00033737500780262053,,77,112,144,35,8,723,45,10,0.0,10
Trap,22,0,0.5,0.05,0.5,0.6,False,0.00244529198971577,0.00031770800705999136,,7,11,0,10,6,16,20,10,0.0,10
Trap,23,0,0.5,0.05,0.5,0.6,False,0.02104058300028555,0.0006441249861381948,,76,62,92,37,7,515,47,10,0.0,10
Trap,24,0,0.5,0.05,0.5,0.6,False,0.0060360000061336905,0.0002575840044301003,,24,31,24,21,8,132,31,10,0.0,10
Trap,25,0,0.5,0.05,0.5,0.6,False,0.03902020902023651,0.0008095840166788548,,126,74,162,28,8,939,38,10,0.0,10
Trap,26,0,0.5,0.05,0.5,0.6,False,0.0049692920001689345,0.00030908299959264696,,22,25,25,15,5,91,25,10,0.0,10
Trap,27,0,0.5,0.05,0.5,0.6,False,0.03336879098787904,0.0011885829735547304,,67,127,161,22,9,832,32,10,0.0,10
Trap,28,0,0.5,0.05,0.5,0.6,False,0.028299458004767075,0.0034480410104151815,,63,103,132,23,9,720,33,10,0.0,10
Trap,29,0,0.5,0.05,0.5,0.6,False,0.005633499997202307,0.003284792008344084,,21,27,23,14,9,95,24,10,0.0,10
Trap,0,1,1.0,0.05,0.5,0.6,False,0.011160041991388425,0.00044683300075121224,,35,56,57,23,9,282,33,10,0.0,10
Trap,1,1,1.0,0.05,0.5,0.6,False,0.003779999999096617,0.00035966699942946434,,15,17,10,12,8,65,22,10,0.0,10
Trap,2,1,1.0,0.05,0.5,0.6,False,0.012251292006112635,0.003604208992328495,,50,41,59,23,7,309,33,10,0.0,10
Trap,3,1,1.0,0.05,0.5,0.6,False,0.0192511250206735,0.002068875008262694,,79,53,86,35,9,459,45,10,0.0,10
Trap,4,1,1.0,0.05,0.5,0.6,False,0.02201275000697933,0.0009122499905060977,,56,81,97,29,9,544,39,10,0.0,10
Trap,5,1,1.0,0.05,0.5,0.6,False,0.015199457993730903,0.0002708329993765801,,48,56,60,33,9,372,43,10,0.0,10
Trap,6,1,1.0,0.05,0.5,0.6,False,0.002629042020998895,0.0007437080203089863,,18,9,5,11,9,33,21,10,0.0,10
Trap,7,1,1.0,0.05,0.5,0.6,False,0.013655582995852455,0.0005600829899776727,,51,49,61,28,9,332,38,10,0.0,10
Trap,8,1,1.0,0.05,0.5,0.6,False,0.011576041986700147,0.0003450840013101697,,33,60,55,28,8,293,38,10,0.0,10
Trap,9,1,1.0,0.05,0.5,0.6,False,0.03364174999296665,0.0062087080150377005,,80,124,150,43,9,758,53,10,0.0,10
Trap,10,1,1.0,0.05,0.5,0.6,False,0.014352083002449945,0.001773166994098574,,66,46,57,45,8,342,55,10,0.0,10
Trap,11,1,1.0,0.05,0.5,0.6,False,0.0038322079926729202,0.0009384159930050373,,13,18,3,18,8,50,28,10,0.0,10
Trap,12,1,1.0,0.05,0.5,0.6,False,0.01486650001606904,0.006936125020729378,,63,47,47,55,6,329,65,10,0.0,10
Trap,13,1,1.0,0.05,0.5,0.6,False,0.007073624990880489,0.0018332499894313514,,33,16,19,19,9,159,29,10,0.0,10
Trap,14,1,1.0,0.05,0.5,0.6,False,0.026970707986038178,0.015063375001773238,,92,91,142,30,9,601,40,10,0.0,10
Trap,15,1,1.0,0.05,0.5,0.6,False,0.005418332992121577,0.0006885410111863166,,25,22,16,19,10,103,29,10,0.0,10
Trap,16,1,1.0,0.05,0.5,0.6,False,0.008220458024879918,0.0008615830156486481,,28,28,28,17,9,188,27,10,0.0,10
Trap,17,1,1.0,0.05,0.5,0.6,False,0.06394012502278201,0.005903042008867487,,60,97,127,21,7,614,31,10,0.0,10
Trap,18,1,1.0,0.05,0.5,0.6,False,0.018870332976803184,0.0028352079971227795,,48,93,105,24,10,447,34,10,0.0,10
Trap,19,1,1.0,0.05,0.5,0.6,False,0.005180457985261455,0.0003216249751858413,,23,18,19,12,8,110,22,10,0.0,10
Trap,20,1,1.0,0.05,0.5,0.6,False,0.005503583000972867,0.00024762499378994107,,25,28,27,17,7,119,27,10,0.0,10
Trap,21,1,1.0,0.05,0.5,0.6,False,0.007179375010309741,0.00031270901672542095,,37,26,39,13,9,179,23,10,0.0,10
Trap,22,1,1.0,0.05,0.5,0.6,False,0.048045875009847805,0.00031520798802375793,,181,87,238,21,7,1116,31,10,0.0,10
Trap,23,1,1.0,0.05,0.5,0.6,False,0.021303333982359618,0.0030994169937912375,,62,89,115,28,6,494,38,10,0.0,10
Trap,24,1,1.0,0.05,0.5,0.6,False,0.01078974999836646,0.0025377080019097775,,54,29,41,33,7,245,43,10,0.0,10
Trap,25,1,1.0,0.05,0.5,0.6,False,0.001872749999165535,0.0003114999854005873,,8,11,1,6,10,17,16,10,0.0,10
Trap,26,1,1.0,0.05,0.5,0.6,False,0.03525037501822226,0.0013213750207796693,,113,85,132,56,8,772,66,10,0.0,10
Trap,27,1,1.0,0.05,0.5,0.6,False,0.004024166992167011,0.00029024999821558595,,17,16,11,14,6,69,24,10,0.0,10
Trap,28,1,1.0,0.05,0.5,0.6,False,0.008041041990509257,0.0002879590028896928,,40,35,38,27,8,171,37,10,0.0,10
Trap,29,1,1.0,0.05,0.5,0.6,False,0.001984000002266839,0.0002998329873662442,,9,11,2,8,8,18,18,10,0.0,10
Trap,0,2,0.5,0.05,0.7,0.6,False,0.05182824999792501,0.018831958004739136,,129,110,161,68,8,1150,78,10,0.0,10
Trap,1,2,0.5,0.05,0.7,0.6,False,0.0021233749866951257,0.0004138329823035747,,10,14,7,7,8,24,17,10,0.0,10
Trap,2,2,0.5,0.05,0.7,0.6,False,0.021820374997332692,0.01867641700664535,,53,58,58,42,9,596,52,10,0.0,10
Trap,3,2,0.5,0.05,0.7,0.6,False,0.020233249990269542,0.0035849169944413006,,67,49,76,30,8,547,40,10,0.0,10
Trap,4,2,0.5,0.05,0.7,0.6,False,0.006711958994856104,0.0002698339812923223,,20,26,24,12,8,164,22,10,0.0,10
Trap,5,2,0.5,0.05,0.7,0.6,False,0.001953541999682784,0.00024066699552349746,,12,10,4,6,10,21,16,10,0.0,10
Trap,6,2,0.5,0.05,0.7,0.6,False,0.00788349998765625,0.0002419159864075482,,36,22,26,22,8,200,32,10,0.0,10
Trap,7,2,0.5,0.05,0.7,0.6,False,0.02026395799475722,0.00046604100498370826,,42,85,93,22,10,585,32,10,0.0,10
Trap,8,2,0.5,0.05,0.7,0.6,False,0.0023879999935161322,0.00028487498639151454,,12,10,3,9,8,22,19,10,0.0,10
Trap,9,2,0.5,0.05,0.7,0.6,False,0.03698779197293334,0.01794945797882974,,96,91,142,33,10,928,43,10,0.0,10
Trap,10,2,0.5,0.05,0.7,0.6,False,0.0017034169868566096,0.00023070897441357374,,6,16,6,6,8,20,16,10,0.0,10
Trap,11,2,0.5,0.05,0.7,0.6,False,0.0034671250032261014,0.001043500000378117,,14,19,9,13,9,63,23,10,0.0,10
Trap,12,2,0.5,0.05,0.7,0.6,False,0.009402208990650252,0.006310291995760053,,32,31,24,27,10,228,37,10,0.0,10
Trap,13,2,0.5,0.05,0.7,0.6,False,0.005074000015156344,0.00023529099416919053,,16,26,17,15,8,126,25,10,0.0,10
Trap,14,2,0.5,0.05,0.7,0.6,False,0.011008582980139181,0.003819042001850903,,31,45,43,22,9,300,32,10,0.0,10
Trap,15,2,0.5,0.05,0.7,0.6,False,0.008701000013388693,0.00021716600167565048,,50,17,45,12,8,252,22,10,0.0,10
Trap,16,2,0.5,0.05,0.7,0.6,False,0.004870542004937306,0.00023204198805615306,,13,25,14,14,8,117,24,10,0.0,10
Trap,17,2,0.5,0.05,0.7,0.6,False,0.01612849999219179,0.002741834003245458,,64,49,70,33,8,417,43,10,0.0,10
Trap,18,2,0.5,0.05,0.7,0.6,False,0.03925116700702347,0.004328834009356797,,61,120,142,29,8,1027,39,10,0.0,10
Trap,19,2,0.5,0.05,0.7,0.6,False,0.0218716669769492,0.0007835839933250099,,54,78,90,30,10,564,40,10,0.0,10
Trap,20,2,0.5,0.05,0.7,0.6,False,0.006807291996665299,0.0038143749989103526,,37,16,27,14,10,180,24,10,0.0,10
Trap,21,2,0.5,0.05,0.7,0.6,False,0.024989208992337808,0.00028420897433534265,,78,65,115,17,9,679,27,10,0.0,10
Trap,22,2,0.5,0.05,0.7,0.6,False,0.030654082976980135,0.0004424579965416342,,77,97,144,18,10,793,28,10,0.0,10
Trap,23,2,0.5,0.05,0.7,0.6,False,0.01360162501805462,0.003805958025623113,,35,56,59,21,9,379,31,10,0.0,10
Trap,24,2,0.5,0.05,0.7,0.6,False,0.013407250022282824,0.00024929200299084187,,73,16,61,16,10,387,26,10,0.0,10
Trap,25,2,0.5,0.05,0.7,0.6,False,0.0021562080073636025,0.00046883299364708364,,11,12,5,8,8,22,18,10,0.0,10
Trap,26,2,0.5,0.05,0.7,0.6,False,0.0036456669913604856,0.0002924999862443656,,21,11,8,13,9,80,23,10,0.0,10
Trap,27,2,0.5,0.05,0.7,0.6,False,0.0014855829940643162,0.00019049999536946416,,4,14,2,5,9,17,15,10,0.0,10
Trap,28,2,0.5,0.05,0.7,0.6,False,0.030446708988165483,0.00140845900750719,,115,58,137,26,8,832,36,10,0.0,10
Trap,29,2,0.5,0.05,0.7,0.6,False,0.002215542015619576,0.0002730000123847276,,10,10,2,8,8,18,18,10,0.0,10
Trap,0,3,1.0,0.2,0.3,0.6,False,0.01201108400709927,0.0024588750093244016,,44,51,52,35,6,259,45,10,0.0,10
Trap,1,3,1.0,0.2,0.3,0.6,False,0.014142458006972447,0.00035520800156518817,,50,69,91,17,9,340,27,10,0.0,10
Trap,2,3,1.0,0.2,0.3,0.6,False,0.015037000004667789,0.0004628750029951334,,48,61,77,22,8,350,32,10,0.0,10
Trap,3,3,1.0,0.2,0.3,0.6,False,0.024123165989294648,0.010366708011133596,,99,88,144,33,8,496,43,10,0.0,10
Trap,4,3,1.0,0.2,0.3,0.6,False,0.037023000011686236,0.000859666004544124,,126,124,210,29,9,765,39,10,0.0,10
Trap,5,3,1.0,0.2,0.3,0.6,False,0.013737208006205037,0.00035937500069849193,,39,56,57,29,7,339,39,10,0.0,10
Trap,6,3,1.0,0.2,0.3,0.6,False,0.03854924999177456,0.0008742909994907677,,127,132,199,51,7,726,61,10,0.0,10
Trap,7,3,1.0,0.2,0.3,0.6,False,0.01986562501406297,0.005793084012111649,,78,73,88,53,8,367,63,10,0.0,10
Trap,8,3,1.0,0.2,0.3,0.6,False,0.015978750016074628,0.00043487499351613224,,53,75,106,12,8,396,22,10,0.0,10
Trap,9,3,1.0,0.2,0.3,0.6,False,0.032691959000658244,0.0017537919920869172,,97,100,145,41,9,714,51,10,0.0,10
Trap,10,3,1.0,0.2,0.3,0.6,False,0.02267604199005291,0.00037791699287481606,,83,76,109,40,8,479,50,10,0.0,10
Trap,11,3,1.0,0.2,0.3,0.6,False,0.006132584006991237,0.0005416669882833958,,28,28,28,18,8,115,28,10,0.0,10
Trap,12,3,1.0,0.2,0.3,0.6,False,0.016680041007930413,0.0075091659964527935,,64,63,69,46,10,339,56,10,0.0,10
Trap,13,3,1.0,0.2,0.3,0.6,False,0.004437249997863546,0.0004386249929666519,,20,32,27,14,9,68,24,10,0.0,10
Trap,14,3,1.0,0.2,0.3,0.6,False,0.05084625000017695,0.0021847500174771994,,151,163,260,44,8,939,54,10,0.0,10
Trap,15,3,1.0,0.2,0.3,0.6,False,0.012996874982491136,0.0007863749924581498,,57,64,89,21,9,289,31,10,0.0,10
Trap,16,3,1.0,0.2,0.3,0.6,False,0.0035252500092610717,0.00036583299515768886,,25,11,12,12,10,56,22,10,0.0,10
Trap,17,3,1.0,0.2,0.3,0.6,False,0.03193220801767893,0.0004726670158561319,,104,116,158,52,8,639,62,10,0.0,10
Trap,18,3,1.0,0.2,0.3,0.6,False,0.011304292012937367,0.004161082993960008,,50,45,52,35,6,185,45,10,0.0,10
Trap,19,3,1.0,0.2,0.3,0.6,False,0.06806912500178441,0.010107375012012199,,61,52,69,35,7,293,45,10,0.0,10
Trap,20,3,1.0,0.2,0.3,0.6,False,0.010736042022472247,0.0017296670121140778,,61,35,60,25,9,176,35,10,0.0,10
Trap,21,3,1.0,0.2,0.3,0.6,False,0.015094708011019975,0.0003962920163758099,,57,54,81,21,7,360,31,10,0.0,10
Trap,22,3,1.0,0.2,0.3,0.6,False,0.010772209003334865,0.0003026670019607991,,61,32,66,16,9,248,26,10,0.0,10
Trap,23,3,1.0,0.2,0.3,0.6,False,0.004834583000047132,0.00031025000498630106,,18,23,10,22,7,86,32,10,0.0,10
Trap,24,3,1.0,0.2,0.3,0.6,False,0.01801737499772571,0.0026056670176330954,,76,49,90,25,8,449,35,10,0.0,10
Trap,25,3,1.0,0.2,0.3,0.6,False,0.005401292000897229,0.000345667009241879,,28,31,33,15,9,113,25,10,0.0,10
Trap,26,3,1.0,0.2,0.3,0.6,False,0.02287545902072452,0.003392959013581276,,77,92,122,36,9,485,46,10,0.0,10
Trap,27,3,1.0,0.2,0.3,0.6,False,0.011912916990695521,0.00030941699515096843,,62,36,59,28,9,276,38,10,0.0,10
Trap,28,3,1.0,0.2,0.3,0.6,False,0.002227125019999221,0.0002886250149458647,,8,9,0,8,7,15,18,10,0.0,10
Trap,29,3,1.0,0.2,0.3,0.6,False,0.008177332987543195,0.0008372499723918736,,25,46,42,19,8,188,29,10,0.0,10
Trap,0,4,1.2,0.2,0.8,0.3,False,0.01585212501231581,0.0002523750008549541,,63,35,55,33,8,453,43,10,0.0,10
Trap,1,4,1.2,0.2,0.8,0.3,False,0.010756959003629163,0.0002598749997559935,,56,22,44,23,9,297,33,10,0.0,10
Trap,2,4,1.2,0.2,0.8,0.3,False,0.002961624995805323,0.00027816600049845874,,11,19,7,12,9,43,22,10,0.0,10
Trap,3,4,1.2,0.2,0.8,0.3,True,0.047768291988177225,0.04397704199072905,0.04772716699517332,75,82,99,52,4,1330,58,5,39.7161824538113,6
Trap,4,4,1.2,0.2,0.8,0.3,False,0.0019640410027932376,0.00031637499341741204,,7,12,0,8,9,19,18,10,0.0,10
Trap,5,4,1.2,0.2,0.8,0.3,False,0.01320791698526591,0.01091141698998399,,40,36,40,25,9,394,35,10,0.0,10
Trap,6,4,1.2,0.2,0.8,0.3,False,0.007324416015762836,0.000339541002176702,,21,27,20,17,9,205,27,10,0.0,10
Trap,7,4,1.2,0.2,0.8,0.3,False,0.023614667006768286,0.021297041996149346,,61,49,78,20,10,718,30,10,0.0,10
Trap,8,4,1.2,0.2,0.8,0.3,False,0.004066832974785939,0.0004975829797331244,,11,25,13,11,10,73,21,10,0.0,10
Trap,9,4,1.2,0.2,0.8,0.3,False,0.023491708998335525,0.011560000013560057,,72,44,71,33,10,694,43,10,0.0,10
Trap,10,4,1.2,0.2,0.8,0.3,False,0.0019469590042717755,0.0002447500010021031,,10,10,2,7,9,19,17,10,0.0,10
Trap,11,4,1.2,0.2,0.8,0.3,False,0.010602833004668355,0.00842675002058968,,30,26,26,20,8,329,30,10,0.0,10
Trap,12,4,1.2,0.2,0.8,0.3,False,0.007114958978490904,0.0003412919759284705,,19,29,25,11,10,211,21,10,0.0,10
Trap,13,4,1.2,0.2,0.8,0.3,False,0.03570937499171123,0.011018582998076454,,101,53,126,16,10,1064,26,10,0.0,10
Trap,14,4,1.2,0.2,0.8,0.3,False,0.006678332982119173,0.0002829169970937073,,32,19,19,21,9,170,31,10,0.0,10
Trap,15,4,1.2,0.2,0.8,0.3,False,0.0039967909979168326,0.0002852079924196005,,15,18,9,12,10,91,22,10,0.0,10
Trap,16,4,1.2,0.2,0.8,0.3,False,0.03332229101215489,0.020499125006608665,,70,54,91,21,10,1042,31,10,0.0,10
Trap,17,4,1.2,0.2,0.8,0.3,False,0.004483791999518871,0.002406917017651722,,20,17,8,18,9,91,28,10,0.0,10
Trap,18,4,1.2,0.2,0.8,0.3,False,0.0018674579914659262,0.00023716597934253514,,7,10,1,7,7,15,17,10,0.0,10
Trap,19,4,1.2,0.2,0.8,0.3,False,0.029861082992283627,0.027178582997294143,,66,56,80,31,9,878,41,10,0.0,10
Trap,20,4,1.2,0.2,0.8,0.3,False,0.019722791999811307,0.01735612499760464,,43,49,65,15,10,620,25,10,0.0,10
Trap,21,4,1.2,0.2,0.8,0.3,False,0.037221499980660155,0.03386412499821745,,57,87,91,41,10,1063,51,10,0.0,10
Trap,22,4,1.2,0.2,0.8,0.3,False,0.044631625001784414,0.03701566701056436,,74,83,125,20,10,1321,30,10,0.0,10
Trap,23,4,1.2,0.2,0.8,0.3,False,0.033147084002848715,0.007502084015868604,,54,110,108,44,10,862,54,10,0.0,10
Trap,24,4,1.2,0.2,0.8,0.3,False,0.02824279200285673,0.004717999981949106,,43,88,86,34,9,817,44,10,0.0,10
Trap,25,4,1.2,0.2,0.8,0.3,False,0.006840459012892097,0.0030658750038128346,,28,18,17,17,10,182,27,10,0.0,10
Trap,26,4,1.2,0.2,0.8,0.3,False,0.00450645899400115,0.0025998749770224094,,22,14,12,13,9,102,23,10,0.0,10
Trap,27,4,1.2,0.2,0.8,0.3,False,0.10738166701048613,0.0527242080133874,,164,163,239,78,8,2386,88,10,0.0,10
Trap,28,4,1.2,0.2,0.8,0.3,False,0.00436833398998715,0.0002730419801082462,,12,24,13,11,10,102,21,10,0.0,10
Trap,29,4,1.2,0.2,0.8,0.3,False,0.0017554170044604689,0.0002447500010021031,,11,6,0,6,9,15,16,10,0.0,10
Trap,0,5,0.5,0.05,0.5,0.05,False,0.003270083019742742,0.0012582080089487135,,21,11,8,13,9,46,23,10,0.0,10
Trap,1,5,0.5,0.05,0.5,0.05,False,0.0018618339963722974,0.00028604199178516865,,8,11,2,6,9,18,16,10,0.0,10
Trap,2,5,0.5,0.05,0.5,0.05,False,0.007837167009711266,0.00033920901478268206,,33,26,19,29,9,175,39,10,0.0,10
Trap,3,5,0.5,0.05,0.5,0.05,False,0.007354125002166256,0.005459832987980917,,39,22,35,14,10,176,24,10,0.0,10
Trap,4,5,0.5,0.05,0.5,0.05,False,0.003999249980552122,0.0017050419992301613,,13,27,14,14,10,59,24,10,0.0,10
Trap,5,5,0.5,0.05,0.5,0.05,False,0.0057652499817777425,0.002614375000121072,,24,21,12,21,10,98,31,10,0.0,10
Trap,6,5,0.5,0.05,0.5,0.05,False,0.007535125012509525,0.0024231249990407377,,27,38,33,21,9,149,31,10,0.0,10
Trap,7,5,0.5,0.05,0.5,0.05,False,0.009700875001726672,0.0040474160050507635,,31,48,40,27,10,207,37,10,0.0,10
Trap,8,5,0.5,0.05,0.5,0.05,False,0.0019037079764530063,0.000258082989603281,,10,10,3,6,9,19,16,10,0.0,10
Trap,9,5,0.5,0.05,0.5,0.05,False,0.0059581669920589775,0.0034128749975934625,,34,22,25,19,10,118,29,10,0.0,10
Trap,10,5,0.5,0.05,0.5,0.05,False,0.001928209007019177,0.0003007920167874545,,11,10,3,7,9,19,17,10,0.0,10
Trap,11,5,0.5,0.05,0.5,0.05,False,0.0037566669925581664,0.00026412500301375985,,21,18,15,12,10,61,22,10,0.0,10
Trap,12,5,0.5,0.05,0.5,0.05,False,0.010655666992533952,0.0002840000088326633,,57,38,68,15,10,260,25,10,0.0,10
Trap,13,5,0.5,0.05,0.5,0.05,False,0.013470250007230788,0.0030772919999435544,,53,57,69,29,10,290,39,10,0.0,10
Trap,14,5,0.5,0.05,0.5,0.05,False,0.017095749994041398,0.00043191699660383165,,46,70,54,50,10,369,60,10,0.0,10
Trap,15,5,0.5,0.05,0.5,0.05,False,0.003981541987741366,0.00036595898563973606,,16,20,11,14,9,54,24,10,0.0,10
Trap,16,5,0.5,0.05,0.5,0.05,False,0.01369091699598357,0.00021033300436101854,,53,56,88,10,9,349,20,10,0.0,10
Trap,17,5,0.5,0.05,0.5,0.05,False,0.006323332985630259,0.004434000002220273,,28,27,30,13,10,153,23,10,0.0,10
Trap,18,5,0.5,0.05,0.5,0.05,False,0.0023590830096509308,0.0003301250108052045,,10,12,3,8,9,20,18,10,0.0,10
Trap,19,5,0.5,0.05,0.5,0.05,False,0.001626707991817966,0.00028787500923499465,,10,10,3,5,10,18,15,10,0.0,10
Trap,20,5,0.5,0.05,0.5,0.05,False,0.009437125001568347,0.006215291999978945,,45,29,31,31,10,185,41,10,0.0,10
Trap,21,5,0.5,0.05,0.5,0.05,False,0.007854332972783595,0.0002136249968316406,,30,41,49,10,10,190,20,10,0.0,10
Trap,22,5,0.5,0.05,0.5,0.05,False,0.0029111670155543834,0.0012518750154413283,,19,13,10,10,10,46,20,10,0.0,10
Trap,23,5,0.5,0.05,0.5,0.05,False,0.004132125002797693,0.0020368330006022006,,25,17,12,18,10,70,28,10,0.0,10
Trap,24,5,0.5,0.05,0.5,0.05,False,0.005011915985960513,0.002159999974537641,,19,20,13,15,9,84,25,10,0.0,10
Trap,25,5,0.5,0.05,0.5,0.05,False,0.01501529201050289,0.010592042002826929,,53,61,59,45,8,299,55,10,0.0,10
Trap,26,5,0.5,0.05,0.5,0.05,False,0.01047929099877365,0.0003828330081887543,,39,50,51,28,8,230,38,10,0.0,10
Trap,27,5,0.5,0.05,0.5,0.05,False,0.010900791006861255,0.0008198329887818545,,44,41,45,29,9,229,39,10,0.0,10
Trap,28,5,0.5,0.05,0.5,0.05,False,0.0047771249955985695,0.0008932909986469895,,30,15,19,15,9,103,25,10,0.0,10
Trap,29,5,0.5,0.05,0.5,0.05,False,0.0022038329916540533,0.00030129097285680473,,11,9,1,8,9,19,18,10,0.0,10
Trap,0,6,0.5,0.5,0.5,0.6,False,0.0024059159914031625,0.0003574579895939678,,10,18,10,7,9,28,17,10,0.0,10
Trap,1,6,0.5,0.5,0.5,0.6,False,0.005499334016349167,0.0003540840116329491,,24,20,20,14,8,128,24,10,0.0,10
Trap,2,6,0.5,0.5,0.5,0.6,False,0.026274000003468245,0.0009537079895380884,,74,89,120,33,8,621,43,10,0.0,10
Trap,3,6,0.5,0.5,0.5,0.6,False,0.004103666986338794,0.000679374992614612,,13,23,12,15,7,70,25,10,0.0,10
Trap,4,6,0.5,0.5,0.5,0.6,False,0.007260624988703057,0.000367375003406778,,28,38,34,21,9,152,31,10,0.0,10
Trap,5,6,0.5,0.5,0.5,0.6,False,0.05386874999385327,0.006823292002081871,,175,104,203,66,8,1099,76,10,0.0,10
Trap,6,6,0.5,0.5,0.5,0.6,False,0.0031732080096844584,0.0002858330262824893,,12,20,9,12,9,52,22,10,0.0,10
Trap,7,6,0.5,0.5,0.5,0.6,False,0.012518625007942319,0.0007151669997256249,,36,55,47,33,9,308,43,10,0.0,10
Trap,8,6,0.5,0.5,0.5,0.6,False,0.01682883402099833,0.0029751250112894922,,61,64,87,27,9,390,37,10,0.0,10
Trap,9,6,0.5,0.5,0.5,0.6,False,0.021512624982278794,0.010328874981496483,,80,69,105,35,7,493,45,10,0.0,10
Trap,10,6,0.5,0.5,0.5,0.6,False,0.02424662499106489,0.0011457919899839908,,88,82,136,24,8,573,34,10,0.0,10
Trap,11,6,0.5,0.5,0.5,0.6,False,0.024087708006845787,0.0003525000065565109,,66,96,106,47,7,554,57,10,0.0,10
Trap,12,6,0.5,0.5,0.5,0.6,False,0.017802333022700623,0.006526625016704202,,76,42,77,31,8,435,41,10,0.0,10
Trap,13,6,0.5,0.5,0.5,0.6,False,0.012509082996984944,0.009169875003863126,,47,46,48,34,9,292,44,10,0.0,10
Trap,14,6,0.5,0.5,0.5,0.6,False,0.008055416983552277,0.004937541991239414,,43,31,46,17,9,201,27,10,0.0,10
Trap,15,6,0.5,0.5,0.5,0.6,False,0.01703158300369978,0.005421540990937501,,46,68,60,44,8,365,54,10,0.0,10
Trap,16,6,0.5,0.5,0.5,0.6,False,0.003826667001703754,0.0011995000240858644,,19,18,11,16,8,54,26,10,0.0,10
Trap,17,6,0.5,0.5,0.5,0.6,False,0.022254499985137954,0.0004066250112373382,,96,46,98,35,7,575,45,10,0.0,10
Trap,18,6,0.5,0.5,0.5,0.6,False,0.00922599999466911,0.0015824580041226,,33,39,40,23,7,212,33,10,0.0,10
Trap,19,6,0.5,0.5,0.5,0.6,False,0.056048041995381936,0.0058818339894060045,,96,180,213,52,9,1208,62,10,0.0,10
Trap,20,6,0.5,0.5,0.5,0.6,False,0.0029925000271759927,0.00029608301701955497,,12,13,4,13,6,40,23,10,0.0,10
Trap,21,6,0.5,0.5,0.5,0.6,False,0.004884291993221268,0.0008434579940512776,,22,24,23,13,8,108,23,10,0.0,10
Trap,22,6,0.5,0.5,0.5,0.6,False,0.00776279202545993,0.0010603340051602572,,47,26,48,17,6,192,27,10,0.0,10
Trap,23,6,0.5,0.5,0.5,0.6,False,0.01029758300865069,0.0022139159846119583,,49,29,45,23,8,252,33,10,0.0,10
Trap,24,6,0.5,0.5,0.5,0.6,False,0.01802433401462622,0.0004022089997306466,,62,56,86,22,8,439,32,10,0.0,10
Trap,25,6,0.5,0.5,0.5,0.6,False,0.002025875000981614,0.000304083019727841,,9,10,1,7,9,17,17,10,0.0,10
Trap,26,6,0.5,0.5,0.5,0.6,False,0.0030269999988377094,0.0003724590060301125,,18,18,12,12,10,51,22,10,0.0,10
Trap,27,6,0.5,0.5,0.5,0.6,False,0.03484958299668506,0.001850291999289766,,124,95,186,23,8,803,33,10,0.0,10
Trap,28,6,0.5,0.5,0.5,0.6,False,0.005730083008529618,0.0031248750165104866,,27,23,16,24,8,105,34,10,0.0,10
Trap,29,6,0.5,0.5,0.5,0.6,False,0.015494291001232341,0.001985665992833674,,69,54,92,22,7,364,32,10,0.0,10
Trap,0,7,0.5,0.05,0.1,0.8,False,0.040856791980331764,0.0010207500017713755,,166,90,195,51,8,845,61,10,0.0,10
Trap,1,7,0.5,0.05,0.1,0.8,False,0.0045979169954080135,0.0007247499888762832,,25,20,23,12,8,76,22,10,0.0,10
Trap,2,7,0.5,0.05,0.1,0.8,False,0.01905745899421163,0.00032808398827910423,,44,103,116,19,10,485,29,10,0.0,10
Trap,3,7,0.5,0.05,0.1,0.8,False,0.038699083001120016,0.00055308299488388,,144,85,190,27,10,849,37,10,0.0,10
Trap,4,7,0.5,0.05,0.1,0.8,False,0.019272917008493096,0.0013582080136984587,,84,59,100,33,8,421,43,10,0.0,10
Trap,5,7,0.5,0.05,0.1,0.8,False,0.011724291020072997,0.00039820800884626806,,48,42,56,26,6,275,36,10,0.0,10
Trap,6,7,0.5,0.05,0.1,0.8,False,0.0037283750134520233,0.00032449999707750976,,18,14,14,12,4,52,22,10,0.0,10
Trap,7,7,0.5,0.05,0.1,0.8,False,0.039010166976368055,0.0023703339975327253,,121,102,166,51,4,835,61,10,0.0,10
Trap,8,7,0.5,0.05,0.1,0.8,False,0.01341149999643676,0.0005287079839035869,,54,54,63,33,10,280,43,10,0.0,10
Trap,9,7,0.5,0.05,0.1,0.8,False,0.008309249999001622,0.00038079198566265404,,40,37,50,18,7,190,28,10,0.0,10
Trap,10,7,0.5,0.05,0.1,0.8,False,0.029945540998596698,0.004131833004066721,,62,115,130,39,6,667,49,10,0.0,10
Trap,11,7,0.5,0.05,0.1,0.8,False,0.05843312499928288,0.0012442909937817603,,209,106,248,60,5,1167,70,10,0.0,10
Trap,12,7,0.5,0.05,0.1,0.8,False,0.025318542000604793,0.004679999983636662,,84,99,139,33,9,522,43,10,0.0,10
Trap,13,7,0.5,0.05,0.1,0.8,False,0.015820207976503298,0.0008803749806247652,,87,46,87,35,9,320,45,10,0.0,10
Trap,14,7,0.5,0.05,0.1,0.8,False,0.006408332992577925,0.000502042006701231,,32,22,31,15,6,132,25,10,0.0,10
Trap,15,7,0.5,0.05,0.1,0.8,False,0.02853529099957086,0.0004707500047516078,,95,70,122,36,5,684,46,10,0.0,10
Trap,16,7,0.5,0.05,0.1,0.8,False,0.027974083001026884,0.003766042005736381,,82,86,101,58,7,563,68,10,0.0,10
Trap,17,7,0.5,0.05,0.1,0.8,False,0.02699062498868443,0.0006607499963138252,,80,87,115,42,8,578,52,10,0.0,10
Trap,18,7,0.5,0.05,0.1,0.8,False,0.010818791983183473,0.00034929197863675654,,42,42,45,28,9,248,38,10,0.0,10
Trap,19,7,0.5,0.05,0.1,0.8,False,0.009624124999390915,0.0015619999903719872,,61,30,54,29,6,189,39,10,0.0,10
Trap,20,7,0.5,0.05,0.1,0.8,False,0.02044279099209234,0.0010586249991320074,,60,66,79,42,3,485,52,10,0.0,10
Trap,21,7,0.5,0.05,0.1,0.8,False,0.03720908402465284,0.001090208999812603,,118,98,151,55,8,798,65,10,0.0,10
Trap,22,7,0.5,0.05,0.1,0.8,False,0.011542958003701642,0.006905125017510727,,51,41,39,44,7,179,54,10,0.0,10
Trap,23,7,0.5,0.05,0.1,0.8,True,0.03622212499612942,0.0008010829915292561,0.03619095799513161,114,109,183,35,3,750,39,3,32.62922341589126,4
Trap,24,7,0.5,0.05,0.1,0.8,False,0.008507832972100005,0.0007548329886049032,,43,33,49,17,8,196,27,10,0.0,10
Trap,25,7,0.5,0.05,0.1,0.8,False,0.127237790991785,0.00036858298699371517,,142,114,210,38,6,920,48,10,0.0,10
Trap,26,7,0.5,0.05,0.1,0.8,False,0.015588375012157485,0.0003326250007376075,,78,37,85,22,6,401,32,10,0.0,10
Trap,27,7,0.5,0.05,0.1,0.8,False,0.010644291003700346,0.00039212501724250615,,34,50,52,24,6,253,34,10,0.0,10
Trap,28,7,0.5,0.05,0.1,0.8,False,0.03980524998041801,0.0032244999893009663,,146,106,195,48,7,717,58,10,0.0,10
Trap,29,7,0.5,0.05,0.1,0.8,False,0.03965391599922441,0.0027984580083284527,,124,94,164,46,6,863,56,10,0.0,10
Trap,0,8,0.5,0.05,0.0,0.6,False,0.016832041990710422,0.0006192500004544854,,71,57,80,40,6,329,50,10,0.0,10
Trap,1,8,0.5,0.05,0.0,0.6,False,0.009802584012504667,0.00219783402280882,,43,52,62,26,5,173,36,10,0.0,10
Trap,2,8,0.5,0.05,0.0,0.6,False,0.0059325410111341625,0.000521208014106378,,28,31,34,14,9,113,24,10,0.0,10
Trap,3,8,0.5,0.05,0.0,0.6,False,0.017642874998273328,0.0017669999797362834,,75,70,95,42,6,329,52,10,0.0,10
Trap,4,8,0.5,0.05,0.0,0.6,False,0.018130250013200566,0.0006554590072482824,,74,65,92,37,8,377,47,10,0.0,10
Trap,5,8,0.5,0.05,0.0,0.6,False,0.0030196250008884817,0.0003642920055426657,,13,14,7,12,6,27,22,10,0.0,10
Trap,6,8,0.5,0.05,0.0,0.6,True,0.011848750000353903,0.002563374990131706,0.011820082989288494,56,43,52,40,5,169,47,6,39.520800104640855,7
Trap,7,8,0.5,0.05,0.0,0.6,False,0.018964874994708225,0.003043250006157905,,79,76,95,50,8,333,60,10,0.0,10
Trap,8,8,0.5,0.05,0.0,0.6,False,0.008973415999207646,0.0009042499877978116,,45,49,68,16,8,166,26,10,0.0,10
Trap,9,8,0.5,0.05,0.0,0.6,False,0.01433991699013859,0.00131533297826536,,52,68,65,47,6,204,57,10,0.0,10
Trap,10,8,0.5,0.05,0.0,0.6,False,0.0047047080006450415,0.00036583299515768886,,21,17,17,13,6,67,23,10,0.0,10
Trap,11,8,0.5,0.05,0.0,0.6,False,0.004913500015391037,0.0006543750059790909,,29,18,18,18,9,55,28,10,0.0,10
Trap,12,8,0.5,0.05,0.0,0.6,False,0.014353542006574571,0.002269250020617619,,53,63,60,49,5,230,59,10,0.0,10
Trap,13,8,0.5,0.05,0.0,0.6,False,0.020204832981107756,0.007165582996094599,,90,79,106,55,6,331,65,10,0.0,10
Trap,14,8,0.5,0.05,0.0,0.6,False,0.014365500013809651,0.0005205830093473196,,51,80,94,30,5,278,40,10,0.0,10
Trap,15,8,0.5,0.05,0.0,0.6,False,0.005990624980768189,0.000553791003767401,,28,27,19,26,8,103,36,10,0.0,10
Trap,16,8,0.5,0.05,0.0,0.6,False,0.005844333994900808,0.0022346250189002603,,18,27,17,20,6,52,30,10,0.0,10
Trap,17,8,0.5,0.05,0.0,0.6,False,0.008040958986384794,0.0003617919865064323,,37,33,32,29,7,134,39,10,0.0,10
Trap,18,8,0.5,0.05,0.0,0.6,True,0.023548750003101304,0.0018164590001106262,0.02351620901026763,97,98,151,37,5,402,45,7,41.61225437047237,8
Trap,19,8,0.5,0.05,0.0,0.6,False,0.008695833006640896,0.0005275419971439987,,34,40,39,25,8,183,35,10,0.0,10
Trap,20,8,0.5,0.05,0.0,0.6,False,0.008059875020990148,0.0007612500048708171,,33,45,47,23,6,156,33,10,0.0,10
Trap,21,8,0.5,0.05,0.0,0.6,True,0.01906820898875594,0.003888209001161158,0.019042583997361362,80,72,102,43,5,313,51,7,37.675587239595096,8
Trap,22,8,0.5,0.05,0.0,0.6,False,0.013667082996107638,0.001499916019383818,,72,62,86,38,8,230,48,10,0.0,10
Trap,23,8,0.5,0.05,0.0,0.6,False,0.010356624989071861,0.0003518330049701035,,36,51,55,25,5,198,35,10,0.0,10
Trap,24,8,0.5,0.05,0.0,0.6,False,0.002892832999350503,0.000611333001870662,,12,16,7,10,9,28,20,10,0.0,10
Trap,25,8,0.5,0.05,0.0,0.6,False,0.018098749977070838,0.0016732919903006405,,62,74,83,44,7,347,54,10,0.0,10
Trap,26,8,0.5,0.05,0.0,0.6,False,0.009923125006025657,0.0017402920057065785,,44,58,63,31,6,179,41,10,0.0,10
Trap,27,8,0.5,0.05,0.0,0.6,False,0.013243666995549574,0.0008794589957688004,,66,53,93,18,6,275,28,10,0.0,10
Trap,28,8,0.5,0.05,0.0,0.6,False,0.008290167024824768,0.0011859590013045818,,46,35,49,24,6,135,34,10,0.0,10
Trap,29,8,0.5,0.05,0.0,0.6,False,0.008234708977397531,0.0034850839874707162,,40,33,35,28,8,110,38,10,0.0,10
Trap,0,9,0.5,0.05,0.95,0.6,False,0.004362040985142812,0.00023449998116120696,,13,26,17,11,9,111,21,10,0.0,10
Trap,1,9,0.5,0.05,0.95,0.6,False,0.010811459011165425,0.0002304170047864318,,35,32,40,16,9,332,26,10,0.0,10
Trap,2,9,0.5,0.05,0.95,0.6,False,0.061459667020244524,,,43,34,75,0,0,2350,0,0,0.0,0
Trap,3,9,0.5,0.05,0.95,0.6,False,0.0599819170020055,,,38,34,70,0,0,2364,0,0,0.0,0
Trap,4,9,0.5,0.05,0.95,0.6,False,0.06122129102004692,,,42,34,74,0,0,2349,0,0,0.0,0
Trap,5,9,0.5,0.05,0.95,0.6,False,0.06099891700432636,,,40,41,79,0,0,2340,0,0,0.0,0
Trap,6,9,0.5,0.05,0.95,0.6,False,0.05869995802640915,,,36,30,64,0,0,2370,0,0,0.0,0
Trap,7,9,0.5,0.05,0.95,0.6,False,0.0717346669989638,0.055501374998129904,,78,62,111,17,10,2588,27,10,0.0,10
Trap,8,9,0.5,0.05,0.95,0.6,False,0.049244458990870044,0.04683595901587978,,43,30,29,32,10,1871,42,10,0.0,10
Trap,9,9,0.5,0.05,0.95,0.6,False,0.06239750000531785,,,47,36,81,0,0,2353,0,0,0.0,0
Trap,10,9,0.5,0.05,0.95,0.6,False,0.020098459004657343,0.005463999987114221,,81,20,69,21,9,675,31,10,0.0,10
Trap,11,9,0.5,0.05,0.95,0.6,False,0.059738292009569705,,,42,28,68,0,0,2345,0,0,0.0,0
Trap,12,9,0.5,0.05,0.95,0.6,False,0.05990133399609476,,,33,47,78,0,0,2333,0,0,0.0,0
Trap,13,9,0.5,0.05,0.95,0.6,False,0.03357987498748116,0.01797674997942522,,77,19,67,20,7,1253,30,10,0.0,10
Trap,14,9,0.5,0.05,0.95,0.6,False,0.06181758298771456,,,43,39,80,0,0,2338,0,0,0.0,0
Trap,15,9,0.5,0.05,0.95,0.6,False,0.012827124999603257,0.00024833300267346203,,58,11,35,23,9,423,33,10,0.0,10
Trap,16,9,0.5,0.05,0.95,0.6,False,0.062251333001768216,,,42,43,83,0,0,2334,0,0,0.0,0
Trap,17,9,0.5,0.05,0.95,0.6,False,0.07009958400158212,0.0002616250130813569,,93,145,193,34,9,1738,44,10,0.0,10
Trap,18,9,0.5,0.05,0.95,0.6,False,0.16125925001688302,,,46,35,79,0,0,2332,0,0,0.0,0
Trap,19,9,0.5,0.05,0.95,0.6,False,0.05777800001669675,,,42,17,57,0,0,2388,0,0,0.0,0
Trap,20,9,0.5,0.05,0.95,0.6,False,0.05961491700145416,,,39,28,65,0,0,2372,0,0,0.0,0
Trap,21,9,0.5,0.05,0.95,0.6,False,0.06132104102289304,,,43,40,81,0,0,2332,0,0,0.0,0
Trap,22,9,0.5,0.05,0.95,0.6,False,0.005540417012525722,0.0002980419958475977,,19,25,19,14,9,129,24,10,0.0,10
Trap,23,9,0.5,0.05,0.95,0.6,False,0.06070520798675716,,,41,39,78,0,0,2343,0,0,0.0,0
Trap,24,9,0.5,0.05,0.95,0.6,False,0.015095499984454364,0.0002820419904310256,,86,12,71,17,8,477,27,10,0.0,10
Trap,25,9,0.5,0.05,0.95,0.6,False,0.06156216701492667,,,43,27,68,0,0,2372,0,0,0.0,0
Trap,26,9,0.5,0.05,0.95,0.6,False,0.060174542013555765,,,38,31,67,0,0,2350,0,0,0.0,0
Trap,27,9,0.5,0.05,0.95,0.6,False,0.012261957977898419,0.00026158298715017736,,44,25,37,21,9,388,31,10,0.0,10
Trap,28,9,0.5,0.05,0.95,0.6,False,0.06116104201646522,,,52,35,85,0,0,2300,0,0,0.0,0
Trap,29,9,0.5,0.05,0.95,0.6,False,0.03590412499033846,0.0006129579851403832,,103,51,109,33,10,1048,43,10,0.0,10
Trap,0,10,0.5,0.01,0.5,0.6,False,0.01088637500652112,0.00374979100888595,,47,42,55,25,7,248,35,10,0.0,10
Trap,1,10,0.5,0.01,0.5,0.6,False,0.007433999999193475,0.0006864999886602163,,23,35,22,24,10,160,34,10,0.0,10
Trap,2,10,0.5,0.01,0.5,0.6,False,0.026185291004367173,0.00582158297766,,100,64,121,34,7,643,44,10,0.0,10
Trap,3,10,0.5,0.01,0.5,0.6,False,0.012966916023287922,0.004077833000337705,,44,45,55,25,7,349,35,10,0.0,10
Trap,4,10,0.5,0.01,0.5,0.6,False,0.019404124992433935,0.00028545799432322383,,84,45,84,33,10,495,43,10,0.0,10
Trap,5,10,0.5,0.01,0.5,0.6,False,0.0020995000086259097,0.00026058399816975,,18,5,6,7,8,21,17,10,0.0,10
Trap,6,10,0.5,0.01,0.5,0.6,False,0.015545041009318084,0.0002681250043679029,,51,58,67,32,8,397,42,10,0.0,10
Trap,7,10,0.5,0.01,0.5,0.6,False,0.01243654201971367,0.0003982920025009662,,59,37,52,34,8,262,44,10,0.0,10
Trap,8,10,0.5,0.01,0.5,0.6,False,0.0030995840206742287,0.0002853750193025917,,20,17,17,8,10,52,18,10,0.0,10
Trap,9,10,0.5,0.01,0.5,0.6,False,0.011952249973546714,0.0012397919781506062,,55,37,58,23,9,289,33,10,0.0,10
Trap,10,10,0.5,0.01,0.5,0.6,False,0.019920333987101912,0.007197333994554356,,88,58,110,26,8,468,36,10,0.0,10
Trap,11,10,0.5,0.01,0.5,0.6,False,0.00923570798477158,0.0002764579840004444,,56,21,51,16,8,246,26,10,0.0,10
Trap,12,10,0.5,0.01,0.5,0.6,False,0.01905966698541306,0.00021525000920519233,,76,49,89,28,6,501,38,10,0.0,10
Trap,13,10,0.5,0.01,0.5,0.6,False,0.010665707988664508,0.0008189170039258897,,38,49,60,17,8,270,27,10,0.0,10
Trap,14,10,0.5,0.01,0.5,0.6,False,0.011319999990519136,0.00027358299121260643,,48,48,78,8,8,275,18,10,0.0,10
Trap,15,10,0.5,0.01,0.5,0.6,False,0.0036338749923743308,0.001619832997675985,,17,21,14,13,9,59,23,10,0.0,10
Trap,16,10,0.5,0.01,0.5,0.6,False,0.031686792004620656,0.0004079580248799175,,116,100,176,29,9,695,39,10,0.0,10
Trap,17,10,0.5,0.01,0.5,0.6,False,0.037100540997926146,0.00024741599918343127,,137,63,160,29,9,895,39,10,0.0,10
Trap,18,10,0.5,0.01,0.5,0.6,False,0.006862583017209545,0.00033204100327566266,,27,45,49,12,9,149,22,10,0.0,10
Trap,19,10,0.5,0.01,0.5,0.6,False,0.004889749980065972,0.000352540984749794,,23,21,22,12,8,92,22,10,0.0,10
Trap,20,10,0.5,0.01,0.5,0.6,False,0.019226125004934147,0.00025204202393069863,,54,57,73,27,9,505,37,10,0.0,10
Trap,21,10,0.5,0.01,0.5,0.6,False,0.027567042008740827,0.002774332999251783,,105,87,155,25,10,630,35,10,0.0,10
Trap,22,10,0.5,0.01,0.5,0.6,False,0.015358541975729167,0.011279916972853243,,65,45,68,30,10,364,40,10,0.0,10
Trap,23,10,0.5,0.01,0.5,0.6,False,0.022288582986220717,0.0012109169911127537,,72,91,124,29,8,508,39,10,0.0,10
Trap,24,10,0.5,0.01,0.5,0.6,False,0.011526249989401549,0.0003382079885341227,,47,41,58,20,8,280,30,10,0.0,10
Trap,25,10,0.5,0.01,0.5,0.6,False,0.02190087499911897,0.005701874993974343,,98,55,115,29,7,522,39,10,0.0,10
Trap,26,10,0.5,0.01,0.5,0.6,False,0.011100500007160008,0.002376250020461157,,55,36,50,31,8,250,41,10,0.0,10
Trap,27,10,0.5,0.01,0.5,0.6,False,0.012260417017387226,0.00029591700877062976,,40,54,58,25,9,312,35,10,0.0,10
Trap,28,10,0.5,0.01,0.5,0.6,False,0.002392540976870805,0.00025183300022035837,,7,13,1,9,8,19,19,10,0.0,10
Trap,29,10,0.5,0.01,0.5,0.6,False,0.005751208984293044,0.0013204999850131571,,23,24,12,24,9,106,34,10,0.0,10
Fat bottleneck,0,0,0.5,0.05,0.5,0.6,True,0.009252707997802645,0.0046573329891543835,0.009225540998158976,26,29,27,25,1,140,27,1,31.10382506290842,2
Fat bottleneck,1,0,0.5,0.05,0.5,0.6,True,0.018193166004493833,0.004962624981999397,0.018159375002142042,64,48,86,22,2,341,26,3,29.583578545196605,4
Fat bottleneck,2,0,0.5,0.05,0.5,0.6,True,0.014152291027130559,0.005528625013539568,0.014123208005912602,41,58,64,30,3,256,34,3,31.381474057064008,4
Fat bottleneck,3,0,0.5,0.05,0.5,0.6,True,0.028694707987597212,0.008248666999861598,0.028665457997703925,65,104,130,33,4,553,39,5,33.077933422419406,6
Fat bottleneck,4,0,0.5,0.05,0.5,0.6,True,0.010211707995040342,0.004215082997689024,0.010182458005147055,36,34,35,28,5,155,36,7,29.83389764632886,8
Fat bottleneck,5,0,0.5,0.05,0.5,0.6,True,0.021730624983320013,0.00417133400333114,0.021703833976062015,75,65,106,29,3,432,34,4,31.529554492435807,5
Fat bottleneck,6,0,0.5,0.05,0.5,0.6,True,0.08634499998879619,0.007572959002573043,0.08630912500666454,114,250,325,35,2,1527,38,2,33.08283315753627,3
Fat bottleneck,7,0,0.5,0.05,0.5,0.6,True,0.00655283301603049,0.002263041998958215,0.006529958016471937,19,18,14,20,1,79,22,1,28.8120733576158,2
Fat bottleneck,8,0,0.5,0.05,0.5,0.6,True,0.011586207983782515,0.004171666980255395,0.011559166974620894,31,24,19,31,3,156,38,6,31.453412337474433,7
Fat bottleneck,9,0,0.5,0.05,0.5,0.6,True,0.005150667013367638,0.0014579580165445805,0.005131250014528632,15,14,8,18,1,43,20,1,28.112107680002996,2
Fat bottleneck,10,0,0.5,0.05,0.5,0.6,True,0.0976511669869069,0.0684283750015311,0.09762570899329148,221,184,377,22,4,1447,27,4,28.540690237187924,5
Fat bottleneck,11,0,0.5,0.05,0.5,0.6,True,0.01116920800996013,0.006787374994019046,0.01114449999295175,32,33,40,23,0,162,25,1,38.17913034482314,2
Fat bottleneck,12,0,0.5,0.05,0.5,0.6,True,0.11394320899853483,0.01700312498724088,0.11390999998548068,149,292,397,40,2,1834,46,5,29.576893024570126,6
Fat bottleneck,13,0,0.5,0.05,0.5,0.6,True,0.027200000011362135,0.006355457997415215,0.027173916023457423,82,62,113,26,3,554,30,3,30.15396287374187,4
Fat bottleneck,14,0,0.5,0.05,0.5,0.6,True,0.03543904100661166,0.008326957991812378,0.03540920800878666,70,135,165,32,6,689,40,7,31.072839850798953,8
Fat bottleneck,15,0,0.5,0.05,0.5,0.6,True,0.017216499982168898,0.012383541994495317,0.01718862500274554,54,49,69,30,2,307,34,3,35.94769528311909,4
Fat bottleneck,16,0,0.5,0.05,0.5,0.6,True,0.012318541994318366,0.008134542003972456,0.012291874998481944,30,46,49,25,0,190,26,0,33.10595666224489,1
Fat bottleneck,17,0,0.5,0.05,0.5,0.6,True,0.01232249999884516,0.004642208979930729,0.012299499998334795,44,41,61,21,1,195,23,1,31.63456882394978,2
Fat bottleneck,18,0,0.5,0.05,0.5,0.6,True,0.012057459010975435,0.005757250008173287,0.012030209007207304,37,47,51,27,4,208,33,5,33.195675971597176,6
Fat bottleneck,19,0,0.5,0.05,0.5,0.6,True,0.007253166986629367,0.003688708005938679,0.007231750001665205,21,26,25,20,0,87,21,0,29.291024956974052,1
Fat bottleneck,20,0,0.5,0.05,0.5,0.6,True,0.03199095799936913,0.004970957990735769,0.03196150000439957,147,69,190,23,1,576,25,1,32.09514234881606,2
Fat bottleneck,21,0,0.5,0.05,0.5,0.6,True,0.009192083001835272,0.0032610829803161323,0.009171082987450063,34,38,47,20,3,125,24,3,29.939291556640615,4
Fat bottleneck,22,0,0.5,0.05,0.5,0.6,True,0.010331208992283791,0.0065007499943021685,0.010306417010724545,30,37,41,24,0,157,25,0,31.757177879082768,1
Fat bottleneck,23,0,0.5,0.05,0.5,0.6,True,0.008766457991441712,0.005532665993086994,0.008744999999180436,25,34,36,21,0,136,22,0,29.1079527907609,1
Fat bottleneck,24,0,0.5,0.05,0.5,0.6,True,0.06948408301104791,0.003787041991017759,0.06945337500656024,238,100,300,34,2,1264,38,3,29.7610312288732,4
Fat bottleneck,25,0,0.5,0.05,0.5,0.6,True,0.07159133299137466,0.01045366597827524,0.0715567079896573,106,227,290,39,2,1232,43,3,32.021620110480406,4
Fat bottleneck,26,0,0.5,0.05,0.5,0.6,True,0.012513124995166436,0.006463541998527944,0.012482208985602483,41,37,39,34,3,216,40,5,32.05071457568099,6
Fat bottleneck,27,0,0.5,0.05,0.5,0.6,True,0.012897291977424175,0.006594167003640905,0.012869166996097192,31,55,50,28,6,203,37,8,30.89625764245621,9
Fat bottleneck,28,0,0.5,0.05,0.5,0.6,True,0.009536583005683497,0.005494208016898483,0.009509458002867177,21,33,26,26,0,138,27,0,29.664316127215073,1
Fat bottleneck,29,0,0.5,0.05,0.5,0.6,True,0.16118649998679757,0.13569941598689184,0.16114991600625217,141,81,171,44,5,753,53,8,33.53306632127318,9
Fat bottleneck,0,1,1.0,0.05,0.5,0.6,True,0.009836917015491053,0.005847874999744818,0.009807833994273096,21,38,28,28,1,149,30,1,31.419262953283887,2
Fat bottleneck,1,1,1.0,0.05,0.5,0.6,True,0.008118375000776723,0.001792750001186505,0.00809604101232253,29,27,28,23,3,96,28,4,29.69226900418007,5
Fat bottleneck,2,1,1.0,0.05,0.5,0.6,True,0.02679779098252766,0.008354749996215105,0.026770165975904092,102,54,123,30,1,524,35,4,29.98066776500011,5
Fat bottleneck,3,1,1.0,0.05,0.5,0.6,True,0.006837583991000429,0.0014386670081876218,0.006816750013967976,22,19,18,19,2,85,22,2,30.087169669155855,3
Fat bottleneck,4,1,1.0,0.05,0.5,0.6,True,0.008277209009975195,0.003634042019257322,0.008252125000581145,31,21,24,25,1,88,27,1,30.43849612346986,2
Fat bottleneck,5,1,1.0,0.05,0.5,0.6,True,0.016142333013704047,0.006540083006257191,0.016111666016513482,54,64,75,33,8,273,42,8,30.56626939431121,9
Fat bottleneck,6,1,1.0,0.05,0.5,0.6,True,0.012864707998232916,0.008846207987517118,0.012838958005886525,41,40,54,25,0,206,26,0,30.60964995519551,1
Fat bottleneck,7,1,1.0,0.05,0.5,0.6,True,0.02418158302316442,0.020202291023451835,0.024152166006388143,69,81,118,30,0,426,31,0,34.843942133729115,1
Fat bottleneck,8,1,1.0,0.05,0.5,0.6,True,0.039251707989024,0.002430958003969863,0.03921950000221841,140,90,190,34,4,755,39,4,33.10462724271829,5
Fat bottleneck,9,1,1.0,0.05,0.5,0.6,True,0.011173250008141622,0.006179292016895488,0.011148791993036866,41,29,37,26,5,166,34,7,36.92238846172614,8
Fat bottleneck,10,1,1.0,0.05,0.5,0.6,True,0.009801457985304296,0.005039832991315052,0.009771666984306648,39,27,33,27,4,143,33,5,30.50546894703989,6
Fat bottleneck,11,1,1.0,0.05,0.5,0.6,True,0.010705958993639797,0.00490329199237749,0.010668208997230977,39,24,29,31,1,155,34,2,30.75903536246392,3
Fat bottleneck,12,1,1.0,0.05,0.5,0.6,True,0.07999454101081938,0.003597125003580004,0.07995970800402574,107,240,309,34,2,1424,39,4,34.96376492024159,5
Fat bottleneck,13,1,1.0,0.05,0.5,0.6,True,0.040608375013107434,0.004385625012218952,0.04057295899838209,155,80,196,33,4,795,38,4,30.350420722432997,5
Fat bottleneck,14,1,1.0,0.05,0.5,0.6,False,0.007861707999836653,0.002533416001824662,,22,29,16,26,7,84,36,10,0.0,10
Fat bottleneck,15,1,1.0,0.05,0.5,0.6,True,0.010547374986344948,0.00641487498069182,0.010517832997720689,39,31,42,26,0,151,27,0,31.919017591643026,1
Fat bottleneck,16,1,1.0,0.05,0.5,0.6,True,0.013816541992127895,0.008695833006640896,0.013791208009934053,45,41,51,30,3,214,34,3,31.898807945873255,4
Fat bottleneck,17,1,1.0,0.05,0.5,0.6,True,0.0780532079807017,0.011235207988647744,0.07801037500030361,195,137,270,57,3,1337,62,4,35.61176901263839,5
Fat bottleneck,18,1,1.0,0.05,0.5,0.6,True,0.016738584003178403,0.010905667004408315,0.01670583401573822,60,48,69,35,2,274,40,4,35.02661050908732,5
Fat bottleneck,19,1,1.0,0.05,0.5,0.6,True,0.058605333004379645,0.054263416008325294,0.058574333001160994,137,143,249,29,0,984,30,0,39.55812572789747,1
Fat bottleneck,20,1,1.0,0.05,0.5,0.6,True,0.01821350000682287,0.011749917000997812,0.01818175002699718,57,63,83,33,2,336,36,2,31.26452427547488,3
Fat bottleneck,21,1,1.0,0.05,0.5,0.6,False,0.011195832979865372,0.0028639999800361693,,33,46,41,27,9,185,37,10,0.0,10
Fat bottleneck,22,1,1.0,0.05,0.5,0.6,True,0.0112660420127213,0.006132959009846672,0.01123729202663526,44,28,43,26,1,179,29,2,30.98143417925236,3
Fat bottleneck,23,1,1.0,0.05,0.5,0.6,True,0.008088707982096821,0.005119250010466203,0.008067249989835545,27,26,31,20,0,124,21,0,28.75765034395605,1
Fat bottleneck,24,1,1.0,0.05,0.5,0.6,True,0.012140790990088135,0.0057912909833248705,0.012110874988138676,41,33,35,34,3,168,39,4,36.880467926418774,5
Fat bottleneck,25,1,1.0,0.05,0.5,0.6,True,0.01462724999873899,0.011020708974683657,0.014593708998290822,40,45,49,34,0,256,35,0,31.42955569802505,1
Fat bottleneck,26,1,1.0,0.05,0.5,0.6,True,0.007090791972586885,0.0016499999910593033,0.007065749989124015,21,25,18,25,1,88,28,2,30.761545181889954,3
Fat bottleneck,27,1,1.0,0.05,0.5,0.6,True,0.010918082989519462,0.007513082993682474,0.010891999991144985,27,41,39,27,0,186,28,0,31.71032571848356,1
Fat bottleneck,28,1,1.0,0.05,0.5,0.6,True,0.007492666016332805,0.0014861660019960254,0.007470541022485122,28,23,26,21,2,94,25,3,30.244472982354303,4
Fat bottleneck,29,1,1.0,0.05,0.5,0.6,True,0.07497083401540294,0.005472209013532847,0.07493795899790712,229,124,303,42,6,1316,50,7,32.403639771867894,8
Fat bottleneck,0,2,0.5,0.05,0.7,0.6,True,0.042196458991384134,0.009595958981662989,0.04217016699840315,57,152,182,24,1,936,26,1,30.801322964994775,2
Fat bottleneck,1,2,0.5,0.05,0.7,0.6,False,0.010248999984469265,0.003902249998645857,,31,42,35,28,8,184,38,10,0.0,10
Fat bottleneck,2,2,0.5,0.05,0.7,0.6,False,0.09002462498028763,,,150,165,313,0,0,1747,0,0,0.0,0
Fat bottleneck,3,2,0.5,0.05,0.7,0.6,True,0.01935704200877808,0.012567541998578236,0.019320874998811632,54,53,55,46,4,368,54,7,34.1590046227029,8
Fat bottleneck,4,2,0.5,0.05,0.7,0.6,True,0.11877812500461005,0.009918833005940542,0.11873929100693204,110,335,381,59,3,2087,63,3,34.01550708381905,4
Fat bottleneck,5,2,0.5,0.05,0.7,0.6,False,0.006994625000515953,0.0016867920057848096,,19,30,15,23,9,89,33,10,0.0,10
Fat bottleneck,6,2,0.5,0.05,0.7,0.6,True,0.02643812500173226,0.02122249998501502,0.02639195800293237,47,76,69,48,4,574,55,6,37.36346435194584,7
Fat bottleneck,7,2,0.5,0.05,0.7,0.6,False,0.009814999997615814,0.0036986659979447722,,29,36,29,24,10,174,34,10,0.0,10
Fat bottleneck,8,2,0.5,0.05,0.7,0.6,True,0.08093912500771694,0.005502749991137534,0.08090508301393129,271,100,329,34,6,1584,42,7,29.538070987272498,8
Fat bottleneck,9,2,0.5,0.05,0.7,0.6,True,0.021429667016491294,0.006642833002842963,0.02139462501509115,60,55,69,38,6,474,47,8,34.16227211246145,9
Fat bottleneck,10,2,0.5,0.05,0.7,0.6,True,0.01673512501292862,0.011765583010856062,0.016705208021448925,55,47,64,34,2,316,37,2,34.58736297294143,3
Fat bottleneck,11,2,0.5,0.05,0.7,0.6,True,0.0316734169900883,0.004681499995058402,0.03164704199298285,45,142,154,28,3,766,33,4,29.559723981244144,5
Fat bottleneck,12,2,0.5,0.05,0.7,0.6,True,0.011885417014127597,0.007106417004251853,0.01185762500972487,37,29,34,28,2,222,31,2,30.8970878611805,3
Fat bottleneck,13,2,0.5,0.05,0.7,0.6,True,0.13376695799524896,0.08776933298213407,0.13373083298210986,236,189,384,36,3,2323,40,3,30.285100039465995,4
Fat bottleneck,14,2,0.5,0.05,0.7,0.6,True,0.019758042006287724,0.0032505830167792737,0.01972766700782813,62,63,88,29,6,401,36,6,30.412939121893917,7
Fat bottleneck,15,2,0.5,0.05,0.7,0.6,True,0.05636508300085552,0.0074773750093299896,0.056337457994231954,189,71,226,30,2,1253,33,2,31.678989503631026,3
Fat bottleneck,16,2,0.5,0.05,0.7,0.6,True,0.020774542004801333,0.017007999995257705,0.020738374994834885,44,60,66,36,0,481,37,0,31.715948750508577,1
Fat bottleneck,17,2,0.5,0.05,0.7,0.6,True,0.008026583003811538,0.004363583022495732,0.008001792011782527,14,22,10,24,0,140,25,0,32.09350169102004,1
Fat bottleneck,18,2,0.5,0.05,0.7,0.6,True,0.016940250003244728,0.00820574999670498,0.01691154099535197,34,64,67,28,1,361,30,1,31.21197642656929,2
Fat bottleneck,19,2,0.5,0.05,0.7,0.6,True,0.03758554201340303,0.01896991700050421,0.03755841701058671,64,116,146,31,1,863,33,1,31.02678258304066,2
Fat bottleneck,20,2,0.5,0.05,0.7,0.6,True,0.016022583993617445,0.012365583999780938,0.015985875012120232,37,52,48,39,0,343,40,0,33.856496519465146,1
Fat bottleneck,21,2,0.5,0.05,0.7,0.6,True,0.011898500000825152,0.005181334010558203,0.011866334010846913,35,39,37,33,2,223,36,2,30.51254958118681,3
Fat bottleneck,22,2,0.5,0.05,0.7,0.6,True,0.0054207079811021686,0.00045341599616222084,0.005403165996540338,13,11,4,16,2,68,20,3,31.837879422375632,4
Fat bottleneck,23,2,0.5,0.05,0.7,0.6,True,0.011884709005244076,0.0049140000191982836,0.011860416998388246,26,31,30,24,1,210,26,1,32.347351227200456,2
Fat bottleneck,24,2,0.5,0.05,0.7,0.6,True,0.01847741598612629,0.01280695799505338,0.018443457985995337,44,59,64,35,2,404,38,2,29.840695461672937,3
Fat bottleneck,25,2,0.5,0.05,0.7,0.6,True,0.010919374995864928,0.006046666007023305,0.010891790996538475,26,31,26,28,1,225,30,1,30.135434334851087,2
Fat bottleneck,26,2,0.5,0.05,0.7,0.6,True,0.01081908302148804,0.007230583025375381,0.010788958024932072,28,26,21,31,0,219,32,0,31.879478800697278,1
Fat bottleneck,27,2,0.5,0.05,0.7,0.6,True,0.014218750002328306,0.010215875023277476,0.014187624998157844,36,36,36,32,2,293,35,2,29.584003654988752,3
Fat bottleneck,28,2,0.5,0.05,0.7,0.6,True,0.03206279201549478,0.027515624999068677,0.032021834020270035,74,68,98,42,0,694,44,1,32.757228859569985,2
Fat bottleneck,29,2,0.5,0.05,0.7,0.6,True,0.05761266700574197,0.010461708006914705,0.057585000002291054,81,176,220,33,2,1171,36,2,30.130202240018765,3
Fat bottleneck,0,3,1.0,0.2,0.3,0.6,True,0.013991416984936222,0.008053917001234367,0.013957084011053666,46,41,48,36,1,215,38,1,34.733676501378326,2
Fat bottleneck,1,3,1.0,0.2,0.3,0.6,True,0.01512237498536706,0.01112270899466239,0.01509695898857899,46,57,76,25,0,238,26,0,33.996586818428845,1
Fat bottleneck,2,3,1.0,0.2,0.3,0.6,True,0.009553874988341704,0.004592666984535754,0.009530207986244932,26,35,31,27,1,111,31,3,33.34546605007645,4
Fat bottleneck,3,3,1.0,0.2,0.3,0.6,True,0.009338250005384907,0.005591749999439344,0.009314541995991021,33,34,42,23,0,115,24,0,32.760277557613804,1
Fat bottleneck,4,3,1.0,0.2,0.3,0.6,True,0.006890875025419518,0.0030457079992629588,0.0068667500163428485,18,24,16,24,0,66,25,0,32.92152111785252,1
Fat bottleneck,5,3,1.0,0.2,0.3,0.6,True,0.02647154199075885,0.019425292004598305,0.026437124994117767,97,77,126,45,1,397,48,2,34.16328960558969,3
Fat bottleneck,6,3,1.0,0.2,0.3,0.6,True,0.08490600000368431,0.0050942090165335685,0.08487024999340065,255,151,353,47,4,1276,52,4,34.70797540360757,5
Fat bottleneck,7,3,1.0,0.2,0.3,0.6,True,0.0069297089939936996,0.0022105000098235905,0.0069100839900784194,17,22,16,19,2,50,22,2,30.770389528649112,3
Fat bottleneck,8,3,1.0,0.2,0.3,0.6,True,0.01938383301603608,0.014205167011823505,0.019361583021236584,73,61,103,29,0,283,31,1,28.651385131446737,2
Fat bottleneck,9,3,1.0,0.2,0.3,0.6,True,0.015307000023312867,0.007078875001752749,0.015277833008440211,57,67,90,30,2,218,33,2,35.608626311660544,3
Fat bottleneck,10,3,1.0,0.2,0.3,0.6,True,0.01789666697732173,0.014453082985710353,0.017870541982119903,56,61,89,26,0,294,27,0,32.07917118737974,1
Fat bottleneck,11,3,1.0,0.2,0.3,0.6,True,0.01309150000452064,0.004605416994309053,0.01306458399631083,46,47,58,27,6,188,34,6,31.419704222440107,7
Fat bottleneck,12,3,1.0,0.2,0.3,0.6,True,0.00879887500195764,0.00390399998286739,0.008776499977102503,27,35,36,22,2,105,27,4,30.223885762687903,5
Fat bottleneck,13,3,1.0,0.2,0.3,0.6,True,0.03572629200061783,0.006116542004747316,0.035698541993042454,91,116,174,30,1,619,32,1,35.52140753397414,2
Fat bottleneck,14,3,1.0,0.2,0.3,0.6,True,0.011791625001933426,0.007953916996484622,0.011766709008952603,41,38,51,25,1,173,27,1,32.46267008019051,2
Fat bottleneck,15,3,1.0,0.2,0.3,0.6,True,0.03925579201313667,0.005239208025159314,0.039226583001436666,150,84,194,35,3,672,39,3,36.61992647128188,4
Fat bottleneck,16,3,1.0,0.2,0.3,0.6,True,0.007206625014077872,0.0023866250121500343,0.00718441599747166,24,21,21,21,1,66,24,2,31.055439111630015,3
Fat bottleneck,17,3,1.0,0.2,0.3,0.6,True,0.05686745900311507,0.00822150000021793,0.0568416669848375,110,197,279,25,1,953,27,1,32.27018695278966,2
Fat bottleneck,18,3,1.0,0.2,0.3,0.6,True,0.012721082981443033,0.008660166000481695,0.012697915983153507,39,50,63,23,1,198,25,1,30.51588250452549,2
Fat bottleneck,19,3,1.0,0.2,0.3,0.6,False,0.016639667010167614,0.0024466670001856983,,68,63,99,22,8,269,32,10,0.0,10
Fat bottleneck,20,3,1.0,0.2,0.3,0.6,True,0.06748654099646956,0.012222749995999038,0.06745308300014585,189,150,304,32,1,1008,34,1,40.84247746406945,2
Fat bottleneck,21,3,1.0,0.2,0.3,0.6,True,0.030453457991825417,0.02628395799547434,0.030425374978221953,93,106,169,28,0,474,29,0,33.3521751074583,1
Fat bottleneck,22,3,1.0,0.2,0.3,0.6,True,0.022793417010689154,0.017385250015649945,0.02276737501961179,89,72,128,24,7,346,34,9,32.09312905079119,10
Fat bottleneck,23,3,1.0,0.2,0.3,0.6,True,0.011407416983274743,0.007247667002957314,0.011380249983631074,42,36,53,23,0,150,24,0,36.97594129046719,1
Fat bottleneck,24,3,1.0,0.2,0.3,0.6,True,0.006783415999962017,0.0033416250080335885,0.006766957987565547,21,26,30,14,1,72,16,1,30.778161416126956,2
Fat bottleneck,25,3,1.0,0.2,0.3,0.6,True,0.007084082986693829,0.002468791004503146,0.007059875002596527,24,19,15,23,3,73,27,3,30.845186812872882,4
Fat bottleneck,26,3,1.0,0.2,0.3,0.6,True,0.00806054100394249,0.0011387080012355,0.008033541002077982,26,26,20,27,3,107,31,3,31.661375766803964,4
Fat bottleneck,27,3,1.0,0.2,0.3,0.6,True,0.01238754199584946,0.005385875003412366,0.012359166983515024,44,41,47,32,4,176,38,5,32.7224058955731,6
Fat bottleneck,28,3,1.0,0.2,0.3,0.6,True,0.006849875004263595,0.0031607499986421317,0.0068286670139059424,19,25,22,20,0,67,21,0,30.13662327598911,1
Fat bottleneck,29,3,1.0,0.2,0.3,0.6,True,0.007563916995422915,0.0030252500146161765,0.007542292005382478,15,24,15,22,0,71,24,1,31.305787310966615,2
Fat bottleneck,0,4,1.2,0.2,0.8,0.3,False,0.24250949997804128,0.1613654169777874,,94,252,300,36,8,1919,46,10,0.0,10
Fat bottleneck,1,4,1.2,0.2,0.8,0.3,True,0.10954508298891596,0.006733165995683521,0.10951245797332376,113,243,319,33,2,2221,36,2,33.06029572266789,3
Fat bottleneck,2,4,1.2,0.2,0.8,0.3,True,0.1253895419940818,0.03986024999176152,0.12534879200393334,263,129,347,41,2,2496,44,2,31.892090005876447,3
Fat bottleneck,3,4,1.2,0.2,0.8,0.3,False,0.05943329201545566,0.017800958012230694,,77,162,176,52,9,1407,62,10,0.0,10
Fat bottleneck,4,4,1.2,0.2,0.8,0.3,False,0.013433624990284443,0.007375334011157975,,34,39,29,32,10,314,42,10,0.0,10
Fat bottleneck,5,4,1.2,0.2,0.8,0.3,True,0.057593417004682124,0.009358667011838406,0.057559500011848286,78,168,206,35,3,1249,39,3,29.644012336615813,4
Fat bottleneck,6,4,1.2,0.2,0.8,0.3,False,0.01019145897589624,0.0018980839813593775,,44,34,43,24,9,190,34,10,0.0,10
Fat bottleneck,7,4,1.2,0.2,0.8,0.3,True,0.09117854200303555,0.08637195799383335,0.09112908301176503,75,120,145,48,0,1359,49,0,39.87351967901716,1
Fat bottleneck,8,4,1.2,0.2,0.8,0.3,True,0.020203583990223706,0.014428666996536776,0.02016679200460203,45,43,49,36,1,484,38,1,29.392960926641326,2
Fat bottleneck,9,4,1.2,0.2,0.8,0.3,True,0.041970791993662715,0.02783437498146668,0.041936749999877065,108,66,134,37,1,1051,39,1,30.11088437437716,2
Fat bottleneck,10,4,1.2,0.2,0.8,0.3,True,0.017348916007904336,0.013801875000353903,0.017315583012532443,24,50,37,35,0,459,36,0,30.813135732368938,1
Fat bottleneck,11,4,1.2,0.2,0.8,0.3,False,0.014276500005507842,0.006882791989482939,,38,41,34,35,8,299,45,10,0.0,10
Fat bottleneck,12,4,1.2,0.2,0.8,0.3,True,0.08415949999471195,0.02022691600723192,0.08412241598125547,164,153,268,42,5,1729,49,6,32.93587160063347,7
Fat bottleneck,13,4,1.2,0.2,0.8,0.3,False,0.03394941598526202,0.029140291007934138,,51,88,80,47,10,832,57,10,0.0,10
Fat bottleneck,14,4,1.2,0.2,0.8,0.3,True,0.01185758298379369,0.00835345798986964,0.011825416004285216,25,29,19,33,0,269,34,0,30.279331422540977,1
Fat bottleneck,15,4,1.2,0.2,0.8,0.3,True,0.017574166995473206,0.01310979199479334,0.01753745900350623,32,41,31,38,2,443,41,2,30.796361589233015,3
Fat bottleneck,16,4,1.2,0.2,0.8,0.3,True,0.020763832988450304,0.008540582988644019,0.02072974998736754,46,58,63,36,3,511,42,5,29.915092352105287,6
Fat bottleneck,17,4,1.2,0.2,0.8,0.3,True,0.019987624982604757,0.01173220798955299,0.01995520800119266,42,65,63,34,8,473,43,8,29.21894510993481,9
Fat bottleneck,18,4,1.2,0.2,0.8,0.3,True,0.15964987501502037,0.017730000021401793,0.1596121670154389,140,382,476,42,2,2834,45,2,36.26325617527466,3
Fat bottleneck,19,4,1.2,0.2,0.8,0.3,False,0.039647041994612664,0.03420616700896062,,50,88,84,43,9,1086,53,10,0.0,10
Fat bottleneck,20,4,1.2,0.2,0.8,0.3,True,0.009843749983701855,0.00216658299905248,0.009817874990403652,27,25,24,25,1,165,27,1,30.934009506476645,2
Fat bottleneck,21,4,1.2,0.2,0.8,0.3,False,0.02200950001133606,0.008376125013455749,,46,83,88,30,9,553,40,10,0.0,10
Fat bottleneck,22,4,1.2,0.2,0.8,0.3,True,0.007797042024321854,0.004362542007584125,0.0077690830221399665,17,21,10,26,0,139,27,0,29.090913845844753,1
Fat bottleneck,23,4,1.2,0.2,0.8,0.3,True,0.017362000013235956,0.010104874992975965,0.017330583999864757,37,47,48,32,2,416,36,3,30.37155918031493,4
Fat bottleneck,24,4,1.2,0.2,0.8,0.3,True,0.015919666999252513,0.00744874999509193,0.01588970801094547,30,40,37,30,1,378,32,1,32.400046295573475,2
Fat bottleneck,25,4,1.2,0.2,0.8,0.3,True,0.009764916991116479,0.005480583000462502,0.009738749999087304,23,23,16,26,2,191,29,2,30.125869486834162,3
Fat bottleneck,26,4,1.2,0.2,0.8,0.3,True,0.008379290986340493,0.0015649579872842878,0.008355165977263823,30,24,21,24,7,123,32,7,28.988458264689832,8
Fat bottleneck,27,4,1.2,0.2,0.8,0.3,False,0.09219716701772995,0.006984917010413483,,170,74,190,42,10,1320,52,10,0.0,10
Fat bottleneck,28,4,1.2,0.2,0.8,0.3,True,0.022508833004394546,0.018944667011965066,0.022473417018773034,38,51,51,36,0,582,37,0,32.04906517724712,1
Fat bottleneck,29,4,1.2,0.2,0.8,0.3,False,0.008404457999859005,0.002406790998065844,,36,11,7,28,10,142,38,10,0.0,10
Fat bottleneck,0,5,0.5,0.05,0.5,0.05,True,0.10886233401834033,0.0072033340111374855,0.10882975001004525,201,259,420,33,5,1612,39,5,30.12550398649543,6
Fat bottleneck,1,5,0.5,0.05,0.5,0.05,False,0.10172616600175388,0.008111457980703562,,238,231,430,27,10,1521,37,10,0.0,10
Fat bottleneck,2,5,0.5,0.05,0.5,0.05,True,0.012398499995470047,0.008081416017375886,0.012371916003758088,44,34,49,27,0,193,29,1,34.94752396401906,2
Fat bottleneck,3,5,0.5,0.05,0.5,0.05,True,0.011679624993121251,0.0067787920124828815,0.011651500011794269,33,37,39,28,1,189,30,1,33.71970710082463,2
Fat bottleneck,4,5,0.5,0.05,0.5,0.05,True,0.014374916994711384,0.006546999997226521,0.014346167008625343,44,45,51,33,3,224,37,3,37.61044352531589,4
Fat bottleneck,5,5,0.5,0.05,0.5,0.05,True,0.014269584004068747,0.007071041996823624,0.014238250005291775,34,53,52,32,1,224,35,2,33.89023612536588,3
Fat bottleneck,6,5,0.5,0.05,0.5,0.05,True,0.012469249981222674,0.0035540409735403955,0.012446874985471368,39,40,54,21,2,214,25,3,29.07613727646169,4
Fat bottleneck,7,5,0.5,0.05,0.5,0.05,False,0.010260333976475522,0.0018974589766003191,,37,36,42,20,9,146,30,10,0.0,10
Fat bottleneck,8,5,0.5,0.05,0.5,0.05,True,0.014035125001100823,0.006748750020051375,0.014005959004862234,37,54,45,38,6,227,48,9,34.20643240272196,10
Fat bottleneck,9,5,0.5,0.05,0.5,0.05,False,0.014327999990200624,0.007400291011435911,,59,49,69,27,10,232,37,10,0.0,10
Fat bottleneck,10,5,0.5,0.05,0.5,0.05,True,0.008620791020803154,0.005184915993595496,0.008593208011006936,29,27,28,26,0,131,27,0,29.228756287730835,1
Fat bottleneck,11,5,0.5,0.05,0.5,0.05,True,0.009933374996762723,0.0036303749948274344,0.009909250016789883,38,38,47,22,5,134,28,5,29.75722793802771,6
Fat bottleneck,12,5,0.5,0.05,0.5,0.05,True,0.0076289999997243285,0.0033843329874798656,0.007606832979945466,21,23,18,21,3,77,25,3,28.62748033158279,4
Fat bottleneck,13,5,0.5,0.05,0.5,0.05,True,0.025556708016665652,0.009756790997926146,0.0255300409917254,74,78,111,37,2,447,41,3,30.017818725350686,4
Fat bottleneck,14,5,0.5,0.05,0.5,0.05,True,0.006461375014623627,0.002887791022658348,0.0064407080062665045,21,18,17,20,0,71,21,0,31.601575196510158,1
Fat bottleneck,15,5,0.5,0.05,0.5,0.05,True,0.012813416979042813,0.004307333001634106,0.01278362498851493,46,42,46,31,9,220,41,9,29.119060284826613,10
Fat bottleneck,16,5,0.5,0.05,0.5,0.05,False,0.05832679200102575,0.006065792025765404,,165,153,265,42,9,935,52,10,0.0,10
Fat bottleneck,17,5,0.5,0.05,0.5,0.05,True,0.0068073750007897615,0.003443249996053055,0.0067816250084433705,20,18,13,23,0,87,24,0,27.72636853592433,1
Fat bottleneck,18,5,0.5,0.05,0.5,0.05,True,0.008461082994472235,0.0028578749916050583,0.008434749994194135,28,23,21,26,2,103,29,2,31.22736753637453,3
Fat bottleneck,19,5,0.5,0.05,0.5,0.05,True,0.011392874992452562,0.007268332992680371,0.011366541002644226,32,41,45,26,0,183,27,0,35.10207042437175,1
Fat bottleneck,20,5,0.5,0.05,0.5,0.05,True,0.016684083006111905,0.012767875014105812,0.01666049999766983,52,51,79,22,0,300,23,0,33.528218293625294,1
Fat bottleneck,21,5,0.5,0.05,0.5,0.05,True,0.024154750019079074,0.004563042020890862,0.024119292007526383,75,87,119,38,3,431,42,3,32.769820445506056,4
Fat bottleneck,22,5,0.5,0.05,0.5,0.05,True,0.026696582994190976,0.009950417006621137,0.026664042001357302,84,81,132,28,3,512,32,3,34.61161038288962,4
Fat bottleneck,23,5,0.5,0.05,0.5,0.05,True,0.06313141601276584,0.0018348750018049031,0.0630975830135867,158,166,267,47,8,1040,56,8,34.67761010485858,9
Fat bottleneck,24,5,0.5,0.05,0.5,0.05,True,0.008214041008614004,0.003728999989107251,0.00818895798875019,19,25,18,24,0,87,25,0,30.9855572333909,1
Fat bottleneck,25,5,0.5,0.05,0.5,0.05,True,0.016311457991832867,0.0022908750106580555,0.016285874997265637,55,61,85,25,4,279,31,5,30.27649068124932,6
Fat bottleneck,26,5,0.5,0.05,0.5,0.05,False,0.037097749998793006,0.006249958008993417,,142,96,202,25,9,637,35,10,0.0,10
Fat bottleneck,27,5,0.5,0.05,0.5,0.05,True,0.12477383302757517,0.0938592080201488,0.12474008300341666,203,268,427,39,3,1729,43,3,35.65819114443033,4
Fat bottleneck,28,5,0.5,0.05,0.5,0.05,True,0.010820167022757232,0.006337625003652647,0.010793917026603594,35,34,42,25,0,181,27,1,30.58386386852756,2
Fat bottleneck,29,5,0.5,0.05,0.5,0.05,True,0.021136082999873906,0.0026387919788248837,0.021096916985698044,75,65,94,42,2,390,45,2,38.702141880871025,3
Fat bottleneck,0,6,0.5,0.5,0.5,0.6,True,0.008963833999587223,0.0029805419908370823,0.008933959004934877,29,29,26,27,3,120,32,4,30.56540125196055,5
Fat bottleneck,1,6,0.5,0.5,0.5,0.6,True,0.009231291012838483,0.005533832998480648,0.009204791014781222,35,26,32,27,0,136,28,0,30.709174874502565,1
Fat bottleneck,2,6,0.5,0.5,0.5,0.6,True,0.006887041992740706,0.0031883329793345183,0.006861542002297938,20,19,14,23,0,81,24,0,32.05490625600517,1
Fat bottleneck,3,6,0.5,0.5,0.5,0.6,True,0.049859416991239414,0.006847791984910145,0.049824791989522055,190,87,237,36,2,939,39,2,33.18411501506273,3
Fat bottleneck,4,6,0.5,0.5,0.5,0.6,True,0.04167933398275636,0.03755012500914745,0.04164045900688507,101,119,183,35,0,760,36,0,32.26567316165632,1
Fat bottleneck,5,6,0.5,0.5,0.5,0.6,True,0.007283041981281713,0.0036414579953998327,0.007259999983943999,15,24,14,22,1,103,24,1,32.95376677086745,2
Fat bottleneck,6,6,0.5,0.5,0.5,0.6,True,0.007198250008514151,0.0037621250085067004,0.007174708996899426,28,15,18,23,0,93,24,0,30.17913921982922,1
Fat bottleneck,7,6,0.5,0.5,0.5,0.6,True,0.02942045801319182,0.0069430830189958215,0.02940112500800751,67,111,157,18,1,588,20,1,28.134038465876923,2
Fat bottleneck,8,6,0.5,0.5,0.5,0.6,True,0.010087833012221381,0.0065658749954309314,0.01005983300274238,33,28,31,28,0,168,29,0,32.0836609607674,1
Fat bottleneck,9,6,0.5,0.5,0.5,0.6,True,0.007940666982904077,0.00431225000647828,0.007915666996268556,23,29,25,25,0,100,26,0,31.200894740034855,1
Fat bottleneck,10,6,0.5,0.5,0.5,0.6,True,0.009514082979876548,0.006007832998875529,0.009489582997048274,30,28,31,25,0,156,26,0,29.37200812317348,1
Fat bottleneck,11,6,0.5,0.5,0.5,0.6,True,0.02660870799445547,0.004880124994087964,0.026583083003060892,64,103,133,26,6,511,34,7,30.080401803562022,8
Fat bottleneck,12,6,0.5,0.5,0.5,0.6,False,0.011109249986475334,0.0028295840020291507,,33,41,31,34,7,190,44,10,0.0,10
Fat bottleneck,13,6,0.5,0.5,0.5,0.6,True,0.009136917011346668,0.002873207995435223,0.009111457999097183,28,37,35,26,2,134,29,2,30.035725891993692,3
Fat bottleneck,14,6,0.5,0.5,0.5,0.6,True,0.012669500021729618,0.00899120801477693,0.01263862501946278,45,39,49,32,1,220,34,1,32.343178721997106,2
Fat bottleneck,15,6,0.5,0.5,0.5,0.6,True,0.01952520801569335,0.014825624995864928,0.019487000012304634,70,61,83,45,1,343,48,2,34.16664817318064,3
Fat bottleneck,16,6,0.5,0.5,0.5,0.6,True,0.07741108298068866,0.011603291000938043,0.07737504100077786,216,141,314,37,4,1340,42,4,34.65334380356585,5
Fat bottleneck,17,6,0.5,0.5,0.5,0.6,True,0.013891667011193931,0.009015207993797958,0.01386270800139755,27,55,48,29,3,249,34,4,30.648941437538817,5
Fat bottleneck,18,6,0.5,0.5,0.5,0.6,True,0.01222962499014102,0.004253999999491498,0.012205249979160726,37,44,43,30,6,173,39,8,36.34977006383557,9
Fat bottleneck,19,6,0.5,0.5,0.5,0.6,True,0.014731457980815321,0.006119999976363033,0.014705374982440844,47,55,71,27,2,244,30,2,33.887467683640935,3
Fat bottleneck,20,6,0.5,0.5,0.5,0.6,True,0.008260333008365706,0.004480290983337909,0.008229750004829839,28,20,14,32,0,112,33,0,33.85452326861242,1
Fat bottleneck,21,6,0.5,0.5,0.5,0.6,True,0.015569915995001793,0.011930416018003598,0.015538750012638047,39,65,70,31,1,289,33,1,32.24284186891981,2
Fat bottleneck,22,6,0.5,0.5,0.5,0.6,True,0.01537229199311696,0.01159745900076814,0.015343625011155382,45,64,78,28,1,275,30,1,29.812722759606253,2
Fat bottleneck,23,6,0.5,0.5,0.5,0.6,True,0.007999249995918944,0.004032708995509893,0.007975250016897917,21,22,17,23,1,109,25,1,30.369558080219328,2
Fat bottleneck,24,6,0.5,0.5,0.5,0.6,True,0.027126792003400624,0.011969959014095366,0.027100542007246986,69,96,136,26,1,524,28,1,34.309465568118306,2
Fat bottleneck,25,6,0.5,0.5,0.5,0.6,True,0.010637791972840205,0.006964499974856153,0.010611208999762312,33,34,40,25,0,160,26,0,30.114368497839397,1
Fat bottleneck,26,6,0.5,0.5,0.5,0.6,True,0.011755624989746138,0.006167999992612749,0.011728084005881101,38,45,51,29,1,185,31,1,32.876393612939644,2
Fat bottleneck,27,6,0.5,0.5,0.5,0.6,True,0.0068837500002700835,0.0024760839878581464,0.006858041975647211,20,23,14,25,2,80,29,3,30.104389933007514,4
Fat bottleneck,28,6,0.5,0.5,0.5,0.6,True,0.013839958992321044,0.009153874998446554,0.01381391700124368,51,39,61,26,1,233,29,2,32.25401659599263,3
Fat bottleneck,29,6,0.5,0.5,0.5,0.6,True,0.03083804200286977,0.02658916698419489,0.03080866698292084,88,91,146,30,1,572,33,2,36.2434775224543,3
Fat bottleneck,0,7,0.5,0.05,0.1,0.8,True,0.010136625001905486,0.004308832983952016,0.010109416005434468,34,26,31,27,0,115,29,1,39.26965979956055,2
Fat bottleneck,1,7,0.5,0.05,0.1,0.8,True,0.02502687499509193,0.02012316699256189,0.02499816700583324,92,86,147,29,0,335,30,0,42.10018171677486,1
Fat bottleneck,2,7,0.5,0.05,0.1,0.8,True,0.010123083018697798,0.0016923750226851553,0.010097250022226945,26,35,30,25,4,139,30,4,33.35577563120538,5
Fat bottleneck,3,7,0.5,0.05,0.1,0.8,True,0.007159625005442649,0.0030060829885769635,0.007136833010008559,20,22,18,22,0,59,23,0,35.54156348209637,1
Fat bottleneck,4,7,0.5,0.05,0.1,0.8,True,0.019650625006761402,0.005577708012424409,0.01962183299474418,87,45,100,29,1,360,31,1,32.269982685057165,2
Fat bottleneck,5,7,0.5,0.05,0.1,0.8,True,0.008700582984602079,0.003818416007561609,0.00867808298789896,31,33,40,21,1,94,23,1,30.722061938241144,2
Fat bottleneck,6,7,0.5,0.05,0.1,0.8,True,0.006298791995504871,0.0026524169952608645,0.006280125002376735,15,24,20,17,0,51,18,0,31.19368581444884,1
Fat bottleneck,7,7,0.5,0.05,0.1,0.8,True,0.023616042017238215,0.018881291995057836,0.023585917020682245,75,88,130,31,0,319,32,0,37.652024479991084,1
Fat bottleneck,8,7,0.5,0.05,0.1,0.8,True,0.021906542009674013,0.012806332990294322,0.02188004201161675,69,88,119,35,1,325,38,2,30.377221717963902,3
Fat bottleneck,9,7,0.5,0.05,0.1,0.8,True,0.010902750014793128,0.005472625023685396,0.010871542006498203,37,34,34,34,1,127,36,1,38.64083082111415,2
Fat bottleneck,10,7,0.5,0.05,0.1,0.8,True,0.012555916007841006,0.00907416600966826,0.012530790991149843,57,44,72,26,1,176,28,1,30.24815430093748,2
Fat bottleneck,11,7,0.5,0.05,0.1,0.8,True,0.11349854100262746,0.007667915982892737,0.11346412499551661,159,316,431,37,5,1680,43,5,34.153776834232076,6
Fat bottleneck,12,7,0.5,0.05,0.1,0.8,True,0.009793042001547292,0.00680820900015533,0.009773666999535635,40,41,60,19,0,132,20,0,30.17008773737951,1
Fat bottleneck,13,7,0.5,0.05,0.1,0.8,True,0.02218400000128895,0.0157291250070557,0.02215129099204205,83,71,119,32,1,298,35,2,39.68397590112149,3
Fat bottleneck,14,7,0.5,0.05,0.1,0.8,True,0.1963550829968881,0.18826312499004416,0.19632641598582268,45,44,59,25,3,140,29,3,35.94520765020426,4
Fat bottleneck,15,7,0.5,0.05,0.1,0.8,True,0.006927792011993006,0.003022625023731962,0.0069039590016473085,23,16,16,21,0,59,22,0,31.146432058698583,1
Fat bottleneck,16,7,0.5,0.05,0.1,0.8,True,0.005600459000561386,0.0020105839939787984,0.005581874982453883,18,10,10,16,0,41,17,0,31.372659854837803,1
Fat bottleneck,17,7,0.5,0.05,0.1,0.8,True,0.009690625010989606,0.005986750009469688,0.009667292004451156,34,35,47,20,0,114,21,0,34.12253108910227,1
Fat bottleneck,18,7,0.5,0.05,0.1,0.8,True,0.0062723750015720725,0.0027402089908719063,0.006254624982830137,23,16,21,16,0,53,17,0,32.04079818239956,1
Fat bottleneck,19,7,0.5,0.05,0.1,0.8,True,0.012358082982245833,0.007910790998721495,0.012333749997196719,49,41,64,24,0,151,25,0,36.9572526026713,1
Fat bottleneck,20,7,0.5,0.05,0.1,0.8,True,0.05340449998038821,0.04931641698931344,0.05337991699343547,177,141,294,22,0,684,23,0,36.53052959688077,1
Fat bottleneck,21,7,0.5,0.05,0.1,0.8,True,0.009786624985281378,0.004638790996978059,0.009765499999048188,40,30,47,20,1,116,22,1,32.55265965893331,2
Fat bottleneck,22,7,0.5,0.05,0.1,0.8,True,0.01093237497843802,0.004443957994226366,0.010905499977525324,32,36,34,31,1,122,33,1,35.17618646846872,2
Fat bottleneck,23,7,0.5,0.05,0.1,0.8,True,0.015210667013889179,0.010828708996996284,0.015186959004495293,51,61,87,23,0,194,24,0,35.66669484471614,1
Fat bottleneck,24,7,0.5,0.05,0.1,0.8,True,0.04752033401746303,0.003514709009323269,0.047492750018136576,160,97,223,29,3,820,33,3,39.22271797901516,4
Fat bottleneck,25,7,0.5,0.05,0.1,0.8,True,0.022431082994444296,0.017834250000305474,0.02240437499131076,91,73,139,23,0,302,24,0,36.76865966875151,1
Fat bottleneck,26,7,0.5,0.05,0.1,0.8,True,0.010196916991844773,0.005891084001632407,0.010173374990699813,34,39,49,22,0,109,23,0,36.94119787836843,1
Fat bottleneck,27,7,0.5,0.05,0.1,0.8,True,0.08869649999542162,0.04896745897713117,0.08865487499861047,248,185,387,41,3,1087,45,3,40.987509483330875,4
Fat bottleneck,28,7,0.5,0.05,0.1,0.8,True,0.006976792006753385,0.00285333301872015,0.006954083015443757,21,17,15,21,0,58,22,0,32.242965978932475,1
Fat bottleneck,29,7,0.5,0.05,0.1,0.8,True,0.006237624998902902,0.0004623749991878867,0.00621712498832494,17,19,15,19,0,87,21,1,31.675053789288004,2
Fat bottleneck,0,8,0.5,0.05,0.0,0.6,True,0.08908145799068734,0.009807708003791049,0.08905433298787102,183,263,414,28,2,1195,31,2,31.52053734733404,3
Fat bottleneck,1,8,0.5,0.05,0.0,0.6,True,0.007444833987392485,0.0036298749910201877,0.007426374999340624,29,20,30,16,1,80,19,2,31.404188040012016,3
Fat bottleneck,2,8,0.5,0.05,0.0,0.6,True,0.00789341700146906,0.0036103340098634362,0.007872042013332248,26,24,25,23,0,73,25,1,33.28730856326335,2
Fat bottleneck,3,8,0.5,0.05,0.0,0.6,True,0.01118512501125224,0.006923083012225106,0.011165541014634073,40,47,67,18,0,123,19,0,36.58813723199512,1
Fat bottleneck,4,8,0.5,0.05,0.0,0.6,True,0.014735417003976181,0.007197708007879555,0.014714416989590973,54,54,85,20,1,197,22,1,35.78242973323208,2
Fat bottleneck,5,8,0.5,0.05,0.0,0.6,True,0.007339249976212159,0.0038811659906059504,0.007321499986574054,29,23,33,17,0,72,19,1,31.942711953545725,2
Fat bottleneck,6,8,0.5,0.05,0.0,0.6,True,0.012321625021286309,0.007179583015386015,0.012301167007535696,52,37,66,20,1,151,24,3,32.86404547128943,4
Fat bottleneck,7,8,0.5,0.05,0.0,0.6,True,0.010717083991039544,0.0039905839948914945,0.010695500008296221,43,40,57,21,3,124,26,4,36.38499465816786,5
Fat bottleneck,8,8,0.5,0.05,0.0,0.6,True,0.009696458000689745,0.0031020829919725657,0.009674874978372827,38,27,38,24,1,100,26,1,31.86040909395797,2
Fat bottleneck,9,8,0.5,0.05,0.0,0.6,True,0.015596666984492913,0.011316041985992342,0.015566416986985132,53,72,95,28,0,191,29,0,35.37306893097538,1
Fat bottleneck,10,8,0.5,0.05,0.0,0.6,True,0.024847499997122213,0.017562666005687788,0.024823416024446487,89,102,162,27,0,328,29,1,31.741510371613373,2
Fat bottleneck,11,8,0.5,0.05,0.0,0.6,True,0.01298962498549372,0.002242624992504716,0.01296570900012739,41,63,77,23,2,189,27,3,32.22392474832121,4
Fat bottleneck,12,8,0.5,0.05,0.0,0.6,True,0.0070549579977523535,0.0032404579978901893,0.007033832982415333,19,27,26,18,0,61,19,0,32.702145098250654,1
Fat bottleneck,13,8,0.5,0.05,0.0,0.6,True,0.024339333991520107,0.0036476250097621232,0.024315042013768107,80,90,135,30,3,388,34,3,30.323604004157936,4
Fat bottleneck,14,8,0.5,0.05,0.0,0.6,True,0.00765529100317508,0.0033142080064862967,0.0076356659992598,26,26,30,19,1,66,21,1,33.86415075877645,2
Fat bottleneck,15,8,0.5,0.05,0.0,0.6,True,0.05943004199070856,0.0034955829905811697,0.05940183301572688,154,204,323,30,3,835,35,4,30.758857198569984,5
Fat bottleneck,16,8,0.5,0.05,0.0,0.6,True,0.008592666999902576,0.003997916996013373,0.00857025000732392,28,25,28,22,1,91,26,3,32.25170844166146,4
Fat bottleneck,17,8,0.5,0.05,0.0,0.6,True,0.018171333009377122,0.001285750011447817,0.018150791991502047,70,66,113,19,2,301,22,2,30.792740111965294,3
Fat bottleneck,18,8,0.5,0.05,0.0,0.6,True,0.026286125008482486,0.020716791012091562,0.02626041602343321,98,90,158,27,1,332,29,1,43.814022526274215,2
Fat bottleneck,19,8,0.5,0.05,0.0,0.6,True,0.0073933750099968165,0.0038210420170798898,0.007376624998869374,25,30,38,15,0,69,16,0,31.09099219533861,1
Fat bottleneck,20,8,0.5,0.05,0.0,0.6,True,0.02357633298379369,0.011685790988849476,0.02354995798668824,85,87,139,29,2,322,32,2,32.05790479412065,3
Fat bottleneck,21,8,0.5,0.05,0.0,0.6,True,0.011414290987886488,0.005083625001134351,0.011390790983568877,49,35,53,25,4,119,31,5,34.927395903511396,6
Fat bottleneck,22,8,0.5,0.05,0.0,0.6,False,0.011586875014472753,0.003953125007683411,,41,42,45,31,5,117,41,10,0.0,10
Fat bottleneck,23,8,0.5,0.05,0.0,0.6,True,0.0061959580052644014,0.002329417009605095,0.006178332987474278,16,19,17,16,0,45,17,0,30.99039332706569,1
Fat bottleneck,24,8,0.5,0.05,0.0,0.6,True,0.025808832986513153,0.008695833006640896,0.025785582984099165,88,96,158,23,1,388,25,1,36.38767113477069,2
Fat bottleneck,25,8,0.5,0.05,0.0,0.6,True,0.010825334000401199,0.005278084019664675,0.010800749994814396,37,46,50,28,3,130,34,5,33.60141731890719,6
Fat bottleneck,26,8,0.5,0.05,0.0,0.6,True,0.01667608300340362,0.012678208004217595,0.01665195799432695,62,74,110,24,0,211,25,0,35.149469556727034,1
Fat bottleneck,27,8,0.5,0.05,0.0,0.6,True,0.061022000008961186,0.03861208399757743,0.06099383399123326,189,186,344,26,3,756,30,3,31.702499174640554,4
Fat bottleneck,28,8,0.5,0.05,0.0,0.6,True,0.054385958006605506,0.004851542005781084,0.05434849997982383,174,132,270,32,2,794,35,2,37.459200928825915,3
Fat bottleneck,29,8,0.5,0.05,0.0,0.6,True,0.06540433299960569,0.0028539580234792084,0.06537304201629013,159,199,321,32,3,944,36,3,32.57659998828396,4
Fat bottleneck,0,9,0.5,0.05,0.95,0.6,False,0.06432037497870624,,,32,56,86,0,0,2337,0,0,0.0,0
Fat bottleneck,1,9,0.5,0.05,0.95,0.6,False,0.06535920899477787,,,44,58,100,0,0,2301,0,0,0.0,0
Fat bottleneck,2,9,0.5,0.05,0.95,0.6,True,0.05136741601745598,0.04799904100946151,0.051327041001059115,37,44,38,41,0,1762,42,0,30.310062203747606,1
Fat bottleneck,3,9,0.5,0.05,0.95,0.6,True,0.026217709004413337,0.011953417008044198,0.026188334013568237,38,68,65,32,7,754,41,8,30.02385714128422,9
Fat bottleneck,4,9,0.5,0.05,0.95,0.6,True,0.031111541989957914,0.022815207979874685,0.03108116699149832,35,43,40,30,6,1028,37,6,30.623277299993987,7
Fat bottleneck,5,9,0.5,0.05,0.95,0.6,True,0.028342750010779127,0.024258707999251783,0.02831191598670557,27,37,31,30,1,936,32,1,29.156937394951242,2
Fat bottleneck,6,9,0.5,0.05,0.95,0.6,False,0.22008608299074695,0.056630915991263464,,416,69,459,22,2,5191,24,2,0.0,2
Fat bottleneck,7,9,0.5,0.05,0.95,0.6,True,0.04211891599697992,0.03563916598795913,0.04208562499843538,32,49,46,31,2,1465,34,2,30.300674684518235,3
Fat bottleneck,8,9,0.5,0.05,0.95,0.6,True,0.038632750016404316,0.02823945801355876,0.03860354202333838,38,49,53,29,3,1234,33,3,30.370160843139413,4
Fat bottleneck,9,9,0.5,0.05,0.95,0.6,True,0.03461745800450444,0.03140891599468887,0.03457725001499057,24,41,22,41,0,1185,42,0,30.457081760623208,1
Fat bottleneck,10,9,0.5,0.05,0.95,0.6,True,0.08798145901528187,0.05479175000800751,0.08794054199825041,44,161,161,40,2,2890,43,2,32.59708824018765,3
Fat bottleneck,11,9,0.5,0.05,0.95,0.6,True,0.09639624998089857,0.031607249984517694,0.0963605830038432,49,254,264,33,4,2784,38,4,29.215890051117448,5
Fat bottleneck,12,9,0.5,0.05,0.95,0.6,False,0.0975912919966504,0.01834400001098402,,38,252,278,9,1,2563,10,1,0.0,1
Fat bottleneck,13,9,0.5,0.05,0.95,0.6,False,0.05945550001342781,0.04734987500705756,,46,79,80,34,9,2064,44,10,0.0,10
Fat bottleneck,14,9,0.5,0.05,0.95,0.6,True,0.017499124980531633,0.011387374979676679,0.017470374994445592,28,24,20,28,2,496,36,7,30.007592559947216,8
Fat bottleneck,15,9,0.5,0.05,0.95,0.6,True,0.04255608300445601,0.031173958006547764,0.04252058299607597,45,68,66,37,8,1385,46,8,30.202902865045562,9
Fat bottleneck,16,9,0.5,0.05,0.95,0.6,True,0.02517249999800697,0.014070124976569787,0.025144291983451694,24,68,61,28,1,725,30,1,31.98565318273948,2
Fat bottleneck,17,9,0.5,0.05,0.95,0.6,False,0.06521300002350472,,,29,61,88,0,0,2331,0,0,0.0,0
Fat bottleneck,18,9,0.5,0.05,0.95,0.6,False,0.1671742920007091,0.014804917009314522,,433,63,472,18,4,3812,22,4,0.0,4
Fat bottleneck,19,9,0.5,0.05,0.95,0.6,False,0.13992266700370237,0.05990945899975486,,58,307,353,9,1,3749,10,1,0.0,1
Fat bottleneck,20,9,0.5,0.05,0.95,0.6,False,0.12329516702448018,0.04443445900687948,,35,300,321,11,1,3403,12,1,0.0,1
Fat bottleneck,21,9,0.5,0.05,0.95,0.6,True,0.05381133299670182,0.04656758299097419,0.05377500000759028,47,57,65,35,2,1855,38,2,29.346865284416534,3
Fat bottleneck,22,9,0.5,0.05,0.95,0.6,True,0.06244241600506939,0.059231874998658895,0.0623958749929443,40,58,49,47,0,1983,48,0,30.701160796868685,1
Fat bottleneck,23,9,0.5,0.05,0.95,0.6,True,0.03677420801250264,0.0288611660071183,0.03674720801063813,26,40,36,26,2,1318,29,2,30.680773313532054,3
Fat bottleneck,24,9,0.5,0.05,0.95,0.6,False,0.08076645797700621,0.017908207984874025,,30,280,300,7,1,2339,8,1,0.0,1
Fat bottleneck,25,9,0.5,0.05,0.95,0.6,True,0.03321062499890104,0.016930542013142258,0.03318116700393148,38,77,79,32,2,1010,35,2,30.146812751562805,3
Fat bottleneck,26,9,0.5,0.05,0.95,0.6,True,0.06611024998710491,0.03551529100514017,0.06607150001218542,38,145,139,40,2,2096,43,2,32.77762174548736,3
Fat bottleneck,27,9,0.5,0.05,0.95,0.6,True,0.06161579099716619,0.05835775000741705,0.06157449999591336,32,54,41,43,0,2053,44,0,30.039751886571153,1
Fat bottleneck,28,9,0.5,0.05,0.95,0.6,False,0.11023591598495841,0.03579841600731015,,37,295,318,11,1,3095,12,1,0.0,1
Fat bottleneck,29,9,0.5,0.05,0.95,0.6,True,0.022787417023209855,0.019288000010419637,0.022749791998649016,20,32,12,38,0,718,39,0,32.20306973331081,1
Fat bottleneck,0,10,0.5,0.01,0.5,0.6,True,0.020128457981627434,0.007409207988530397,0.020104041002923623,79,58,104,28,3,388,32,3,33.443560549059704,4
Fat bottleneck,1,10,0.5,0.01,0.5,0.6,True,0.009232040989445522,0.004924707987811416,0.009204915986629203,21,27,19,27,0,129,31,3,35.1890709362714,4
Fat bottleneck,2,10,0.5,0.01,0.5,0.6,True,0.08149670797865838,0.007187790994066745,0.0814710829872638,121,258,354,22,1,1356,24,1,29.066119360988328,2
Fat bottleneck,3,10,0.5,0.01,0.5,0.6,True,0.04231912500108592,0.007738791988231242,0.04228958298335783,77,147,190,31,1,821,33,1,32.77973498797378,2
Fat bottleneck,4,10,0.5,0.01,0.5,0.6,True,0.06256841600406915,0.058768166025402024,0.06252458301605657,144,156,260,38,0,1057,39,0,34.327761467177574,1
Fat bottleneck,5,10,0.5,0.01,0.5,0.6,True,0.07296525000128895,0.007100957998773083,0.07293670799117535,101,242,306,31,4,1401,36,4,32.33464695145962,5
Fat bottleneck,6,10,0.5,0.01,0.5,0.6,True,0.04385091699077748,0.007173499994678423,0.043818292004289106,163,75,200,32,4,827,37,4,31.001162478174113,5
Fat bottleneck,7,10,0.5,0.01,0.5,0.6,True,0.009791959018912166,0.005844291998073459,0.009765124996192753,32,25,28,27,0,148,28,0,31.860963317504357,1
Fat bottleneck,8,10,0.5,0.01,0.5,0.6,True,0.009349458006909117,0.005029708001529798,0.009325874998467043,28,38,40,23,1,131,25,1,32.80442729281272,2
Fat bottleneck,9,10,0.5,0.01,0.5,0.6,True,0.011765125003876165,0.0049425830075051636,0.011734832980437204,37,50,48,31,6,176,39,7,34.938294449028426,8
Fat bottleneck,10,10,0.5,0.01,0.5,0.6,True,0.05874620800022967,0.002477583009749651,0.05871287500485778,178,112,249,36,3,1061,40,3,36.31866359951042,4
Fat bottleneck,11,10,0.5,0.01,0.5,0.6,True,0.014905582997016609,0.007951832987600937,0.014875541994115338,45,50,58,32,3,233,37,4,31.20346024066655,5
Fat bottleneck,12,10,0.5,0.01,0.5,0.6,True,0.0936553749779705,0.02624295899295248,0.09362224998767488,149,220,332,33,2,1593,36,2,31.091188531891238,3
Fat bottleneck,13,10,0.5,0.01,0.5,0.6,True,0.03496608301065862,0.00634891600930132,0.03494454099563882,64,128,165,24,1,693,27,2,30.4411089240622,3
Fat bottleneck,14,10,0.5,0.01,0.5,0.6,True,0.02409091597655788,0.018038707989035174,0.024065665988018736,74,76,116,30,2,447,33,2,37.06380283621386,3
Fat bottleneck,15,10,0.5,0.01,0.5,0.6,True,0.0587476670043543,0.03529349999735132,0.05871683300938457,163,131,253,38,1,1017,40,1,35.405982048961945,2
Fat bottleneck,16,10,0.5,0.01,0.5,0.6,True,0.008178957999916747,0.002618375001475215,0.00815341601264663,28,20,19,25,2,128,28,2,30.66743613946509,3
Fat bottleneck,17,10,0.5,0.01,0.5,0.6,True,0.005787000001873821,0.001988833013456315,0.005766333022620529,15,16,9,20,0,44,21,0,30.071583959772237,1
Fat bottleneck,18,10,0.5,0.01,0.5,0.6,True,0.022866625018650666,0.006223291013156995,0.0228359580214601,87,59,111,32,1,446,34,1,34.87043706355089,2
Fat bottleneck,19,10,0.5,0.01,0.5,0.6,True,0.018523542006732896,0.014402667002286762,0.018486249988200143,65,57,83,36,1,320,38,1,31.87771349784535,2
Fat bottleneck,20,10,0.5,0.01,0.5,0.6,False,0.0985250840021763,,,183,208,389,0,0,1536,0,0,0.0,0
Fat bottleneck,21,10,0.5,0.01,0.5,0.6,True,0.007800624996889383,0.003134875005343929,0.007778208993840963,30,18,24,21,1,106,23,1,28.63813807358024,2
Fat bottleneck,22,10,0.5,0.01,0.5,0.6,True,0.037872707995120436,0.019064457999775186,0.037840166012756526,130,96,183,37,4,645,42,4,38.88414877770326,5
Fat bottleneck,23,10,0.5,0.01,0.5,0.6,True,0.009154833009233698,0.0013695420057047158,0.009132583014434204,24,35,32,22,3,128,27,4,30.68522275523289,5
Fat bottleneck,24,10,0.5,0.01,0.5,0.6,True,0.2556721250002738,0.23458804201800376,0.2556397920125164,72,98,124,36,8,454,46,9,33.17114802669198,10
Fat bottleneck,25,10,0.5,0.01,0.5,0.6,True,0.012733624986140057,0.004279791988665238,0.012708541995380074,52,33,54,26,3,227,31,4,32.232117983177865,5
Fat bottleneck,26,10,0.5,0.01,0.5,0.6,True,0.016335332999005914,0.010922249988652766,0.016303999989759177,51,50,69,29,1,279,31,1,32.75549897112769,2
Fat bottleneck,27,10,0.5,0.01,0.5,0.6,True,0.008225333003792912,0.0043399160203989595,0.00819737502024509,21,24,15,28,0,112,29,0,32.55466340250556,1
Fat bottleneck,28,10,0.5,0.01,0.5,0.6,True,0.013097207993268967,0.00930825000978075,0.013063708000117913,39,46,48,35,0,223,36,0,33.22155689221792,1
Fat bottleneck,29,10,0.5,0.01,0.5,0.6,True,0.008011958008864895,0.0032719160080887377,0.007986625016201288,28,21,18,28,1,103,31,2,31.668385032880966,3
Open Space,0,0,0.5,0.05,0.5,0.6,True,0.0021839169785380363,0.0006560829933732748,0.002171375002944842,5,7,1,9,0,10,10,0,28.295487262161764,1
Open Space,1,0,0.5,0.05,0.5,0.6,True,0.001921250019222498,0.00043612500303424895,0.0019097500189673156,3,9,1,9,0,10,10,0,27.383183568857245,1
Open Space,2,0,0.5,0.05,0.5,0.6,True,0.002327416994376108,0.00043895799899473786,0.0023147919855546206,8,6,1,10,1,12,12,1,32.16666277408322,2
Open Space,3,0,0.5,0.05,0.5,0.6,True,0.002719083015108481,0.000633457995718345,0.002703917009057477,10,6,1,13,0,16,14,0,29.70146193572146,1
Open Space,4,0,0.5,0.05,0.5,0.6,True,0.0018078330031130463,0.00046712500625289977,0.0017973330104723573,6,7,3,8,0,11,9,0,25.37657313898221,1
Open Space,5,0,0.5,0.05,0.5,0.6,True,0.0017060000100173056,0.00033391601755283773,0.001694625010713935,10,2,1,9,0,10,10,0,26.797207857944844,1
Open Space,6,0,0.5,0.05,0.5,0.6,True,0.0016878750175237656,0.0003539170138537884,0.0016765000182203948,5,6,0,9,0,9,10,0,25.19924312965539,1
Open Space,7,0,0.5,0.05,0.5,0.6,True,0.0018577089940663427,0.0003684170078486204,0.001846667000791058,5,6,0,9,0,9,10,0,27.84879305031665,1
Open Space,8,0,0.5,0.05,0.5,0.6,True,0.0019277090032119304,0.00038470898289233446,0.001916542008984834,4,7,0,9,0,9,10,0,29.00642260287828,1
Open Space,9,0,0.5,0.05,0.5,0.6,True,0.0017770830017980188,0.000364125007763505,0.0017619160062167794,5,6,0,9,0,9,10,0,26.131433701954855,1
Open Space,10,0,0.5,0.05,0.5,0.6,True,0.0018547919753473252,0.0003364579752087593,0.0018432079814374447,6,5,0,9,0,9,10,0,27.479708030197223,1
Open Space,11,0,0.5,0.05,0.5,0.6,True,0.00184379200800322,0.0003369170008227229,0.001832582987844944,3,8,0,9,0,9,10,0,28.850789787530925,1
Open Space,12,0,0.5,0.05,0.5,0.6,True,0.001921334012877196,0.00038329200469888747,0.0019102090154774487,6,5,0,9,0,9,10,0,27.57730836015221,1
Open Space,13,0,0.5,0.05,0.5,0.6,True,0.002086207998218015,0.0005497499951161444,0.0020731250115204602,8,7,3,10,0,13,11,0,30.087795170966224,1
Open Space,14,0,0.5,0.05,0.5,0.6,True,0.0018737089994829148,0.0003526250075083226,0.0018623750074766576,5,6,0,9,0,9,10,0,26.83737220120726,1
Open Space,15,0,0.5,0.05,0.5,0.6,True,0.0016314999957103282,0.00036437498056329787,0.0016206250002142042,7,5,1,9,0,10,10,0,25.28333332212883,1
Open Space,16,0,0.5,0.05,0.5,0.6,True,0.0017040420207194984,0.00040016701677814126,0.0016940830100793391,7,6,3,8,0,11,9,0,25.210722907412908,1
Open Space,17,0,0.5,0.05,0.5,0.6,True,0.004481249983655289,0.002241665992187336,0.004459540999960154,18,16,11,21,0,68,22,0,32.30203842260027,1
Open Space,18,0,0.5,0.05,0.5,0.6,True,0.0017474159831181169,0.0003502079925965518,0.0017363329825457186,7,4,0,9,0,9,10,0,26.074410390992398,1
Open Space,19,0,0.5,0.05,0.5,0.6,True,0.0017945409927051514,0.0004656249948311597,0.0017844160029198974,5,8,3,8,0,11,9,0,25.123619241189004,1
Open Space,20,0,0.5,0.05,0.5,0.6,True,0.0018440840067341924,0.00036179201561026275,0.0018327920115552843,4,7,0,9,0,9,10,0,28.038317769545262,1
Open Space,21,0,0.5,0.05,0.5,0.6,True,0.002451333013596013,0.0010252910142298788,0.0024403330171480775,6,9,4,9,0,14,10,0,24.846004826098607,1
Open Space,22,0,0.5,0.05,0.5,0.6,True,0.0020143330038990825,0.00051104198792018,0.002003000001423061,5,10,4,9,0,13,10,0,27.32100236748366,1
Open Space,23,0,0.5,0.05,0.5,0.6,True,0.0019752920197788626,0.00043849999201484025,0.001961333997314796,7,6,2,9,0,11,10,0,26.70856858139536,1
Open Space,24,0,0.5,0.05,0.5,0.6,True,0.0018820410186890513,0.0004011249984614551,0.0018704580143094063,6,5,0,9,0,9,10,0,25.85755287596821,1
Open Space,25,0,0.5,0.05,0.5,0.6,True,0.0020935829961672425,0.00048462499398738146,0.0020813330193050206,5,8,1,10,0,12,11,0,27.069598488525145,1
Open Space,26,0,0.5,0.05,0.5,0.6,True,0.0019528749980963767,0.0005439169763121754,0.001941958995303139,8,7,5,8,0,13,9,0,25.817891195792594,1
Open Space,27,0,0.5,0.05,0.5,0.6,True,0.002133332978701219,0.0004726249899249524,0.002119957993272692,8,5,1,10,0,11,11,0,30.307702475476667,1
Open Space,28,0,0.5,0.05,0.5,0.6,True,0.0019754579989239573,0.0003844579914584756,0.001964416995178908,6,7,1,9,1,11,11,1,28.321249974395812,2
Open Space,29,0,0.5,0.05,0.5,0.6,True,0.0018056670087389648,0.00034208298893645406,0.001794667012291029,4,7,0,9,0,9,10,0,27.400467687650586,1
Open Space,0,1,1.0,0.05,0.5,0.6,True,0.00199237500783056,0.000504166993778199,0.0019819999870378524,3,12,5,8,0,13,9,0,30.28115848410794,1
Open Space,1,1,1.0,0.05,0.5,0.6,True,0.0019912919960916042,0.00037674998748116195,0.0019797499990090728,4,7,0,9,0,9,10,0,29.37842128437562,1
Open Space,2,1,1.0,0.05,0.5,0.6,True,0.002037541999015957,0.0004633750068023801,0.0020260419987607747,6,7,2,9,0,11,10,0,27.14014978083597,1
Open Space,3,1,1.0,0.05,0.5,0.6,True,0.0019568330026231706,0.0003274580230936408,0.0019457500020507723,7,4,0,9,0,9,10,0,27.35236579051259,1
Open Space,4,1,1.0,0.05,0.5,0.6,True,0.002052374999038875,0.000528791977558285,0.002041291998466477,6,8,3,9,0,13,10,0,26.380401190951527,1
Open Space,5,1,1.0,0.05,0.5,0.6,True,0.001830375025747344,0.0003672919992823154,0.0018202080100309104,6,5,1,8,0,9,9,0,26.013773854699643,1
Open Space,6,1,1.0,0.05,0.5,0.6,True,0.0018902090087067336,0.0003606670070439577,0.0018790840113069862,5,6,0,9,0,9,10,0,28.10254443513639,1
Open Space,7,1,1.0,0.05,0.5,0.6,True,0.0017643340106587857,0.0002948339970316738,0.0017535420192871243,6,4,0,8,0,8,9,0,24.894049470358887,1
Open Space,8,1,1.0,0.05,0.5,0.6,True,0.001935459004016593,0.00037408401840366423,0.0019238750101067126,6,5,0,9,0,9,10,0,27.18048872962865,1
Open Space,9,1,1.0,0.05,0.5,0.6,True,0.0018958750006277114,0.00038704200414940715,0.0018845839949790388,5,7,1,9,0,10,10,0,28.735354344553414,1
Open Space,10,1,1.0,0.05,0.5,0.6,True,0.0018560000171419233,0.0003707919968292117,0.0018446250178385526,8,4,1,9,0,10,10,0,26.346846761367594,1
Open Space,11,1,1.0,0.05,0.5,0.6,True,0.001760167011525482,0.00032666701008565724,0.0017498339875601232,7,3,0,8,0,8,9,0,25.139771729332054,1
Open Space,12,1,1.0,0.05,0.5,0.6,True,0.0019305839959997684,0.0003805840096902102,0.001919417001772672,3,8,0,9,0,9,10,0,27.670850897086396,1
Open Space,13,1,1.0,0.05,0.5,0.6,True,0.0025423329789191484,0.0009390409977640957,0.0025299160042777658,8,6,3,9,0,13,10,0,27.658408983822,1
Open Space,14,1,1.0,0.05,0.5,0.6,True,0.0019983329984825104,0.0004379579913802445,0.001987208001082763,9,4,2,9,0,11,10,0,28.001887477928666,1
Open Space,15,1,1.0,0.05,0.5,0.6,True,0.001967207994312048,0.0005036669899709523,0.0019547919800970703,5,10,4,9,0,13,10,0,28.934008669367756,1
Open Space,16,1,1.0,0.05,0.5,0.6,True,0.0017169170023407787,0.00032479199580848217,0.0017067919834516943,5,5,0,8,0,8,9,0,25.369064449625636,1
Open Space,17,1,1.0,0.05,0.5,0.6,True,0.001906792022055015,0.00041433400474488735,0.0018959169974550605,8,4,1,9,0,10,10,0,27.470708587906973,1
Open Space,18,1,1.0,0.05,0.5,0.6,True,0.0028519580082502216,0.0009710419981274754,0.0028376670088618994,11,9,5,13,0,28,14,0,29.205220632591733,1
Open Space,19,1,1.0,0.05,0.5,0.6,True,0.001740333013003692,0.00036704199737869203,0.0017297920130658895,4,7,1,8,0,9,9,0,26.29393404692504,1
Open Space,20,1,1.0,0.05,0.5,0.6,True,0.002304541994817555,0.0005145419854670763,0.002292707999004051,7,7,2,10,0,12,11,0,37.26262398376394,1
Open Space,21,1,1.0,0.05,0.5,0.6,True,0.001745041983667761,0.0003631669969763607,0.0017347919929306954,5,6,1,8,0,9,9,0,27.109733103087898,1
Open Space,22,1,1.0,0.05,0.5,0.6,True,0.001812708011129871,0.00036837501102127135,0.0018015829846262932,4,7,0,9,0,9,10,0,26.207509187358642,1
Open Space,23,1,1.0,0.05,0.5,0.6,True,0.0017989579937420785,0.0003605830133892596,0.0017865410191006958,6,5,0,9,0,9,10,0,25.889489354290067,1
Open Space,24,1,1.0,0.05,0.5,0.6,True,0.0016805839841254056,0.00032954197376966476,0.0016705419984646142,3,8,1,8,0,9,9,0,26.090089043274105,1
Open Space,25,1,1.0,0.05,0.5,0.6,True,0.001987208001082763,0.0005062079872004688,0.0019747499900404364,6,8,3,9,0,12,10,0,29.15387887434852,1
Open Space,26,1,1.0,0.05,0.5,0.6,True,0.001959999994141981,0.00042550000944174826,0.0019489160040393472,5,8,2,9,0,11,10,0,28.914166085162638,1
Open Space,27,1,1.0,0.05,0.5,0.6,True,0.002078959019854665,0.00042304201633669436,0.002067416993668303,7,6,2,9,0,11,10,0,30.02387886928439,1
Open Space,28,1,1.0,0.05,0.5,0.6,True,0.001981500012334436,0.00041904099634848535,0.0019701659912243485,4,8,1,9,0,10,10,0,27.24385402484084,1
Open Space,29,1,1.0,0.05,0.5,0.6,True,0.0017854580073617399,0.00037533300928771496,0.0017751670093275607,3,8,1,8,0,9,9,0,24.9086906321535,1
Open Space,0,2,0.5,0.05,0.7,0.6,True,0.0017329159891232848,0.00034833300742320716,0.0017217079875990748,7,4,0,9,0,9,10,0,25.53394243179756,1
Open Space,1,2,0.5,0.05,0.7,0.6,True,0.001866665988927707,0.0003765829897020012,0.001855375012382865,6,5,0,9,0,9,10,0,26.0637957460996,1
Open Space,2,2,0.5,0.05,0.7,0.6,True,0.00205124999047257,0.0004401249752845615,0.002039207989582792,4,9,1,10,0,11,11,0,31.985061418305612,1
Open Space,3,2,0.5,0.05,0.7,0.6,True,0.001944416988408193,0.00043154199374839664,0.001933208986883983,5,7,1,9,0,10,10,0,27.069007822870482,1
Open Space,4,2,0.5,0.05,0.7,0.6,True,0.001688125019427389,0.00034312502248212695,0.0016770830261521041,6,4,0,8,0,8,9,0,24.842337219590846,1
Open Space,5,2,0.5,0.05,0.7,0.6,True,0.0021108750079292804,0.0007964590040501207,0.0021006249880883843,5,5,0,8,0,8,9,0,24.83948469674844,1
Open Space,6,2,0.5,0.05,0.7,0.6,True,0.0020994580117985606,0.00043666601413860917,0.0020876250055152923,9,3,0,10,0,11,11,0,26.019093717293217,1
Open Space,7,2,0.5,0.05,0.7,0.6,True,0.0016671670018695295,0.0003411670040804893,0.0016509589913766831,5,5,0,8,0,8,9,0,24.843808715026572,1
Open Space,8,2,0.5,0.05,0.7,0.6,True,0.001674125000135973,0.00035808401298709214,0.0016639590030536056,8,3,1,8,0,9,9,0,25.19523649215112,1
Open Space,9,2,0.5,0.05,0.7,0.6,True,0.001920957991387695,0.0004302909947000444,0.0019097500189673156,9,4,2,9,0,11,10,0,27.434933633168598,1
Open Space,10,2,0.5,0.05,0.7,0.6,True,0.0017364590021315962,0.00034758399124257267,0.0017267499933950603,4,7,2,7,0,9,8,0,25.083655011032672,1
Open Space,11,2,0.5,0.05,0.7,0.6,True,0.0017567499889992177,0.0003433339879848063,0.0017458339862059802,5,6,1,8,0,9,9,0,24.877254178290777,1
Open Space,12,2,0.5,0.05,0.7,0.6,True,0.0019662090053316206,0.0004106670094188303,0.0019549590069800615,7,5,1,9,0,10,10,0,28.912671025330518,1
Open Space,13,2,0.5,0.05,0.7,0.6,True,0.0021061250008642673,0.00048562500160187483,0.002089541987515986,9,4,1,10,0,12,11,0,24.94939383508038,1
Open Space,14,2,0.5,0.05,0.7,0.6,True,0.0017736669979058206,0.0003325840225443244,0.0017626250046305358,6,5,0,9,0,9,10,0,25.274978167816908,1
Open Space,15,2,0.5,0.05,0.7,0.6,True,0.002044583990937099,0.00041679199784994125,0.0020333749998826534,7,6,0,10,1,11,12,1,25.094536793033,2
Open Space,16,2,0.5,0.05,0.7,0.6,True,0.001978832995519042,0.00041087501449510455,0.001967582997167483,6,6,1,9,0,10,10,0,28.36215861137233,1
Open Space,17,2,0.5,0.05,0.7,0.6,True,0.0016156249912455678,0.00027033299556933343,0.001605291006853804,2,8,0,8,0,8,9,0,24.839484696748446,1
Open Space,18,2,0.5,0.05,0.7,0.6,True,0.001759874983690679,0.0003679999790620059,0.00174937499104999,6,5,1,8,0,9,9,0,25.014368091745755,1
Open Space,19,2,0.5,0.05,0.7,0.6,True,0.0016651659971103072,0.0003494159900583327,0.0016550000000279397,6,5,1,8,0,9,9,0,24.90403166705758,1
Open Space,20,2,0.5,0.05,0.7,0.6,True,0.0019243329879827797,0.00040862499736249447,0.0019130829896312207,4,8,1,9,0,10,10,0,26.710595359691283,1
Open Space,21,2,0.5,0.05,0.7,0.6,True,0.0016894579748623073,0.0003674999752547592,0.0016793749819044024,7,5,2,8,0,10,9,0,25.169081007186243,1
Open Space,22,2,0.5,0.05,0.7,0.6,True,0.0017435000045225024,0.0003437910054344684,0.0017325000080745667,5,6,0,9,0,9,10,0,25.116206108211372,1
Open Space,23,2,0.5,0.05,0.7,0.6,True,0.0016790420049801469,0.0004877499886788428,0.0016688749892637134,7,7,4,8,0,12,9,0,24.938764148381203,1
Open Space,24,2,0.5,0.05,0.7,0.6,True,0.0018772080074995756,0.00044604201684705913,0.00186620801105164,8,5,2,9,0,11,10,0,25.448886786048963,1
Open Space,25,2,0.5,0.05,0.7,0.6,True,0.0017853750032372773,0.0003625000244937837,0.0017743750067893416,5,6,0,9,0,9,10,0,26.22638932779348,1
Open Space,26,2,0.5,0.05,0.7,0.6,True,0.0017306250229012221,0.0003951250109821558,0.0017205000040121377,4,8,2,8,0,10,9,0,25.01499882981663,1
Open Space,27,2,0.5,0.05,0.7,0.6,True,0.0016923749935813248,0.0003392919898033142,0.0016815830022096634,6,5,0,9,0,9,10,0,25.582732283134362,1
Open Space,28,2,0.5,0.05,0.7,0.6,True,0.002291540993610397,0.00039058297988958657,0.002280707994941622,3,9,1,9,0,10,10,0,29.03738651200406,1
Open Space,29,2,0.5,0.05,0.7,0.6,True,0.0024006250023376197,0.0003665830008685589,0.002390249981544912,7,7,0,11,1,12,14,2,26.623260128079064,3
Open Space,0,3,1.0,0.2,0.3,0.6,True,0.0019059999904129654,0.00035650000791065395,0.0018950419907923788,6,5,0,9,0,9,10,0,27.300969958267544,1
Open Space,1,3,1.0,0.2,0.3,0.6,True,0.001838333992054686,0.0004750420048367232,0.0018282500095665455,7,7,4,8,0,12,9,0,27.12963852759078,1
Open Space,2,3,1.0,0.2,0.3,0.6,True,0.0023259999870788306,0.0003632080042734742,0.00231462498777546,5,9,1,10,1,12,13,2,29.801109418922152,3
Open Space,3,3,1.0,0.2,0.3,0.6,True,0.001894415996503085,0.00038362498162314296,0.0018831659981515259,6,5,0,9,0,9,10,0,26.916317350288132,1
Open Space,4,3,1.0,0.2,0.3,0.6,True,0.0019075419986620545,0.0004672089999075979,0.001896375004434958,7,6,2,9,0,11,10,0,25.942632045646388,1
Open Space,5,3,1.0,0.2,0.3,0.6,True,0.0019596659985836595,0.0005383329989854246,0.001949124998645857,5,9,4,8,0,12,9,0,31.043463839912306,1
Open Space,6,3,1.0,0.2,0.3,0.6,True,0.0021377920056693256,0.0004810419923160225,0.00212679200922139,6,8,3,9,0,12,10,0,32.61639088996521,1
Open Space,7,3,1.0,0.2,0.3,0.6,True,0.0021404580038506538,0.000531333003891632,0.0021266659896355122,7,6,2,9,0,11,10,0,32.44737153914454,1
Open Space,8,3,1.0,0.2,0.3,0.6,True,0.002298834006069228,0.0005143340094946325,0.002285124995978549,9,4,1,10,0,12,11,0,28.04704839693026,1
Open Space,9,3,1.0,0.2,0.3,0.6,True,0.002215917018475011,0.00042745901737362146,0.002203959011239931,6,7,1,10,0,12,12,1,30.61781034937795,2
Open Space,10,3,1.0,0.2,0.3,0.6,True,0.003713709011208266,0.0008034589991439134,0.003696583997225389,14,9,6,14,1,25,16,1,31.738825660867924,2
Open Space,11,3,1.0,0.2,0.3,0.6,True,0.0023744580103084445,0.0006709579902235419,0.0023621669970452785,6,9,5,8,0,13,9,0,25.515752581405142,1
Open Space,12,3,1.0,0.2,0.3,0.6,True,0.001965667004697025,0.00041591699118725955,0.0019540830107871443,4,8,1,9,0,10,10,0,28.68406958707112,1
Open Space,13,3,1.0,0.2,0.3,0.6,True,0.0021172499982640147,0.0004867910174652934,0.002105791005305946,5,9,3,9,0,12,10,0,28.332772404426173,1
Open Space,14,3,1.0,0.2,0.3,0.6,True,0.0019204579875804484,0.00036504099261946976,0.0019075000018347055,4,7,0,9,0,9,10,0,28.86869075003083,1
Open Space,15,3,1.0,0.2,0.3,0.6,True,0.002224541996838525,0.00047295799595303833,0.002212374994996935,7,6,1,10,0,11,11,0,32.992444075844126,1
Open Space,16,3,1.0,0.2,0.3,0.6,True,0.0021266249823383987,0.00035670900251716375,0.002112958987709135,6,5,1,8,0,9,9,0,25.985729876953233,1
Open Space,17,3,1.0,0.2,0.3,0.6,True,0.002132499997969717,0.0004279169952496886,0.0021208329999353737,8,4,1,9,0,10,10,0,33.54261745781795,1
Open Space,18,3,1.0,0.2,0.3,0.6,True,0.0018151249969378114,0.0004189169849269092,0.0018047089979518205,5,7,2,8,0,10,9,0,26.094320180059768,1
Open Space,19,3,1.0,0.2,0.3,0.6,True,0.0027596250001806766,0.0010049580014310777,0.0027472079964354634,9,5,2,10,0,13,11,0,28.85985479024263,1
Open Space,20,3,1.0,0.2,0.3,0.6,True,0.0022000829922035336,0.0004237910034134984,0.002178958005970344,4,8,0,10,0,10,11,0,30.189369632371182,1
Open Space,21,3,1.0,0.2,0.3,0.6,True,0.00230470800306648,0.0005267079977784306,0.00229049997869879,8,5,1,10,0,11,11,0,32.572272754788244,1
Open Space,22,3,1.0,0.2,0.3,0.6,True,0.0028599160141311586,0.0008820829971227795,0.0028455409919843078,10,10,6,12,0,21,13,0,28.14421371080578,1
Open Space,23,3,1.0,0.2,0.3,0.6,True,0.0020353340078145266,0.000418417010223493,0.0020236670097801834,7,5,1,9,0,10,10,0,30.481663015959995,1
Open Space,24,3,1.0,0.2,0.3,0.6,True,0.0020155000092927366,0.0004370420065242797,0.0020042500109411776,4,8,1,9,0,10,10,0,27.32034690157319,1
Open Space,25,3,1.0,0.2,0.3,0.6,True,0.0020727910159621388,0.0003938750014640391,0.002061125007458031,6,5,0,9,0,9,10,0,28.00333734439306,1
Open Space,26,3,1.0,0.2,0.3,0.6,True,0.001865917001850903,0.000490083999466151,0.001855417009210214,2,12,4,8,0,12,9,0,26.872221048969976,1
Open Space,27,3,1.0,0.2,0.3,0.6,True,0.0021065000037197024,0.0005408750148490071,0.0020955830113962293,10,4,3,9,0,13,10,0,26.130163193831777,1
Open Space,28,3,1.0,0.2,0.3,0.6,True,0.0018537089927121997,0.00040991700370796025,0.0018437919788993895,4,8,2,8,0,10,9,0,27.652909278939667,1
Open Space,29,3,1.0,0.2,0.3,0.6,True,0.0019182499963790178,0.0005348339909687638,0.001906499994220212,8,6,4,8,0,12,9,0,28.164295556247176,1
Open Space,0,4,1.2,0.2,0.8,0.3,True,0.001791000016964972,0.0003487089998088777,0.0017800000205170363,5,6,0,9,0,9,10,0,26.881529413031927,1
Open Space,1,4,1.2,0.2,0.8,0.3,True,0.0018896250112447888,0.000374249997548759,0.0018784170097205788,6,5,0,9,0,9,10,0,27.32746124966316,1
Open Space,2,4,1.2,0.2,0.8,0.3,True,0.001760458981152624,0.00030124999466352165,0.0017483340052422136,5,5,0,8,0,8,9,0,24.88119643356308,1
Open Space,3,4,1.2,0.2,0.8,0.3,True,0.0019184999982826412,0.0003745419962797314,0.0019069999980274588,5,6,0,9,0,9,10,0,27.60686468060647,1
Open Space,4,4,1.2,0.2,0.8,0.3,True,0.001947999990079552,0.00035712498356588185,0.0019367089844308794,5,6,0,9,0,9,10,0,27.560435407247006,1
Open Space,5,4,1.2,0.2,0.8,0.3,True,0.0016987920098472387,0.000306208006804809,0.0016882920172065496,3,7,0,8,0,8,9,0,25.05607389397215,1
Open Space,6,4,1.2,0.2,0.8,0.3,True,0.0017252500110771507,0.0003044159966520965,0.0017147499893326312,6,4,0,8,0,8,9,0,24.839484696748443,1
Open Space,7,4,1.2,0.2,0.8,0.3,True,0.0019227919983677566,0.00038395801675505936,0.0019118330092169344,6,5,0,9,0,9,10,0,29.51633406072034,1
Open Space,8,4,1.2,0.2,0.8,0.3,True,0.0017148339829873294,0.0003072089748457074,0.001704458991298452,5,5,0,8,0,8,9,0,24.83948469674844,1
Open Space,9,4,1.2,0.2,0.8,0.3,True,0.0018480000144336373,0.00034825000329874456,0.0018362080154474825,7,4,0,9,0,9,10,0,26.74648969546424,1
Open Space,10,4,1.2,0.2,0.8,0.3,True,0.0021582080225925893,0.0003090000245720148,0.0021478330017998815,5,5,0,8,0,8,9,0,24.83948469674844,1
Open Space,11,4,1.2,0.2,0.8,0.3,True,0.0016495840100105852,0.0002795839973259717,0.0016393340192735195,1,10,1,8,0,9,9,0,24.839484696748446,1
Open Space,12,4,1.2,0.2,0.8,0.3,True,0.0023869170108810067,0.00034845800837501884,0.0023745000071357936,5,10,1,10,2,14,13,2,29.509649000733702,3
Open Space,13,4,1.2,0.2,0.8,0.3,True,0.0016437919985037297,0.00027200000477023423,0.0016334170068148524,7,3,0,8,0,8,9,0,25.08061857574917,1
Open Space,14,4,1.2,0.2,0.8,0.3,True,0.0017042090184986591,0.00030016701202839613,0.0016940420027822256,6,4,0,8,0,8,9,0,24.839484696748443,1
Open Space,15,4,1.2,0.2,0.8,0.3,True,0.001666500000283122,0.000299708015518263,0.001656375010497868,4,6,0,8,0,8,9,0,24.935320876569325,1
Open Space,16,4,1.2,0.2,0.8,0.3,True,0.0018374999926891178,0.00033895799424499273,0.0018260419892612845,5,6,0,9,0,9,10,0,26.853375599937475,1
Open Space,17,4,1.2,0.2,0.8,0.3,True,0.0017944579885806888,0.0003781669947784394,0.0017824170063249767,7,4,0,9,0,9,10,0,26.14492018709901,1
Open Space,18,4,1.2,0.2,0.8,0.3,True,0.0016940000059548765,0.00030033400980755687,0.0016839590098243207,6,4,0,8,0,8,9,0,24.839484696748443,1
Open Space,19,4,1.2,0.2,0.8,0.3,True,0.0016844169877003878,0.0003065000055357814,0.0016740839928388596,7,3,0,8,0,8,9,0,25.132596815203733,1
Open Space,20,4,1.2,0.2,0.8,0.3,True,0.0017944589781109244,0.00034808399504981935,0.0017833749880082905,8,3,0,9,0,9,10,0,26.0679768349108,1
Open Space,21,4,1.2,0.2,0.8,0.3,True,0.0017565000161994249,0.0003495830169413239,0.001746499998262152,5,6,1,8,0,9,9,0,24.83948469674844,1
Open Space,22,4,1.2,0.2,0.8,0.3,True,0.0018459999992046505,0.0003579159965738654,0.0018338329973630607,4,7,0,9,0,9,10,0,26.438654035056448,1
Open Space,23,4,1.2,0.2,0.8,0.3,True,0.001671208010520786,0.0002998329873662442,0.0016610829916317016,5,5,0,8,0,8,9,0,24.840999982242128,1
Open Space,24,4,1.2,0.2,0.8,0.3,True,0.0017267079965677112,0.00029704198823310435,0.001716416998533532,4,6,0,8,0,8,9,0,25.109635343841724,1
Open Space,25,4,1.2,0.2,0.8,0.3,True,0.0018938750145025551,0.00043120799819007516,0.00188283299212344,6,7,2,9,0,11,10,0,28.060722092326273,1
Open Space,26,4,1.2,0.2,0.8,0.3,True,0.0018003339937422425,0.00037291698390617967,0.0017900839739013463,7,4,1,8,0,9,9,0,26.046499867330045,1
Open Space,27,4,1.2,0.2,0.8,0.3,True,0.001689333003014326,0.0003153329889755696,0.001679124980000779,6,4,0,8,0,8,9,0,24.83948469674844,1
Open Space,28,4,1.2,0.2,0.8,0.3,True,0.0017427499988116324,0.0002956249809358269,0.0017322089988738298,3,7,0,8,0,8,9,0,25.354314887899665,1
Open Space,29,4,1.2,0.2,0.8,0.3,True,0.0018856250098906457,0.0003501659957692027,0.0018741659878287464,6,5,0,9,0,9,10,0,28.184718686708607,1
Open Space,0,5,0.5,0.05,0.5,0.05,False,0.0028123749943915755,0.00035491600283421576,,17,7,4,8,10,22,18,10,0.0,10
Open Space,1,5,0.5,0.05,0.5,0.05,True,0.0019355830154381692,0.00035791602567769587,0.001923541014548391,7,4,0,9,0,9,10,0,27.24524376474303,1
Open Space,2,5,0.5,0.05,0.5,0.05,True,0.0023174170055426657,0.0005743340007029474,0.002305625006556511,8,8,3,10,1,14,12,1,27.51572678983117,2
Open Space,3,5,0.5,0.05,0.5,0.05,True,0.0018202500068582594,0.00038112499169074,0.0018086250056512654,5,6,0,9,0,9,10,0,26.456826428907213,1
Open Space,4,5,0.5,0.05,0.5,0.05,True,0.0023148749896790832,0.0007929579878691584,0.00230341698625125,6,5,0,9,0,9,10,0,26.86642567356594,1
Open Space,5,5,0.5,0.05,0.5,0.05,True,0.002003874978981912,0.00035299998125992715,0.0019919999758712947,4,8,0,9,1,10,11,1,28.13549845541828,2
Open Space,6,5,0.5,0.05,0.5,0.05,True,0.0019057080207858235,0.0003847920161206275,0.0018942500173579901,6,5,0,9,0,9,10,0,27.941553010114777,1
Open Space,7,5,0.5,0.05,0.5,0.05,True,0.0017798329936340451,0.0003581249911803752,0.0017690419917926192,4,7,1,8,0,9,9,0,24.85675161562993,1
Open Space,8,5,0.5,0.05,0.5,0.05,True,0.001727666996885091,0.00037812499795109034,0.0017155829991679639,5,6,1,8,0,9,9,0,25.26662261633917,1
Open Space,9,5,0.5,0.05,0.5,0.05,True,0.0018067079945467412,0.0004217500099912286,0.0017962919955607504,8,4,2,8,0,10,9,0,26.033610891416995,1
Open Space,10,5,0.5,0.05,0.5,0.05,True,0.0017408749845344573,0.0003675839980132878,0.0017304169887211174,6,5,1,8,0,9,9,0,25.065219626593603,1
Open Space,11,5,0.5,0.05,0.5,0.05,True,0.0019801660091616213,0.00038675000541843474,0.001967958000022918,5,7,1,9,0,10,10,0,27.448207460806398,1
Open Space,12,5,0.5,0.05,0.5,0.05,True,0.0018475840042810887,0.0004403339989949018,0.0018362500122748315,8,4,1,9,0,10,10,0,26.770620752948155,1
Open Space,13,5,0.5,0.05,0.5,0.05,True,0.0018298750219400972,0.0003693750186357647,0.0018185420194640756,4,7,0,9,0,9,10,0,26.44212811712642,1
Open Space,14,5,0.5,0.05,0.5,0.05,True,0.00195462501142174,0.00042720799683593214,0.0019429579842835665,4,8,1,9,0,10,10,0,26.601526703981722,1
Open Space,15,5,0.5,0.05,0.5,0.05,True,0.0019026669906452298,0.0004089169960934669,0.0018913329986389726,6,6,1,9,0,10,10,0,25.8171123213843,1
Open Space,16,5,0.5,0.05,0.5,0.05,True,0.0020417500054463744,0.0005417920183390379,0.002030667004873976,4,11,4,9,0,13,10,0,28.94472676234833,1
Open Space,17,5,0.5,0.05,0.5,0.05,True,0.0022047920210752636,0.0004931250005029142,0.0021910840005148202,2,12,2,10,0,12,11,0,32.84992324711904,1
Open Space,18,5,0.5,0.05,0.5,0.05,True,0.0017661250021774322,0.00034295901423320174,0.001755083998432383,5,6,0,9,0,9,10,0,25.60633980455798,1
Open Space,19,5,0.5,0.05,0.5,0.05,True,0.0020272500114515424,0.0004054589953739196,0.0020160840067546815,7,5,1,9,0,10,10,0,30.802669856671784,1
Open Space,20,5,0.5,0.05,0.5,0.05,True,0.002134916983777657,0.0005204170010983944,0.002122667006915435,6,9,2,10,1,13,12,1,29.86880310919269,2
Open Space,21,5,0.5,0.05,0.5,0.05,True,0.001962790993275121,0.00035170800401829183,0.001950290985405445,6,5,0,9,0,9,10,0,27.100706862357125,1
Open Space,22,5,0.5,0.05,0.5,0.05,True,0.001955708983587101,0.0003964589850511402,0.0019437090086285025,8,3,0,9,0,9,10,0,26.49803770543878,1
Open Space,23,5,0.5,0.05,0.5,0.05,True,0.001881167001556605,0.00037458300357684493,0.0018699580105021596,5,6,0,9,0,9,10,0,28.968888042634873,1
Open Space,24,5,0.5,0.05,0.5,0.05,True,0.0019609169976320118,0.0004030840063933283,0.0019497920002322644,6,5,0,9,0,9,10,0,29.104510993417325,1
Open Space,25,5,0.5,0.05,0.5,0.05,True,0.0019307920010760427,0.0003719580126926303,0.0019191669998690486,5,6,0,9,0,9,10,0,27.21713336744183,1
Open Space,26,5,0.5,0.05,0.5,0.05,True,0.002257916989037767,0.0004067090048920363,0.0022464169887825847,4,8,1,9,0,10,10,0,24.99714399333606,1
Open Space,27,5,0.5,0.05,0.5,0.05,True,0.001976624975213781,0.00043987497338093817,0.0019619999802671373,7,5,1,9,0,10,10,0,27.62878190826462,1
Open Space,28,5,0.5,0.05,0.5,0.05,True,0.002691166999284178,0.0006758749950677156,0.0026773749850690365,9,7,2,12,0,16,13,0,29.95420111197107,1
Open Space,29,5,0.5,0.05,0.5,0.05,True,0.0024679580237716436,0.0005549580091610551,0.0024548750079702586,10,5,2,11,0,14,12,0,33.462700906969246,1
Open Space,0,6,0.5,0.5,0.5,0.6,True,0.001837292016716674,0.0003920840099453926,0.0018255840113852173,3,9,1,9,0,10,10,0,26.19046642038084,1
Open Space,1,6,0.5,0.5,0.5,0.6,True,0.0020956670050509274,0.0005074999935459346,0.002084249979816377,5,8,2,9,0,12,10,0,26.86542158082377,1
Open Space,2,6,0.5,0.5,0.5,0.6,True,0.001770333998138085,0.0004141670069657266,0.0017600420105736703,4,8,2,8,0,10,9,0,26.82875490042155,1
Open Space,3,6,0.5,0.5,0.5,0.6,True,0.0017480419774074107,0.00035633399966172874,0.001737374986987561,8,3,1,8,0,9,9,0,25.27157744442767,1
Open Space,4,6,0.5,0.5,0.5,0.6,True,0.0017372920119669288,0.00036750000435858965,0.001726166985463351,5,6,1,8,0,9,9,0,25.672037701432178,1
Open Space,5,6,0.5,0.5,0.5,0.6,True,0.0017444590048398823,0.00037237501237541437,0.0017339170153718442,5,6,1,8,0,9,9,0,27.440133575826017,1
Open Space,6,6,0.5,0.5,0.5,0.6,True,0.0020113329810556024,0.0005093749787192792,0.0019996249757241458,7,7,3,9,0,13,10,0,28.247554013285278,1
Open Space,7,6,0.5,0.5,0.5,0.6,True,0.001874583977041766,0.00032766698859632015,0.0018632089777383953,4,7,0,9,0,9,10,0,27.111749865341583,1
Open Space,8,6,0.5,0.5,0.5,0.6,True,0.0018619580077938735,0.0003586249949876219,0.0018507910135667771,4,7,0,9,0,9,10,0,27.608116252775446,1
Open Space,9,6,0.5,0.5,0.5,0.6,True,0.0020724589994642884,0.0004617090162355453,0.002061334002064541,7,6,2,9,0,11,10,0,30.03948355896274,1
Open Space,10,6,0.5,0.5,0.5,0.6,True,0.0018371250189375132,0.0003830410132650286,0.0018270000000484288,7,5,2,8,0,10,9,0,27.830791979100006,1
Open Space,11,6,0.5,0.5,0.5,0.6,True,0.0017639169818721712,0.0004353749973233789,0.0017536249943077564,3,9,2,8,0,10,9,0,26.255598248147088,1
Open Space,12,6,0.5,0.5,0.5,0.6,True,0.002171375002944842,0.00034541700733825564,0.0021594170248135924,6,7,0,10,1,12,12,1,28.07834441718909,2
Open Space,13,6,0.5,0.5,0.5,0.6,True,0.001739625004120171,0.0003272920148447156,0.0017285840003751218,3,8,0,9,0,9,10,0,25.848780774936653,1
Open Space,14,6,0.5,0.5,0.5,0.6,True,0.001961333997314796,0.00044158397940918803,0.0019502089999150485,8,5,2,9,0,11,10,0,30.23342959486083,1
Open Space,15,6,0.5,0.5,0.5,0.6,True,0.0017153329972643405,0.00035179199767298996,0.001705207978375256,7,4,1,8,0,9,9,0,25.620970154046255,1
Open Space,16,6,0.5,0.5,0.5,0.6,True,0.0019301660067867488,0.0003809999907389283,0.0019190830062143505,5,7,1,9,0,10,10,0,29.822452189017852,1
Open Space,17,6,0.5,0.5,0.5,0.6,True,0.0018346660071983933,0.00038070802111178637,0.0018197500030510128,6,5,1,8,0,9,9,0,27.285433524392445,1
Open Space,18,6,0.5,0.5,0.5,0.6,True,0.002422833989840001,0.0004118339857086539,0.002411083987681195,8,4,1,9,0,10,10,0,30.27937809626414,1
Open Space,19,6,0.5,0.5,0.5,0.6,True,0.0025242090050596744,0.0004335420089773834,0.0025120840000454336,9,7,1,11,2,14,16,4,31.62338441817529,5
Open Space,20,6,0.5,0.5,0.5,0.6,True,0.0021371660113800317,0.00040362501749768853,0.0021248749981168658,5,7,0,10,0,10,11,0,33.36160448313382,1
Open Space,21,6,0.5,0.5,0.5,0.6,True,0.0028706250013783574,0.0007346670026890934,0.002856292005162686,10,11,6,12,1,22,14,1,32.195135088171305,2
Open Space,22,6,0.5,0.5,0.5,0.6,True,0.0018107500218320638,0.00037216601776890457,0.0017995410016737878,6,5,0,9,0,9,10,0,25.900395022624913,1
Open Space,23,6,0.5,0.5,0.5,0.6,True,0.001789166999515146,0.00039758399361744523,0.0017784170049708337,7,4,1,8,0,9,9,0,25.285115913747937,1
Open Space,24,6,0.5,0.5,0.5,0.6,True,0.0020922920084558427,0.00044025000534020364,0.0020803340012207627,5,7,0,10,0,10,11,0,33.23012440974849,1
Open Space,25,6,0.5,0.5,0.5,0.6,True,0.002088332985294983,0.0003994579892605543,0.002076207980280742,5,7,0,10,0,10,11,0,31.540742455185043,1
Open Space,26,6,0.5,0.5,0.5,0.6,True,0.0018600409966893494,0.0003645409888122231,0.0018490410002414137,7,4,0,9,0,9,10,0,27.740145839641247,1
Open Space,27,6,0.5,0.5,0.5,0.6,True,0.002069625013973564,0.0004881670174654573,0.002058208017842844,8,4,1,9,0,10,10,0,28.37066262229397,1
Open Space,28,6,0.5,0.5,0.5,0.6,True,0.0020588330226019025,0.0005039999959990382,0.0020476250210776925,10,4,3,9,0,12,10,0,29.596414467337276,1
Open Space,29,6,0.5,0.5,0.5,0.6,True,0.00188433300354518,0.00045270801638253033,0.0018732080061454326,7,6,2,9,0,11,10,0,26.968152806700992,1
Open Space,0,7,0.5,0.05,0.1,0.8,True,0.0019585829868447036,0.0003871249791700393,0.0019473329884931445,6,5,0,9,0,9,10,0,29.369971687816005,1
Open Space,1,7,0.5,0.05,0.1,0.8,True,0.0028012920229230076,0.0008894580241758376,0.0027877920074388385,10,12,8,12,0,21,13,0,36.4134027447405,1
Open Space,2,7,0.5,0.05,0.1,0.8,True,0.0019263750000391155,0.0005102920113131404,0.0019153750035911798,6,7,2,9,0,11,10,0,29.05020663966965,1
Open Space,3,7,0.5,0.05,0.1,0.8,True,0.0019555830222088844,0.00044866700773127377,0.0019445420184638351,7,5,1,9,0,10,10,0,30.618889702494748,1
Open Space,4,7,0.5,0.05,0.1,0.8,True,0.0018863750156015158,0.000408667023293674,0.0018754170159809291,6,6,1,9,0,10,10,0,27.559505506147786,1
Open Space,5,7,0.5,0.05,0.1,0.8,True,0.0019081250065937638,0.0003917499852832407,0.0018971250101458281,5,6,0,9,0,9,10,0,27.150661733581153,1
Open Space,6,7,0.5,0.05,0.1,0.8,True,0.0019605419947765768,0.00045762499212287366,0.0019492919964250177,5,8,2,9,0,11,10,0,27.17177433652523,1
Open Space,7,7,0.5,0.05,0.1,0.8,True,0.0020936659711878747,0.0005206249770708382,0.0020817909971810877,6,8,3,9,0,12,10,0,27.96527612121998,1
Open Space,8,7,0.5,0.05,0.1,0.8,True,0.002076915989164263,0.0005881249962840229,0.0020655829866882414,6,9,4,9,0,14,10,0,29.51138136925264,1
Open Space,9,7,0.5,0.05,0.1,0.8,True,0.002320125000551343,0.0009195840102620423,0.0023098340025171638,4,8,2,8,0,10,9,0,30.15186247253481,1
Open Space,10,7,0.5,0.05,0.1,0.8,True,0.002150417014490813,0.0005061250121798366,0.002138417010428384,9,5,2,10,0,12,11,0,30.56508635672341,1
Open Space,11,7,0.5,0.05,0.1,0.8,True,0.0018439999839756638,0.0003648329875431955,0.0018330829916521907,6,5,0,9,0,9,10,0,27.82570187221714,1
Open Space,12,7,0.5,0.05,0.1,0.8,True,0.0020830830035265535,0.00047724999603815377,0.0020712910045403987,7,6,1,10,0,11,11,0,31.348537514176474,1
Open Space,13,7,0.5,0.05,0.1,0.8,True,0.0021951250091660768,0.00046275000204332173,0.002183042000979185,9,4,1,10,0,11,11,0,32.43950523071833,1
Open Space,14,7,0.5,0.05,0.1,0.8,True,0.002810375008266419,0.0008326660026796162,0.0027965409972239286,10,9,5,12,0,19,13,0,32.064966010520806,1
Open Space,15,7,0.5,0.05,0.1,0.8,True,0.00215612500323914,0.00043512502452358603,0.0021442500001285225,7,5,0,10,0,10,11,0,32.90025349381289,1
Open Space,16,7,0.5,0.05,0.1,0.8,True,0.0019210830214433372,0.00036962502053938806,0.0019102079968433827,6,5,0,9,0,9,10,0,29.005181557658556,1
Open Space,17,7,0.5,0.05,0.1,0.8,True,0.0026128330209758133,0.0010445000079926103,0.002600583015009761,11,13,12,10,0,25,11,0,26.657335238045704,1
Open Space,18,7,0.5,0.05,0.1,0.8,True,0.00240208298782818,0.0006767910090275109,0.002390000008745119,8,9,5,10,0,16,11,0,31.28108511448704,1
Open Space,19,7,0.5,0.05,0.1,0.8,True,0.0018955839914269745,0.00046904198825359344,0.001884750003227964,6,7,2,9,0,11,10,0,25.67657150878707,1
Open Space,20,7,0.5,0.05,0.1,0.8,True,0.0023186250182334334,0.0005556250107474625,0.002305833011632785,4,11,2,11,0,13,12,0,34.35045453585536,1
Open Space,21,7,0.5,0.05,0.1,0.8,True,0.0020777920144610107,0.000502750015584752,0.002066792018013075,7,6,3,8,0,12,9,0,28.41103434444434,1
Open Space,22,7,0.5,0.05,0.1,0.8,True,0.0020408749987836927,0.00042787499842233956,0.0020296250004321337,6,7,1,9,1,11,11,1,28.885268201166355,2
Open Space,23,7,0.5,0.05,0.1,0.8,True,0.002811208018101752,0.0010137500066775829,0.002798542001983151,15,10,12,11,0,25,12,0,30.97529635829871,1
Open Space,24,7,0.5,0.05,0.1,0.8,True,0.0019521249923855066,0.00046195799950510263,0.0019394579867366701,5,8,2,9,0,11,10,0,27.76083686792139,1
Open Space,25,7,0.5,0.05,0.1,0.8,True,0.0022366670018527657,0.0006073339900467545,0.0022257500095292926,5,11,5,9,0,14,10,0,30.898657797519938,1
Open Space,26,7,0.5,0.05,0.1,0.8,True,0.0018302919925190508,0.00038800001493655145,0.0018189169932156801,7,4,0,9,0,9,10,0,25.767718834004803,1
Open Space,27,7,0.5,0.05,0.1,0.8,True,0.0027238749898970127,0.0007429580145981163,0.0027102919993922114,5,13,4,12,0,17,13,0,35.295265041852254,1
Open Space,28,7,0.5,0.05,0.1,0.8,True,0.0023944160202518106,0.00050637501408346,0.0023831660219002515,7,7,3,9,0,12,10,0,31.54692601237422,1
Open Space,29,7,0.5,0.05,0.1,0.8,True,0.0019223330018576235,0.00043750001350417733,0.0019111669971607625,7,5,1,9,0,10,10,0,29.33060530147088,1
Open Space,0,8,0.5,0.05,0.0,0.6,True,0.002180125011363998,0.0005467500013764948,0.0021675830066669732,5,10,4,9,0,13,10,0,28.909573684419406,1
Open Space,1,8,0.5,0.05,0.0,0.6,True,0.0019426660146564245,0.00046470799134112895,0.0019316660182084888,6,6,1,9,0,10,10,0,27.8618697182879,1
Open Space,2,8,0.5,0.05,0.0,0.6,True,0.001958667009603232,0.00046212499728426337,0.001947375014424324,4,9,2,9,0,11,10,0,31.387730778923697,1
Open Space,3,8,0.5,0.05,0.0,0.6,True,0.001852165994932875,0.0005069579929113388,0.0018420409760437906,6,8,4,8,0,12,9,0,28.20677487427695,1
Open Space,4,8,0.5,0.05,0.0,0.6,True,0.0018910409999080002,0.000534624996362254,0.0018809160101227462,6,9,5,8,0,13,9,0,28.81777751984277,1
Open Space,5,8,0.5,0.05,0.0,0.6,True,0.0020341250055935234,0.0005109159974381328,0.0020232080132700503,6,8,3,9,0,12,10,0,27.984836280307764,1
Open Space,6,8,0.5,0.05,0.0,0.6,True,0.0024423330032732338,0.0005721249908674508,0.0024310410080943257,7,10,4,10,1,15,12,1,32.29288062957114,2
Open Space,7,8,0.5,0.05,0.0,0.6,True,0.0020553749927785248,0.0005599999858532101,0.0020427919807843864,8,6,3,9,0,12,10,0,30.383648686829968,1
Open Space,8,8,0.5,0.05,0.0,0.6,True,0.0022504579974338412,0.0005797079938929528,0.0022383749892469496,5,11,4,10,0,15,11,0,32.37402823873079,1
Open Space,9,8,0.5,0.05,0.0,0.6,True,0.002416458009975031,0.0007139999943319708,0.002403708000201732,9,9,5,11,0,17,12,0,30.664167469626324,1
Open Space,10,8,0.5,0.05,0.0,0.6,True,0.0019120830111205578,0.00039379100780934095,0.0019009580137208104,6,5,0,9,0,9,10,0,28.812015009925393,1
Open Space,11,8,0.5,0.05,0.0,0.6,True,0.002276958985021338,0.0005937089736107737,0.002264749986352399,9,6,3,10,0,14,11,0,31.25566031203708,1
Open Space,12,8,0.5,0.05,0.0,0.6,True,0.0023239169968292117,0.0006501249736174941,0.002311041986104101,10,7,4,11,0,15,12,0,33.337823392924435,1
Open Space,13,8,0.5,0.05,0.0,0.6,True,0.002049125003395602,0.0005087500030640513,0.0020379580091685057,7,7,3,9,0,12,10,0,30.47837148714035,1
Open Space,14,8,0.5,0.05,0.0,0.6,True,0.0036922080034855753,0.001493374991696328,0.0036768749996554106,14,18,16,14,0,36,15,0,33.63067668555299,1
Open Space,15,8,0.5,0.05,0.0,0.6,True,0.0019765000033658,0.00046183299855329096,0.0019653330091387033,9,4,2,9,0,11,10,0,29.353519027306618,1
Open Space,16,8,0.5,0.05,0.0,0.6,True,0.0020355000160634518,0.00047054101014509797,0.002024500019615516,5,7,1,9,0,10,10,0,31.49604175498058,1
Open Space,17,8,0.5,0.05,0.0,0.6,True,0.0027685000095516443,0.0005424580012913793,0.0027556669956538826,9,6,2,11,0,14,12,0,32.91216624618567,1
Open Space,18,8,0.5,0.05,0.0,0.6,True,0.0019407910003792495,0.0005565000174101442,0.0019303750013932586,5,10,5,8,0,13,9,0,27.02855746228614,1
Open Space,19,8,0.5,0.05,0.0,0.6,True,0.002068750007310882,0.0004964999970979989,0.002058042009593919,9,4,2,9,0,11,10,0,29.09103994633481,1
Open Space,20,8,0.5,0.05,0.0,0.6,True,0.0022117079934105277,0.000533541984623298,0.0022001249890308827,5,9,2,10,0,12,11,0,34.48745591873682,1
Open Space,21,8,0.5,0.05,0.0,0.6,True,0.002701291989069432,0.0009645000100135803,0.0026894999900832772,15,7,10,10,0,21,11,0,28.69926162893014,1
Open Space,22,8,0.5,0.05,0.0,0.6,True,0.002125166996847838,0.0005337079928722233,0.0021122919861227274,4,10,3,9,0,13,10,0,26.74483532598596,1
Open Space,23,8,0.5,0.05,0.0,0.6,True,0.002046082983724773,0.0005871659959666431,0.002035415993304923,5,10,5,8,0,13,9,0,29.44965414726604,1
Open Space,24,8,0.5,0.05,0.0,0.6,True,0.0024031249922700226,0.0006555840082000941,0.002391334011917934,11,5,4,10,0,15,11,0,31.93620922130717,1
Open Space,25,8,0.5,0.05,0.0,0.6,True,0.002152083005057648,0.0006300410022959113,0.002141125005437061,12,5,6,9,0,15,10,0,31.378623239838166,1
Open Space,26,8,0.5,0.05,0.0,0.6,True,0.002263208996737376,0.0007721669971942902,0.0022520000056829304,8,11,8,9,0,18,10,0,28.361237368515145,1
Open Space,27,8,0.5,0.05,0.0,0.6,True,0.0021698750206269324,0.0007045420061331242,0.0021596250007860363,7,11,8,8,0,16,9,0,31.63658802838657,1
Open Space,28,8,0.5,0.05,0.0,0.6,True,0.0018782909901347011,0.00039308299892582,0.001867415994638577,8,3,0,9,0,9,10,0,25.452061866617882,1
Open Space,29,8,0.5,0.05,0.0,0.6,True,0.0021631249983329326,0.0005952090141363442,0.0021512919920496643,7,8,3,10,0,13,11,0,29.747783381406805,1
Open Space,0,9,0.5,0.05,0.95,0.6,True,0.0016670839977450669,0.00028612499590963125,0.0016563340032007545,4,6,0,8,0,8,9,0,24.83948469674844,1
Open Space,1,9,0.5,0.05,0.95,0.6,True,0.001669332996243611,0.00032049999572336674,0.0016582499956712127,10,1,0,9,0,9,10,0,24.932222120968895,1
Open Space,2,9,0.5,0.05,0.95,0.6,True,0.0019331660005263984,0.00035904097603634,0.001921666000271216,7,4,0,9,0,9,10,0,26.68775565172778,1
Open Space,3,9,0.5,0.05,0.95,0.6,True,0.0016787500062491745,0.00030691700521856546,0.0016682500136084855,5,5,0,8,0,8,9,0,24.83948469674844,1
Open Space,4,9,0.5,0.05,0.95,0.6,True,0.0017032909963745624,0.00031254100031219423,0.001692582998657599,3,7,0,8,0,8,9,0,24.83948469674844,1
Open Space,5,9,0.5,0.05,0.95,0.6,True,0.0017734169960021973,0.0004124999977648258,0.0017631250084377825,6,5,1,8,0,9,9,0,25.354880187896836,1
Open Space,6,9,0.5,0.05,0.95,0.6,True,0.001672249985858798,0.000305499997921288,0.0016618339868728071,5,5,0,8,0,8,9,0,24.83948469674844,1
Open Space,7,9,0.5,0.05,0.95,0.6,True,0.001701957982731983,0.00030949999927543104,0.001691082987235859,6,4,0,8,0,8,9,0,24.83948469674844,1
Open Space,8,9,0.5,0.05,0.95,0.6,True,0.0016465840162709355,0.000286666996544227,0.001636375003727153,6,4,0,8,0,8,9,0,24.839484696748443,1
Open Space,9,9,0.5,0.05,0.95,0.6,True,0.001962166978046298,0.000257334002526477,0.0019519169873092324,8,2,0,8,0,8,9,0,24.839484696748443,1
Open Space,10,9,0.5,0.05,0.95,0.6,True,0.0016155419871211052,0.00028891698457300663,0.001605208992259577,3,7,0,8,0,8,9,0,24.83948469674844,1
Open Space,11,9,0.5,0.05,0.95,0.6,True,0.0018471250077709556,0.0003208330017514527,0.0018346670258324593,3,8,0,9,0,9,10,0,27.332426243094456,1
Open Space,12,9,0.5,0.05,0.95,0.6,True,0.0016388329968322068,0.0002852909965440631,0.001628541009267792,9,2,1,8,0,9,9,0,24.839484696748443,1
Open Space,13,9,0.5,0.05,0.95,0.6,True,0.001641500013647601,0.000286291993688792,0.0016310840146616101,6,4,0,8,0,8,9,0,24.839484696748443,1
Open Space,14,9,0.5,0.05,0.95,0.6,True,0.0016145830159075558,0.0002941249986179173,0.001604207995114848,7,3,0,8,0,8,9,0,24.839484696748436,1
Open Space,15,9,0.5,0.05,0.95,0.6,True,0.0016473330033477396,0.0002764160162769258,0.0016362500027753413,1,10,1,8,0,9,9,0,24.839484696748446,1
Open Space,16,9,0.5,0.05,0.95,0.6,True,0.0016618749941699207,0.00030625000363215804,0.0016513750015292317,4,6,0,8,0,8,9,0,24.83948469674844,1
Open Space,17,9,0.5,0.05,0.95,0.6,True,0.0016906250093597919,0.0003052090178243816,0.0016799590084701777,4,6,0,8,0,8,9,0,24.83948469674844,1
Open Space,18,9,0.5,0.05,0.95,0.6,True,0.0018873329972848296,0.0003473329998087138,0.001876041991636157,5,6,0,9,0,9,10,0,26.979681663632594,1
Open Space,19,9,0.5,0.05,0.95,0.6,True,0.0016904579824768007,0.00027187500381842256,0.0016801249876152724,6,4,0,8,0,8,9,0,24.839484696748443,1
Open Space,20,9,0.5,0.05,0.95,0.6,True,0.0016767500201240182,0.0003044170152861625,0.0016658750246278942,6,4,0,8,0,8,9,0,24.83948469674844,1
Open Space,21,9,0.5,0.05,0.95,0.6,True,0.0019048749818466604,0.0003472499956842512,0.0018932909879367799,6,5,0,9,0,9,10,0,27.69973854110853,1
Open Space,22,9,0.5,0.05,0.95,0.6,True,0.0017977080133277923,0.000358000019332394,0.001786583015928045,4,7,0,9,0,9,10,0,26.082252978922345,1
Open Space,23,9,0.5,0.05,0.95,0.6,True,0.00169104099040851,0.0002999580174218863,0.0016804999904707074,6,4,0,8,0,8,9,0,24.840212324399584,1
Open Space,24,9,0.5,0.05,0.95,0.6,True,0.001636790984775871,0.0003048329963348806,0.0016263749857898802,5,5,0,8,0,8,9,0,24.839484696748443,1
Open Space,25,9,0.5,0.05,0.95,0.6,True,0.0016101250075735152,0.00029770800028927624,0.001599790994077921,6,4,0,8,0,8,9,0,24.839484696748443,1
Open Space,26,9,0.5,0.05,0.95,0.6,True,0.0016398750012740493,0.0003157909959554672,0.0016297500114887953,4,6,0,8,0,8,9,0,24.839484696748436,1
Open Space,27,9,0.5,0.05,0.95,0.6,True,0.0016250839980784804,0.000288500013994053,0.0016148340073414147,5,5,0,8,0,8,9,0,24.839484696748443,1
Open Space,28,9,0.5,0.05,0.95,0.6,True,0.0018952500249724835,0.0003661670198198408,0.0018840000266209245,6,5,0,9,0,9,10,0,27.100294240449802,1
Open Space,29,9,0.5,0.05,0.95,0.6,True,0.001608207996468991,0.0002891249896492809,0.0015980409807525575,8,2,0,8,0,8,9,0,24.863059190534734,1
Open Space,0,10,0.5,0.01,0.5,0.6,True,0.001920500013511628,0.00042875000508502126,0.0019096249889116734,4,8,1,9,0,10,10,0,28.482234196201727,1
Open Space,1,10,0.5,0.01,0.5,0.6,True,0.0017562500142958015,0.00039770800503902137,0.0017457919893786311,7,4,1,8,0,9,9,0,26.174259443929465,1
Open Space,2,10,0.5,0.01,0.5,0.6,True,0.0019502089999150485,0.0004134170012548566,0.0019388750079087913,6,5,0,9,0,9,10,0,27.281482522363916,1
Open Space,3,10,0.5,0.01,0.5,0.6,True,0.0018198339967057109,0.0003684170078486204,0.0018085420015268028,6,5,0,9,0,9,10,0,25.99593240737424,1
Open Space,4,10,0.5,0.01,0.5,0.6,True,0.0023061659885570407,0.0008309579861816019,0.002294874982908368,7,5,1,9,0,10,10,0,25.713603394608942,1
Open Space,5,10,0.5,0.01,0.5,0.6,True,0.0019657920056488365,0.0003991250123362988,0.001954292005393654,4,7,0,9,0,9,10,0,27.568729174994306,1
Open Space,6,10,0.5,0.01,0.5,0.6,True,0.001851792010711506,0.00041941701783798635,0.0018407080206088722,6,6,1,9,0,10,10,0,25.914740427044336,1
Open Space,7,10,0.5,0.01,0.5,0.6,True,0.001982042012969032,0.00038300000596791506,0.0019703330181073397,7,4,0,9,0,9,10,0,26.57448017999718,1
Open Space,8,10,0.5,0.01,0.5,0.6,True,0.002081916987663135,0.00042191697866655886,0.002069958980428055,7,5,0,10,0,10,11,0,33.38737538893906,1
Open Space,9,10,0.5,0.01,0.5,0.6,True,0.0017859169747680426,0.00035416698665358126,0.0017749169783201069,7,4,0,9,0,9,10,0,26.39723851473952,1
Open Space,10,10,0.5,0.01,0.5,0.6,True,0.0017446250130888075,0.00033066602190956473,0.0017333750147372484,7,4,0,9,0,9,10,0,26.074472692915307,1
Open Space,11,10,0.5,0.01,0.5,0.6,True,0.0018794579955283552,0.00035937500069849193,0.001868374994955957,7,4,0,9,0,9,10,0,27.662520127389303,1
Open Space,12,10,0.5,0.01,0.5,0.6,True,0.0017817920015659183,0.00038724998012185097,0.0017709579842630774,6,5,0,9,0,9,10,0,26.01083207942816,1
Open Space,13,10,0.5,0.01,0.5,0.6,True,0.001935042004333809,0.0005037499940954149,0.001924207987030968,8,6,3,9,0,12,10,0,26.48652787116416,1
Open Space,14,10,0.5,0.01,0.5,0.6,True,0.0019245830189902335,0.00042512500658631325,0.0019134580215904862,5,7,1,9,0,10,10,0,27.11983051620111,1
Open Space,15,10,0.5,0.01,0.5,0.6,True,0.002249292010674253,0.0007306250045076013,0.0022367500059772283,8,10,7,9,0,17,10,0,25.714487359909633,1
Open Space,16,10,0.5,0.01,0.5,0.6,True,0.0016913749859668314,0.00036995799746364355,0.0016812079993542284,6,5,1,8,0,9,9,0,24.91393393364903,1
Open Space,17,10,0.5,0.01,0.5,0.6,True,0.0017780410125851631,0.0004377080185804516,0.0017674580158200115,4,8,2,8,0,10,9,0,25.360280817140854,1
Open Space,18,10,0.5,0.01,0.5,0.6,True,0.0017712079861667007,0.00037862497265450656,0.0017602919833734632,5,7,1,9,0,10,10,0,25.572632978476523,1
Open Space,19,10,0.5,0.01,0.5,0.6,True,0.002193082997109741,0.0005305829981807619,0.0021812079939991236,8,6,2,10,0,12,11,0,35.28920209675783,1
Open Space,20,10,0.5,0.01,0.5,0.6,True,0.001875957997981459,0.00035341698094271123,0.0018648749974090606,5,6,0,9,0,9,10,0,27.750563433661174,1
Open Space,21,10,0.5,0.01,0.5,0.6,True,0.0019242499838583171,0.0004118329961784184,0.0019121250079479069,5,7,1,9,0,10,10,0,28.69856725964037,1
Open Space,22,10,0.5,0.01,0.5,0.6,True,0.0018562500190455467,0.0003504579945001751,0.0018451659998390824,4,7,0,9,0,9,10,0,26.925001986195888,1
Open Space,23,10,0.5,0.01,0.5,0.6,True,0.0017372080183122307,0.0003654580214060843,0.001726208021864295,7,4,0,9,0,9,10,0,25.304961778290696,1
Open Space,24,10,0.5,0.01,0.5,0.6,True,0.0017897079815156758,0.0003901669988408685,0.0017787499818950891,6,6,1,9,0,10,10,0,28.133154166231826,1
Open Space,25,10,0.5,0.01,0.5,0.6,True,0.001932041981490329,0.0003985829825978726,0.0019210829923395067,5,7,1,9,0,10,10,0,29.173975457484637,1
Open Space,26,10,0.5,0.01,0.5,0.6,True,0.002178958005970344,0.00036041601561009884,0.0021680000063497573,6,5,0,9,0,9,10,0,25.705397396661432,1
Open Space,27,10,0.5,0.01,0.5,0.6,True,0.0017016670026350766,0.0003895000263582915,0.0016916670138016343,3,9,2,8,0,10,9,0,26.250751506884708,1
Open Space,28,10,0.5,0.01,0.5,0.6,True,0.0019284170120954514,0.0003490000090096146,0.00191687501501292,4,7,0,9,0,9,10,0,27.760071204384264,1
Open Space,29,10,0.5,0.01,0.5,0.6,True,0.0021518749999813735,0.00047812500270083547,0.002139749994967133,6,7,1,10,0,11,11,0,33.37442803517509,1
Random Map,0,0,0.5,0.05,0.5,0.6,False,0.020159834006335586,0.0010011249978560954,,7,11,1,9,6,16,19,10,0.0,10
Random Map,1,0,0.5,0.05,0.5,0.6,False,0.022350332990754396,0.0014530420012306422,,11,16,6,10,9,28,20,10,0.0,10
Random Map,2,0,0.5,0.05,0.5,0.6,False,0.017078750010114163,0.0010447920067235827,,8,10,1,8,7,16,18,10,0.0,10
Random Map,3,0,0.5,0.05,0.5,0.6,True,0.014943832997232676,0.0010212080087512732,0.014933958009351045,5,6,1,7,1,9,10,2,21.30617001781323,3
Random Map,4,0,0.5,0.05,0.5,0.6,False,0.012471000023651868,0.0009759170061443001,,9,9,1,6,9,16,16,10,0.0,10
Random Map,5,0,0.5,0.05,0.5,0.6,False,0.017677249998087063,0.0014215830015018582,,13,8,3,7,9,19,17,10,0.0,10
Random Map,6,0,0.5,0.05,0.5,0.6,False,0.01581504099885933,0.0010758750140666962,,13,11,6,6,10,22,16,10,0.0,10
Random Map,7,0,0.5,0.05,0.5,0.6,False,0.017924959014635533,0.0007653750071767718,,8,10,1,9,6,16,19,10,0.0,10
Random Map,8,0,0.5,0.05,0.5,0.6,True,0.021574000013060868,0.0008345409878529608,0.021563540998613462,12,9,2,8,9,19,18,9,22.362584099029746,10
Random Map,9,0,0.5,0.05,0.5,0.6,True,0.017634999996516854,0.0010046249954029918,0.01762358398991637,13,9,5,7,8,20,17,9,19.857452840576613,10
Random Map,10,0,0.5,0.05,0.5,0.6,False,0.015555082994978875,0.0008698749879840761,,10,13,7,7,7,22,17,10,0.0,10
Random Map,11,0,0.5,0.05,0.5,0.6,False,0.01900816598208621,0.0009243749955203384,,13,7,2,8,8,18,18,10,0.0,10
Random Map,12,0,0.5,0.05,0.5,0.6,False,0.01741604201379232,0.001247250009328127,,12,10,4,9,7,20,19,10,0.0,10
Random Map,13,0,0.5,0.05,0.5,0.6,True,0.018728875002125278,0.0010380420135334134,0.01871595799457282,7,7,1,9,2,12,15,5,23.912232258497504,6
Random Map,14,0,0.5,0.05,0.5,0.6,False,0.01624020899180323,0.001105041999835521,,11,10,3,8,8,20,18,10,0.0,10
Random Map,15,0,0.5,0.05,0.5,0.6,False,0.019083459017565474,0.0010629589960444719,,9,10,2,9,6,17,19,10,0.0,10
Random Map,16,0,0.5,0.05,0.5,0.6,True,0.018003083998337388,0.0010640000109560788,0.017991667002206668,10,6,2,9,3,15,14,4,21.348314848812237,5
Random Map,17,0,0.5,0.05,0.5,0.6,False,0.017995082976995036,0.0008204999903682619,,8,9,1,8,6,16,18,10,0.0,10
Random Map,18,0,0.5,0.05,0.5,0.6,False,0.02151508300448768,0.0014111670025158674,,10,13,4,11,6,22,21,10,0.0,10
Random Map,19,0,0.5,0.05,0.5,0.6,False,0.015836666018003598,0.0008085410227067769,,11,10,4,7,8,22,17,10,0.0,10
Random Map,20,0,0.5,0.05,0.5,0.6,False,0.022134375001769513,0.00140954100061208,,14,14,8,10,8,30,20,10,0.0,10
Random Map,21,0,0.5,0.05,0.5,0.6,True,0.014814082998782396,0.0010310829966329038,0.014802457997575402,4,6,0,7,1,8,9,1,18.288745739926043,2
Random Map,22,0,0.5,0.05,0.5,0.6,True,0.01929424999980256,0.001077624998288229,0.019284000009065494,9,8,1,9,5,15,17,7,20.113279299722574,8
Random Map,23,0,0.5,0.05,0.5,0.6,False,0.019447958999080583,0.001613917003851384,,13,16,9,9,9,32,19,10,0.0,10
Random Map,24,0,0.5,0.05,0.5,0.6,True,0.0198831669986248,0.0010983750107698143,0.019872917007887736,7,8,1,9,3,13,13,3,18.568862012454506,4
Random Map,25,0,0.5,0.05,0.5,0.6,True,0.024979666981380433,0.0008994999807327986,0.024966208002297208,12,10,4,12,4,22,20,7,21.808349843325953,8
Random Map,26,0,0.5,0.05,0.5,0.6,False,0.018750500021269545,0.0009453750099055469,,14,9,5,9,7,21,19,10,0.0,10
Random Map,27,0,0.5,0.05,0.5,0.6,False,0.01858279199223034,0.0013024579966440797,,9,12,2,8,9,19,18,10,0.0,10
Random Map,28,0,0.5,0.05,0.5,0.6,False,0.022893874993314967,0.0010334580147173256,,7,18,6,11,6,25,21,10,0.0,10
Random Map,29,0,0.5,0.05,0.5,0.6,True,0.023403999977745116,0.000770624988945201,0.02339266598573886,12,6,2,10,4,17,18,7,19.44418372273539,8
Random Map,0,1,1.0,0.05,0.5,0.6,False,0.02017216698732227,0.0009256670018658042,,12,13,7,9,7,24,19,10,0.0,10
Random Map,1,1,1.0,0.05,0.5,0.6,True,0.022386583004845306,0.0008348330156877637,0.022376041015377268,8,11,3,8,6,17,16,7,21.845994880595587,8
Random Map,2,1,1.0,0.05,0.5,0.6,True,0.02379899998777546,0.0010380409948993474,0.023786957986885682,9,10,2,10,5,17,17,6,25.671152409791738,7
Random Map,3,1,1.0,0.05,0.5,0.6,True,0.02427216700743884,0.0008394169854000211,0.024259666999569163,14,7,2,11,6,20,19,7,25.816035035047044,8
Random Map,4,1,1.0,0.05,0.5,0.6,False,0.015813542006071657,0.0007567499997094274,,5,13,1,7,8,16,17,10,0.0,10
Random Map,5,1,1.0,0.05,0.5,0.6,True,0.023873875004937872,0.00128749999566935,0.023862667003413662,9,8,1,11,3,16,18,6,21.45782540898302,7
Random Map,6,1,1.0,0.05,0.5,0.6,False,0.01747474999865517,0.0010532909946050495,,9,12,4,7,8,19,17,10,0.0,10
Random Map,7,1,1.0,0.05,0.5,0.6,True,0.01779537502443418,0.0008717919990886003,0.01778354201815091,7,8,1,10,2,14,15,4,22.20934801275519,5
Random Map,8,1,1.0,0.05,0.5,0.6,False,0.02283375000115484,0.0022255409858189523,,18,9,7,11,7,28,21,10,0.0,10
Random Map,9,1,1.0,0.05,0.5,0.6,False,0.02229479100788012,0.0013422080082818866,,18,10,8,12,6,33,22,10,0.0,10
Random Map,10,1,1.0,0.05,0.5,0.6,True,0.02067983301822096,0.0013933750160504133,0.020666750002419576,7,13,2,11,5,20,20,8,22.505996701422458,9
Random Map,11,1,1.0,0.05,0.5,0.6,False,0.01834679101011716,0.0008294160070363432,,8,13,4,8,7,20,18,10,0.0,10
Random Map,12,1,1.0,0.05,0.5,0.6,False,0.023033457982819527,0.0015132499975152314,,14,9,6,8,7,21,18,10,0.0,10
Random Map,13,1,1.0,0.05,0.5,0.6,True,0.014385666989255697,0.0011061249824706465,0.014376207982422784,3,8,1,6,2,9,9,2,17.87452022999196,3
Random Map,14,1,1.0,0.05,0.5,0.6,False,0.015361417026724666,0.0011027080181520432,,5,14,1,6,10,17,16,10,0.0,10
Random Map,15,1,1.0,0.05,0.5,0.6,False,0.016722208994906396,0.0008310419798363,,10,10,4,8,6,20,18,10,0.0,10
Random Map,16,1,1.0,0.05,0.5,0.6,False,0.015180959017015994,0.0010150420130230486,,7,14,5,5,9,20,15,10,0.0,10
Random Map,17,1,1.0,0.05,0.5,0.6,True,0.020797833014512435,0.00149816699558869,0.020786875014891848,7,10,3,9,3,15,16,6,21.860325283243508,7
Random Map,18,1,1.0,0.05,0.5,0.6,False,0.017108250001911074,0.0009140000038314611,,8,12,3,7,8,18,17,10,0.0,10
Random Map,19,1,1.0,0.05,0.5,0.6,False,0.0175156669865828,0.0012045420007780194,,14,12,7,8,9,24,18,10,0.0,10
Random Map,20,1,1.0,0.05,0.5,0.6,False,0.017549000011058524,0.001472792006097734,,13,12,7,8,8,23,18,10,0.0,10
Random Map,21,1,1.0,0.05,0.5,0.6,True,0.02463345800060779,0.001182125008199364,0.02462237500003539,11,12,5,9,7,23,19,9,18.857152973592555,10
Random Map,22,1,1.0,0.05,0.5,0.6,False,0.01743883400922641,0.0010388340160716325,,10,9,2,7,8,17,17,10,0.0,10
Random Map,23,1,1.0,0.05,0.5,0.6,True,0.01819920801790431,0.0008920830150600523,0.0181893749977462,7,7,0,8,4,12,13,4,20.557688959814822,5
Random Map,24,1,1.0,0.05,0.5,0.6,True,0.018480041006114334,0.0009234159952029586,0.018470375012839213,6,7,0,9,2,11,15,5,20.48690983139572,6
Random Map,25,1,1.0,0.05,0.5,0.6,False,0.017524750001030043,0.0009873750095721334,,9,11,3,8,7,18,18,10,0.0,10
Random Map,26,1,1.0,0.05,0.5,0.6,False,0.019907084002625197,0.0009297090000472963,,9,14,5,9,7,23,19,10,0.0,10
Random Map,27,1,1.0,0.05,0.5,0.6,False,0.017815375002101064,0.0009509999945294112,,6,11,0,9,6,15,19,10,0.0,10
Random Map,28,1,1.0,0.05,0.5,0.6,False,0.01688541698968038,0.0010525840043555945,,9,12,3,7,9,19,17,10,0.0,10
Random Map,29,1,1.0,0.05,0.5,0.6,False,0.017443084012484178,0.0010340000153519213,,8,11,2,8,7,19,18,10,0.0,10
Random Map,0,2,0.5,0.05,0.7,0.6,False,0.01976670799194835,0.00091833301121369,,10,11,3,9,7,20,19,10,0.0,10
Random Map,1,2,0.5,0.05,0.7,0.6,True,0.017070416011847556,0.0008170829969458282,0.017061374994227663,5,7,0,8,2,10,13,4,19.985308535058373,5
Random Map,2,2,0.5,0.05,0.7,0.6,False,0.016048291989136487,0.0011478750093374401,,12,7,0,8,9,18,18,10,0.0,10
Random Map,3,2,0.5,0.05,0.7,0.6,True,0.022700834000715986,0.0008777090115472674,0.022688583994749933,10,11,2,10,7,20,19,8,23.727876028705115,9
Random Map,4,2,0.5,0.05,0.7,0.6,False,0.018666833988390863,0.0008537499816156924,,13,7,3,7,8,19,17,10,0.0,10
Random Map,5,2,0.5,0.05,0.7,0.6,False,0.015752209001220763,0.000958500022534281,,9,9,0,7,9,16,17,10,0.0,10
Random Map,6,2,0.5,0.05,0.7,0.6,False,0.01806795797892846,0.0008156659896485507,,15,5,3,9,6,18,19,10,0.0,10
Random Map,7,2,0.5,0.05,0.7,0.6,False,0.01643337498535402,0.0007830410031601787,,14,11,7,8,8,23,18,10,0.0,10
Random Map,8,2,0.5,0.05,0.7,0.6,False,0.01787758301361464,0.0007357079884968698,,5,12,0,9,6,15,19,10,0.0,10
Random Map,9,2,0.5,0.05,0.7,0.6,True,0.02154324998264201,0.000906708010006696,0.021532124985242262,9,9,2,9,5,16,18,8,21.55583275575514,9
Random Map,10,2,0.5,0.05,0.7,0.6,False,0.020894708984997123,0.0008420420053880662,,8,12,2,10,6,19,20,10,0.0,10
Random Map,11,2,0.5,0.05,0.7,0.6,False,0.019545332994312048,0.0009963749907910824,,11,14,4,10,9,24,20,10,0.0,10
Random Map,12,2,0.5,0.05,0.7,0.6,False,0.014881457987939939,0.0007559169898740947,,9,8,1,6,8,15,16,10,0.0,10
Random Map,13,2,0.5,0.05,0.7,0.6,False,0.014763666986254975,0.0012338329979684204,,16,9,7,6,10,24,16,10,0.0,10
Random Map,14,2,0.5,0.05,0.7,0.6,False,0.01998774998355657,0.001128916977904737,,12,11,4,8,9,22,18,10,0.0,10
Random Map,15,2,0.5,0.05,0.7,0.6,False,0.015735374996438622,0.0011808339913841337,,8,13,5,6,8,20,16,10,0.0,10
Random Map,16,2,0.5,0.05,0.7,0.6,False,0.013962708006147295,0.0008308750111609697,,7,12,2,6,9,17,16,10,0.0,10
Random Map,17,2,0.5,0.05,0.7,0.6,False,0.016390667005907744,0.0012754169874824584,,7,12,1,8,8,18,18,10,0.0,10
Random Map,18,2,0.5,0.05,0.7,0.6,False,0.02099220801028423,0.000982750003458932,,9,14,2,11,8,22,21,10,0.0,10
Random Map,19,2,0.5,0.05,0.7,0.6,False,0.017878207989269868,0.0012124580098316073,,13,8,2,8,9,21,18,10,0.0,10
Random Map,20,2,0.5,0.05,0.7,0.6,False,0.020103874994674698,0.0010153749899473041,,10,9,2,9,6,18,19,10,0.0,10
Random Map,21,2,0.5,0.05,0.7,0.6,False,0.015825499984202906,0.0007451669953297824,,11,9,2,7,9,18,17,10,0.0,10
Random Map,22,2,0.5,0.05,0.7,0.6,False,0.018291708984179422,0.0009406669996678829,,14,6,3,9,6,19,19,10,0.0,10
Random Map,23,2,0.5,0.05,0.7,0.6,False,0.01814712499617599,0.0007772920071147382,,12,9,2,8,9,19,18,10,0.0,10
Random Map,24,2,0.5,0.05,0.7,0.6,True,0.019183541007805616,0.0012580830079969019,0.019172208005329594,14,6,4,9,5,19,16,6,18.787482148507166,7
Random Map,25,2,0.5,0.05,0.7,0.6,True,0.02106195900705643,0.0011179170105606318,0.021051791991339996,8,11,2,10,5,18,20,9,20.77260570440797,10
Random Map,26,2,0.5,0.05,0.7,0.6,False,0.023889208008768037,0.000768416008213535,,11,12,4,13,4,21,23,10,0.0,10
Random Map,27,2,0.5,0.05,0.7,0.6,True,0.015437541005667299,0.0007542500097770244,0.015424790995894,8,6,2,7,3,12,12,4,21.67720040521423,5
Random Map,28,2,0.5,0.05,0.7,0.6,False,0.022724500013282523,0.0009843750158324838,,8,11,0,12,5,19,22,10,0.0,10
Random Map,29,2,0.5,0.05,0.7,0.6,False,0.012780583987478167,0.0010219170071650296,,10,11,4,5,10,19,15,10,0.0,10
Random Map,0,3,1.0,0.2,0.3,0.6,False,0.01958116699825041,0.0011794170131906867,,7,12,1,10,6,17,20,10,0.0,10
Random Map,1,3,1.0,0.2,0.3,0.6,False,0.017140999989351258,0.001825707993702963,,11,13,4,9,9,23,19,10,0.0,10
Random Map,2,3,1.0,0.2,0.3,0.6,False,0.021775208006147295,0.002137083007255569,,13,14,8,10,7,27,20,10,0.0,10
Random Map,3,3,1.0,0.2,0.3,0.6,False,0.01724329197895713,0.0009802079875953496,,8,11,3,6,8,17,16,10,0.0,10
Random Map,4,3,1.0,0.2,0.3,0.6,False,0.021631000010529533,0.0009530830138828605,,10,9,1,10,6,18,20,10,0.0,10
Random Map,5,3,1.0,0.2,0.3,0.6,True,0.024956417008070275,0.0015872920048423111,0.024946208024630323,13,13,10,11,3,25,18,6,18.913753405494194,7
Random Map,6,3,1.0,0.2,0.3,0.6,False,0.019453540997346863,0.00110862500150688,,14,7,4,7,8,20,17,10,0.0,10
Random Map,7,3,1.0,0.2,0.3,0.6,False,0.0206156249914784,0.0008922499837353826,,10,12,5,9,6,21,19,10,0.0,10
Random Map,8,3,1.0,0.2,0.3,0.6,True,0.017339166981400922,0.0013163749827072024,0.01732899999478832,4,9,1,7,3,11,12,4,20.130618614999634,5
Random Map,9,3,1.0,0.2,0.3,0.6,True,0.01535841598524712,0.0010899159824475646,0.015349624998634681,6,6,2,7,1,10,10,2,20.524350797829527,3
Random Map,10,3,1.0,0.2,0.3,0.6,False,0.020512041985057294,0.001186167006380856,,11,7,1,10,5,17,20,10,0.0,10
Random Map,11,3,1.0,0.2,0.3,0.6,False,0.024389375001192093,0.0017817910120356828,,10,12,3,11,6,21,21,10,0.0,10
Random Map,12,3,1.0,0.2,0.3,0.6,False,0.016398792009567842,0.000983875012025237,,6,13,1,8,8,18,18,10,0.0,10
Random Map,13,3,1.0,0.2,0.3,0.6,False,0.01578512499690987,0.0011043330014217645,,14,16,13,5,10,29,15,10,0.0,10
Random Map,14,3,1.0,0.2,0.3,0.6,False,0.022675167012494057,0.0013150830054655671,,11,14,5,10,8,25,20,10,0.0,10
Random Map,15,3,1.0,0.2,0.3,0.6,True,0.014054750005016103,0.00117125001270324,0.014044999988982454,4,5,1,6,0,7,7,0,18.31589434596378,1
Random Map,16,3,1.0,0.2,0.3,0.6,False,0.016350499994587153,0.001334208995103836,,11,9,2,6,10,19,16,10,0.0,10
Random Map,17,3,1.0,0.2,0.3,0.6,False,0.016313625004841015,0.0014599999994970858,,15,7,4,8,8,20,18,10,0.0,10
Random Map,18,3,1.0,0.2,0.3,0.6,True,0.019825374998617917,0.0018160839972551912,0.01981354202143848,13,7,7,9,2,18,13,3,27.616129764937114,4
Random Map,19,3,1.0,0.2,0.3,0.6,True,0.0262967910093721,0.0018275000038556755,0.02628466600435786,15,11,7,10,7,26,20,9,22.10643107190126,10
Random Map,20,3,1.0,0.2,0.3,0.6,True,0.016440333012724295,0.0010795410198625177,0.01643079100176692,9,6,3,7,3,13,13,5,17.744870301265625,6
Random Map,21,3,1.0,0.2,0.3,0.6,False,0.02111258401419036,0.0012264589895494282,,8,10,1,9,6,17,19,10,0.0,10
Random Map,22,3,1.0,0.2,0.3,0.6,True,0.01122362501337193,0.0014701250183861703,0.011214541009394452,7,4,4,5,0,9,6,0,17.44249219414811,1
Random Map,23,3,1.0,0.2,0.3,0.6,False,0.022806417022366077,0.00111087501863949,,14,9,6,9,6,23,19,10,0.0,10
Random Map,24,3,1.0,0.2,0.3,0.6,False,0.02426237502368167,0.001777667028363794,,12,13,5,10,8,25,20,10,0.0,10
Random Map,25,3,1.0,0.2,0.3,0.6,False,0.01785137501428835,0.0015160420152824372,,18,6,7,9,6,24,19,10,0.0,10
Random Map,26,3,1.0,0.2,0.3,0.6,False,0.020107624994125217,0.0012205420061945915,,12,9,3,9,7,20,19,10,0.0,10
Random Map,27,3,1.0,0.2,0.3,0.6,False,0.018794292001985013,0.0010736670228652656,,10,10,3,8,7,18,18,10,0.0,10
Random Map,28,3,1.0,0.2,0.3,0.6,False,0.023826042015571147,0.0013254579971544445,,11,8,0,11,6,17,21,10,0.0,10
Random Map,29,3,1.0,0.2,0.3,0.6,False,0.019716625014552847,0.0010595830099191517,,8,10,0,8,8,17,18,10,0.0,10
Random Map,0,4,1.2,0.2,0.8,0.3,False,0.012958083010744303,0.0008427500142715871,,11,10,4,6,9,20,16,10,0.0,10
Random Map,1,4,1.2,0.2,0.8,0.3,False,0.017862125008832663,0.0009286249987781048,,7,12,0,9,8,18,19,10,0.0,10
Random Map,2,4,1.2,0.2,0.8,0.3,False,0.015736166009446606,0.0007617500086780638,,8,11,2,7,8,17,17,10,0.0,10
Random Map,3,4,1.2,0.2,0.8,0.3,False,0.011544582986971363,0.0007644159777555615,,14,5,3,5,9,17,15,10,0.0,10
Random Map,4,4,1.2,0.2,0.8,0.3,False,0.014667750016087666,0.0007640839903615415,,12,7,2,6,9,17,16,10,0.0,10
Random Map,5,4,1.2,0.2,0.8,0.3,False,0.01616329199168831,0.0011476250074338168,,10,9,0,8,9,19,18,10,0.0,10
Random Map,6,4,1.2,0.2,0.8,0.3,False,0.018461375002516434,0.0006724589911755174,,8,9,0,9,6,16,19,10,0.0,10
Random Map,7,4,1.2,0.2,0.8,0.3,True,0.02198387501994148,0.0009735000203363597,0.021971750014927238,6,13,2,8,7,17,16,7,21.577315675313955,8
Random Map,8,4,1.2,0.2,0.8,0.3,False,0.01542291700025089,0.0009004589810501784,,7,11,1,6,9,16,16,10,0.0,10
Random Map,9,4,1.2,0.2,0.8,0.3,False,0.01619475000188686,0.0010532500164117664,,10,10,3,6,9,18,16,10,0.0,10
Random Map,10,4,1.2,0.2,0.8,0.3,False,0.013781209010630846,0.0008421670063398778,,11,7,0,6,10,17,16,10,0.0,10
Random Map,11,4,1.2,0.2,0.8,0.3,False,0.014867707999655977,0.000961000012466684,,14,5,1,6,10,17,16,10,0.0,10
Random Map,12,4,1.2,0.2,0.8,0.3,True,0.01792524999473244,0.0007747089839540422,0.01791612498345785,5,10,2,8,3,13,14,5,18.825986345636366,6
Random Map,13,4,1.2,0.2,0.8,0.3,False,0.012516457994934171,0.000841583008877933,,12,6,1,5,10,16,15,10,0.0,10
Random Map,14,4,1.2,0.2,0.8,0.3,False,0.0159879999991972,0.000843332993099466,,12,7,0,9,8,20,19,10,0.0,10
Random Map,15,4,1.2,0.2,0.8,0.3,False,0.018147583003155887,0.0007076659821905196,,9,9,0,8,8,17,18,10,0.0,10
Random Map,16,4,1.2,0.2,0.8,0.3,False,0.01758187499945052,0.0008631249947939068,,9,9,1,8,7,16,18,10,0.0,10
Random Map,17,4,1.2,0.2,0.8,0.3,False,0.011770084005547687,0.0007708340126555413,,8,10,1,5,10,16,15,10,0.0,10
Random Map,18,4,1.2,0.2,0.8,0.3,False,0.01760520800598897,0.0007555829943157732,,11,9,3,7,8,19,17,10,0.0,10
Random Map,19,4,1.2,0.2,0.8,0.3,False,0.019114166992949322,0.0010905000090133399,,10,9,0,9,8,18,19,10,0.0,10
Random Map,20,4,1.2,0.2,0.8,0.3,False,0.015617416007444263,0.001015250018099323,,8,10,0,7,9,17,17,10,0.0,10
Random Map,21,4,1.2,0.2,0.8,0.3,False,0.01808004200574942,0.0007685419986955822,,9,12,4,7,8,19,17,10,0.0,10
Random Map,22,4,1.2,0.2,0.8,0.3,False,0.01651379102258943,0.0006972910196054727,,11,7,1,8,7,18,18,10,0.0,10
Random Map,23,4,1.2,0.2,0.8,0.3,False,0.014526624989230186,0.0007027499959804118,,8,9,0,6,9,15,16,10,0.0,10
Random Map,24,4,1.2,0.2,0.8,0.3,False,0.021926333021838218,0.0011780000058934093,,11,13,4,10,8,25,20,10,0.0,10
Random Map,25,4,1.2,0.2,0.8,0.3,False,0.01949499998590909,0.0009960419847629964,,7,14,3,9,7,19,19,10,0.0,10
Random Map,26,4,1.2,0.2,0.8,0.3,False,0.01526275000651367,0.0009369580075144768,,10,9,1,6,10,17,16,10,0.0,10
Random Map,27,4,1.2,0.2,0.8,0.3,False,0.016877542017027736,0.0009274170151911676,,8,10,0,10,6,19,20,10,0.0,10
Random Map,28,4,1.2,0.2,0.8,0.3,False,0.013696166017325595,0.0006830409984104335,,11,8,2,6,9,17,16,10,0.0,10
Random Map,29,4,1.2,0.2,0.8,0.3,False,0.01672929199412465,0.0008588340133428574,,7,12,1,6,10,17,16,10,0.0,10
Random Map,0,5,0.5,0.05,0.5,0.05,False,0.023221666022436693,0.0010919580236077309,,16,8,4,11,7,23,21,10,0.0,10
Random Map,1,5,0.5,0.05,0.5,0.05,False,0.020728417002828792,0.0010604590061120689,,10,13,3,9,9,21,19,10,0.0,10
Random Map,2,5,0.5,0.05,0.5,0.05,False,0.015619667014107108,0.00098020801669918,,10,10,3,7,8,18,17,10,0.0,10
Random Map,3,5,0.5,0.05,0.5,0.05,False,0.017364917002851143,0.000931667018448934,,6,12,0,7,9,16,17,10,0.0,10
Random Map,4,5,0.5,0.05,0.5,0.05,False,0.012327666976489127,0.001054041989846155,,12,15,11,5,9,25,15,10,0.0,10
Random Map,5,5,0.5,0.05,0.5,0.05,False,0.013740750000579283,0.0009617919859010726,,8,20,11,5,10,28,15,10,0.0,10
Random Map,6,5,0.5,0.05,0.5,0.05,False,0.01413975001196377,0.0014254580019041896,,13,11,7,5,10,23,15,10,0.0,10
Random Map,7,5,0.5,0.05,0.5,0.05,True,0.018895499990321696,0.0010972500022035092,0.01888512499863282,6,7,0,9,2,11,12,2,19.140802319741372,3
Random Map,8,5,0.5,0.05,0.5,0.05,False,0.013085834012599662,0.0011746250092983246,,11,9,4,5,9,19,15,10,0.0,10
Random Map,9,5,0.5,0.05,0.5,0.05,False,0.014708542003063485,0.0011380840151105076,,12,10,4,6,10,20,16,10,0.0,10
Random Map,10,5,0.5,0.05,0.5,0.05,False,0.019302542001241818,0.0016912499850150198,,9,15,4,9,9,25,19,10,0.0,10
Random Map,11,5,0.5,0.05,0.5,0.05,False,0.010761583020212129,0.0010146250133402646,,11,9,4,5,9,18,15,10,0.0,10
Random Map,12,5,0.5,0.05,0.5,0.05,True,0.017343000014079735,0.0011397080088499933,0.017333750001853332,7,13,6,8,4,18,13,4,18.246874159696564,5
Random Map,13,5,0.5,0.05,0.5,0.05,False,0.026998249988537282,0.002222874987637624,,15,13,5,12,9,29,22,10,0.0,10
Random Map,14,5,0.5,0.05,0.5,0.05,True,0.020048915990628302,0.0015233329904731363,0.020037375012179837,7,11,5,9,2,17,12,2,21.911555238942046,3
Random Map,15,5,0.5,0.05,0.5,0.05,True,0.0190368750190828,0.0009453330130781978,0.01902845801669173,8,12,2,8,8,18,17,8,18.24511524546708,9
Random Map,16,5,0.5,0.05,0.5,0.05,False,0.017124000005424023,0.0010208330058958381,,8,11,3,7,7,17,17,10,0.0,10
Random Map,17,5,0.5,0.05,0.5,0.05,False,0.012155957985669374,0.0009776660008355975,,14,6,4,4,10,18,14,10,0.0,10
Random Map,18,5,0.5,0.05,0.5,0.05,False,0.013583124993601814,0.000969291984802112,,11,11,3,7,10,22,17,10,0.0,10
Random Map,19,5,0.5,0.05,0.5,0.05,False,0.014434250013437122,0.0014455830096267164,,9,15,6,6,10,23,16,10,0.0,10
Random Map,20,5,0.5,0.05,0.5,0.05,False,0.017019999999320135,0.0009750409808475524,,10,7,0,7,8,15,17,10,0.0,10
Random Map,21,5,0.5,0.05,0.5,0.05,True,0.016935207997448742,0.0014202079910319299,0.016925125004490837,6,13,6,7,4,18,13,5,19.02478418536973,6
Random Map,22,5,0.5,0.05,0.5,0.05,False,0.015393290988868102,0.001174540986539796,,13,10,6,6,9,21,16,10,0.0,10
Random Map,23,5,0.5,0.05,0.5,0.05,False,0.012190417008241639,0.0008070830081123859,,17,7,7,5,10,22,15,10,0.0,10
Random Map,24,5,0.5,0.05,0.5,0.05,False,0.017830291006248444,0.0014911250036675483,,12,9,1,8,10,20,18,10,0.0,10
Random Map,25,5,0.5,0.05,0.5,0.05,False,0.014338000008137897,0.0010126669949386269,,8,14,5,6,9,21,16,10,0.0,10
Random Map,26,5,0.5,0.05,0.5,0.05,True,0.015867375012021512,0.0009124590142164379,0.01585900000645779,5,6,1,7,1,9,10,2,21.49088338810847,3
Random Map,27,5,0.5,0.05,0.5,0.05,False,0.014037959015695378,0.0009165420196950436,,15,4,3,6,8,17,16,10,0.0,10
Random Map,28,5,0.5,0.05,0.5,0.05,True,0.01576700000441633,0.0008238340087700635,0.01575795901590027,6,6,0,8,2,10,12,3,20.184923350022512,4
Random Map,29,5,0.5,0.05,0.5,0.05,False,0.015442875010194257,0.0011336670140735805,,13,8,4,7,8,20,17,10,0.0,10
Random Map,0,6,0.5,0.5,0.5,0.6,False,0.016109999996842816,0.0006810420018155128,,15,9,7,7,8,23,17,10,0.0,10
Random Map,1,6,0.5,0.5,0.5,0.6,False,0.016608125006314367,0.00113516699639149,,9,14,6,6,9,21,16,10,0.0,10
Random Map,2,6,0.5,0.5,0.5,0.6,True,0.02369358402211219,0.001190542010590434,0.023682416998781264,12,12,6,9,7,24,18,8,20.243958505962137,9
Random Map,3,6,0.5,0.5,0.5,0.6,False,0.018685708026168868,0.0010594170016702265,,10,10,3,7,8,18,17,10,0.0,10
Random Map,4,6,0.5,0.5,0.5,0.6,True,0.01646129199070856,0.0020311249827500433,0.016450333001557738,6,8,5,7,0,13,8,0,22.978802239145097,1
Random Map,5,6,0.5,0.5,0.5,0.6,False,0.018497500015655532,0.0008861660026013851,,12,8,1,9,8,19,19,10,0.0,10
Random Map,6,6,0.5,0.5,0.5,0.6,True,0.022152833989821374,0.0013489169941749424,0.022141333989566192,10,10,5,9,4,18,16,6,20.62642839487717,7
Random Map,7,6,0.5,0.5,0.5,0.6,True,0.012678665982093662,0.0009792500059120357,0.01266887498786673,1,10,1,6,2,9,9,2,17.822221040383436,3
Random Map,8,6,0.5,0.5,0.5,0.6,False,0.016926250013057142,0.000932084018131718,,10,9,1,7,9,18,17,10,0.0,10
Random Map,9,6,0.5,0.5,0.5,0.6,False,0.01643037499161437,0.0010223340068478137,,12,7,2,7,8,17,17,10,0.0,10
Random Map,10,6,0.5,0.5,0.5,0.6,False,0.022477833001175895,0.0011705830111168325,,10,10,2,10,6,19,20,10,0.0,10
Random Map,11,6,0.5,0.5,0.5,0.6,False,0.0189250830153469,0.0008577500120736659,,17,11,8,9,9,32,19,10,0.0,10
Random Map,12,6,0.5,0.5,0.5,0.6,True,0.017741957999533042,0.001175250014057383,0.017730999999912456,7,8,2,8,3,14,13,4,20.107859862640012,5
Random Map,13,6,0.5,0.5,0.5,0.6,True,0.016346000018529594,0.0009950000094249845,0.01633675000630319,4,8,1,7,2,10,11,3,18.357992547455346,4
Random Map,14,6,0.5,0.5,0.5,0.6,False,0.017867290996946394,0.0013100829964969307,,13,12,6,7,10,23,17,10,0.0,10
Random Map,15,6,0.5,0.5,0.5,0.6,True,0.01756975002354011,0.0015776660002302378,0.01756070801638998,10,5,4,8,1,13,11,2,20.353735201664374,3
Random Map,16,6,0.5,0.5,0.5,0.6,True,0.022335832996759564,0.0009284169937018305,0.02232658298453316,8,13,6,8,5,19,17,8,18.38948733308969,9
Random Map,17,6,0.5,0.5,0.5,0.6,False,0.024489167000865564,0.001131084020016715,,15,11,6,13,5,28,23,10,0.0,10
Random Map,18,6,0.5,0.5,0.5,0.6,False,0.016413542005466297,0.0014153330121189356,,14,8,3,7,10,21,17,10,0.0,10
Random Map,19,6,0.5,0.5,0.5,0.6,False,0.017633708019275218,0.0011444160190876573,,11,11,2,9,9,21,19,10,0.0,10
Random Map,20,6,0.5,0.5,0.5,0.6,False,0.020229457993991673,0.0008084999863058329,,11,7,0,10,6,17,20,10,0.0,10
Random Map,21,6,0.5,0.5,0.5,0.6,False,0.01743916599662043,0.0009869159839581698,,11,7,2,8,6,17,18,10,0.0,10
Random Map,22,6,0.5,0.5,0.5,0.6,False,0.018034290987998247,0.0010962499945890158,,12,6,1,9,6,16,19,10,0.0,10
Random Map,23,6,0.5,0.5,0.5,0.6,False,0.026598415977787226,0.0012180409976281226,,9,12,3,12,4,20,22,10,0.0,10
Random Map,24,6,0.5,0.5,0.5,0.6,False,0.015118832990992814,0.001174500008346513,,9,10,3,7,7,17,17,10,0.0,10
Random Map,25,6,0.5,0.5,0.5,0.6,True,0.017259333981201053,0.0008846249838825315,0.017248083982849494,11,6,2,8,5,15,14,5,21.063174465449777,6
Random Map,26,6,0.5,0.5,0.5,0.6,False,0.0166642919939477,0.0013962500088382512,,17,5,6,7,7,21,17,10,0.0,10
Random Map,27,6,0.5,0.5,0.5,0.6,False,0.0188316669955384,0.0008484169957228005,,10,13,7,7,7,22,17,10,0.0,10
Random Map,28,6,0.5,0.5,0.5,0.6,True,0.016701333021046594,0.0010427079978398979,0.016688416013494134,6,6,2,7,1,10,10,2,20.91899593920409,3
Random Map,29,6,0.5,0.5,0.5,0.6,False,0.01847295800689608,0.0013889579859096557,,13,9,2,10,8,23,20,10,0.0,10
Random Map,0,7,0.5,0.05,0.1,0.8,False,0.019437375012785196,0.0014801670040469617,,10,10,2,10,6,18,20,10,0.0,10
Random Map,1,7,0.5,0.05,0.1,0.8,False,0.018972416990436614,0.0014545420126523823,,11,15,9,9,6,25,19,10,0.0,10
Random Map,2,7,0.5,0.05,0.1,0.8,False,0.019660000019939616,0.0012417079997248948,,14,8,5,10,5,21,20,10,0.0,10
Random Map,3,7,0.5,0.05,0.1,0.8,False,0.019983125006547198,0.001263874990399927,,13,9,5,10,5,20,20,10,0.0,10
Random Map,4,7,0.5,0.05,0.1,0.8,False,0.01787312497617677,0.0010783329780679196,,12,9,4,7,8,20,17,10,0.0,10
Random Map,5,7,0.5,0.05,0.1,0.8,False,0.014931332989363,0.0013299169950187206,,6,17,5,7,9,22,17,10,0.0,10
Random Map,6,7,0.5,0.05,0.1,0.8,False,0.025798332993872464,0.0013843749766238034,,12,15,5,11,9,25,21,10,0.0,10
Random Map,7,7,0.5,0.05,0.1,0.8,True,0.018922208982985467,0.0015247499977704138,0.018910958984633908,9,9,4,8,4,16,14,5,20.135372165688363,6
Random Map,8,7,0.5,0.05,0.1,0.8,False,0.016979542007902637,0.0012460830039344728,,9,11,4,8,6,19,18,10,0.0,10
Random Map,9,7,0.5,0.05,0.1,0.8,False,0.02530295800534077,0.0011887500004377216,,14,15,10,11,6,28,21,10,0.0,10
Random Map,10,7,0.5,0.05,0.1,0.8,False,0.020069707999937236,0.001589708001120016,,9,13,5,10,5,21,20,10,0.0,10
Random Map,11,7,0.5,0.05,0.1,0.8,False,0.025696124997921288,0.0017791250138543546,,13,11,4,12,6,22,22,10,0.0,10
Random Map,12,7,0.5,0.05,0.1,0.8,False,0.01960520798456855,0.0013409169914666563,,15,11,7,8,9,26,18,10,0.0,10
Random Map,13,7,0.5,0.05,0.1,0.8,False,0.03200374997686595,0.0017402090015821159,,16,18,10,16,6,39,26,10,0.0,10
Random Map,14,7,0.5,0.05,0.1,0.8,False,0.022417290980229154,0.0015142500051297247,,11,16,7,10,8,28,20,10,0.0,10
Random Map,15,7,0.5,0.05,0.1,0.8,False,0.0255504579981789,0.0012856659886892885,,16,16,12,12,6,33,22,10,0.0,10
Random Map,16,7,0.5,0.05,0.1,0.8,True,0.01921558298636228,0.0019287499890197068,0.019204665994038805,10,7,4,9,2,15,12,2,23.084164499419174,3
Random Map,17,7,0.5,0.05,0.1,0.8,True,0.02450220799073577,0.0035663750022649765,0.02449008298572153,10,12,7,12,1,24,14,1,23.43906825370683,2
Random Map,18,7,0.5,0.05,0.1,0.8,True,0.016299250011797994,0.0014816670154687017,0.016289624996716157,6,6,3,7,0,10,10,2,19.889050686735096,3
Random Map,19,7,0.5,0.05,0.1,0.8,False,0.019248958997195587,0.00195387500571087,,12,12,4,9,9,23,19,10,0.0,10
Random Map,20,7,0.5,0.05,0.1,0.8,False,0.016548832994885743,0.001879624993307516,,15,14,11,6,10,28,16,10,0.0,10
Random Map,21,7,0.5,0.05,0.1,0.8,True,0.021959333011182025,0.0017809580022003502,0.021945125015918165,11,9,5,9,4,18,14,4,21.651972968944165,5
Random Map,22,7,0.5,0.05,0.1,0.8,False,0.02263804100221023,0.0020931659964844584,,15,10,8,11,4,25,21,10,0.0,10
Random Map,23,7,0.5,0.05,0.1,0.8,False,0.01931150001473725,0.0012199170014355332,,8,12,2,8,8,20,18,10,0.0,10
Random Map,24,7,0.5,0.05,0.1,0.8,True,0.020401749992743134,0.0023087919980753213,0.02038883400382474,7,10,4,9,2,16,12,2,21.565848797461292,3
Random Map,25,7,0.5,0.05,0.1,0.8,True,0.019784709002124146,0.0011103340075351298,0.019774666987359524,6,9,1,9,3,13,16,6,18.026944463250103,7
Random Map,26,7,0.5,0.05,0.1,0.8,False,0.02286220798850991,0.001324082986684516,,15,9,5,11,6,22,21,10,0.0,10
Random Map,27,7,0.5,0.05,0.1,0.8,False,0.014325249998364598,0.0011949169856961817,,11,9,2,6,10,18,16,10,0.0,10
Random Map,28,7,0.5,0.05,0.1,0.8,False,0.023704166989773512,0.0014172079972922802,,8,14,5,9,6,20,19,10,0.0,10
Random Map,29,7,0.5,0.05,0.1,0.8,False,0.022737916006008163,0.0012513749825302511,,11,15,4,15,5,31,25,10,0.0,10
Random Map,0,8,0.5,0.05,0.0,0.6,True,0.01835324999410659,0.0017197910055983812,0.018340000009629875,6,9,3,8,2,13,12,3,19.480349072136033,4
Random Map,1,8,0.5,0.05,0.0,0.6,True,0.023710041015874594,0.0017177500121761113,0.02369829101371579,15,10,8,11,4,24,17,5,24.218761358811538,6
Random Map,2,8,0.5,0.05,0.0,0.6,False,0.020048167003551498,0.0015284999972209334,,10,14,7,8,7,22,18,10,0.0,10
Random Map,3,8,0.5,0.05,0.0,0.6,True,0.014152250019833446,0.0024224170192610472,0.014141792024020106,10,5,7,6,0,14,7,0,17.247066884757597,1
Random Map,4,8,0.5,0.05,0.0,0.6,True,0.01616912501049228,0.002240542002255097,0.016158083017216995,8,6,4,8,0,13,9,0,19.066397988560816,1
Random Map,5,8,0.5,0.05,0.0,0.6,True,0.019373999995877966,0.0014533339999616146,0.019364000007044524,7,5,1,9,0,10,11,1,21.436764740968318,2
Random Map,6,8,0.5,0.05,0.0,0.6,False,0.02291283299564384,0.0015907500055618584,,12,17,10,8,9,30,18,10,0.0,10
Random Map,7,8,0.5,0.05,0.0,0.6,True,0.016886375000467524,0.0019797089917119592,0.016874666995136067,8,5,3,8,0,12,9,0,20.83754398709284,1
Random Map,8,8,0.5,0.05,0.0,0.6,True,0.018149624986108392,0.0017491669859737158,0.018140291998861358,11,9,8,7,3,19,11,3,23.31605736904083,4
Random Map,9,8,0.5,0.05,0.0,0.6,True,0.016193791991099715,0.0019940839847549796,0.01618279199465178,8,5,3,8,0,12,9,0,19.84154469115994,1
Random Map,10,8,0.5,0.05,0.0,0.6,True,0.017116333998274058,0.0025648339942563325,0.01710562498192303,10,7,7,7,1,16,9,1,22.29640102075731,2
Random Map,11,8,0.5,0.05,0.0,0.6,True,0.02542241700575687,0.0019770829821936786,0.025413583003683016,11,13,5,12,5,23,18,5,20.93398521775915,6
Random Map,12,8,0.5,0.05,0.0,0.6,True,0.019122625002637506,0.0012568750244099647,0.019111958012217656,7,11,3,7,6,16,15,7,23.242574813369608,8
Random Map,13,8,0.5,0.05,0.0,0.6,True,0.012323374976404011,0.001579499978106469,0.0123146660043858,5,7,4,5,1,10,7,1,20.591180157328644,2
Random Map,14,8,0.5,0.05,0.0,0.6,True,0.019764207972912118,0.001443415996618569,0.019756915979087353,6,9,2,9,2,13,12,2,21.902680741721696,3
Random Map,15,8,0.5,0.05,0.0,0.6,False,0.0279332920035813,0.0020187500049360096,,21,13,9,16,7,43,26,10,0.0,10
Random Map,16,8,0.5,0.05,0.0,0.6,True,0.023170291999122128,0.002775166998617351,0.023159667005529627,9,12,8,10,1,19,13,2,23.05210405643649,3
Random Map,17,8,0.5,0.05,0.0,0.6,False,0.031974999990779907,0.0041230840142816305,,16,19,12,15,6,39,25,10,0.0,10
Random Map,18,8,0.5,0.05,0.0,0.6,False,0.021930459013674408,0.001480375009123236,,9,16,6,11,6,24,21,10,0.0,10
Random Map,19,8,0.5,0.05,0.0,0.6,True,0.019641374994535,0.0012883750023320317,0.019629167014500126,7,7,2,9,1,12,14,4,19.740438760591886,5
Random Map,20,8,0.5,0.05,0.0,0.6,True,0.02471291701658629,0.0016854590212460607,0.024701000016648322,9,10,2,12,3,17,20,7,24.3076216164881,8
Random Map,21,8,0.5,0.05,0.0,0.6,False,0.028388167003868148,0.0021836670057382435,,16,11,3,14,8,27,24,10,0.0,10
Random Map,22,8,0.5,0.05,0.0,0.6,False,0.02353316597873345,0.0017585409805178642,,17,15,11,12,7,36,22,10,0.0,10
Random Map,23,8,0.5,0.05,0.0,0.6,False,0.01962862501386553,0.0012327079894021153,,10,9,0,10,7,18,20,10,0.0,10
Random Map,24,8,0.5,0.05,0.0,0.6,True,0.02734891598811373,0.0012817909882869571,0.02733774998341687,9,12,2,12,5,19,22,9,23.18607515911238,10
Random Map,25,8,0.5,0.05,0.0,0.6,False,0.0189803329994902,0.0012644999951589853,,12,10,5,9,6,23,19,10,0.0,10
Random Map,26,8,0.5,0.05,0.0,0.6,True,0.020334166008979082,0.0020589159976225346,0.020324000011896715,11,8,6,9,2,17,13,3,23.087533607869652,4
Random Map,27,8,0.5,0.05,0.0,0.6,True,0.015844499983359128,0.001280625001527369,0.015833707991987467,14,8,11,8,1,23,10,1,19.614032080667467,2
Random Map,28,8,0.5,0.05,0.0,0.6,False,0.021667332999641076,0.001441750006051734,,11,13,6,11,5,23,21,10,0.0,10
Random Map,29,8,0.5,0.05,0.0,0.6,True,0.024415416992269456,0.0015155000146478415,0.024404583004070446,11,9,1,10,7,18,19,8,20.916142636287525,9
Random Map,0,9,0.5,0.05,0.95,0.6,False,0.016467542009195313,0.0006967920053284615,,15,5,3,7,8,18,17,10,0.0,10
Random Map,1,9,0.5,0.05,0.95,0.6,False,0.015503458998864517,0.0007065419922582805,,10,9,2,7,8,18,17,10,0.0,10
Random Map,2,9,0.5,0.05,0.95,0.6,False,0.014903791976394132,0.0011104999866802245,,11,9,0,8,10,19,18,10,0.0,10
Random Map,3,9,0.5,0.05,0.95,0.6,False,0.021344791020965204,0.0006844160088803619,,13,7,1,10,7,19,20,10,0.0,10
Random Map,4,9,0.5,0.05,0.95,0.6,False,0.014130833995295689,0.0007069999992381781,,9,12,3,6,10,21,16,10,0.0,10
Random Map,5,9,0.5,0.05,0.95,0.6,True,0.016527959000086412,0.0010353339894209057,0.016515958996023983,5,11,2,9,3,16,13,3,23.991534472072093,4
Random Map,6,9,0.5,0.05,0.95,0.6,False,0.016764790983870625,0.0006851250072941184,,6,11,0,8,7,15,18,10,0.0,10
Random Map,7,9,0.5,0.05,0.95,0.6,False,0.014906875003362074,0.0006858329870738089,,10,9,1,7,9,17,17,10,0.0,10
Random Map,8,9,0.5,0.05,0.95,0.6,False,0.01820783401490189,0.0007645419973414391,,8,9,0,10,5,16,20,10,0.0,10
Random Map,9,9,0.5,0.05,0.95,0.6,False,0.015368834021501243,0.0006881250010337681,,6,14,3,7,8,19,17,10,0.0,10
Random Map,10,9,0.5,0.05,0.95,0.6,False,0.012774874980095774,0.0007044999802019447,,8,11,2,6,9,17,16,10,0.0,10
Random Map,11,9,0.5,0.05,0.95,0.6,False,0.018591458996525034,0.0009990839753299952,,11,11,2,11,7,23,21,10,0.0,10
Random Map,12,9,0.5,0.05,0.95,0.6,False,0.016523999976925552,0.0006884579779580235,,9,13,5,8,7,21,18,10,0.0,10
Random Map,13,9,0.5,0.05,0.95,0.6,False,0.01745033301995136,0.0006957500008866191,,8,11,2,8,7,17,18,10,0.0,10
Random Map,14,9,0.5,0.05,0.95,0.6,False,0.013653792004333809,0.0007647500024177134,,10,10,3,6,9,18,16,10,0.0,10
Random Map,15,9,0.5,0.05,0.95,0.6,False,0.01137666602153331,0.0007422080088872463,,10,8,2,5,9,16,15,10,0.0,10
Random Map,16,9,0.5,0.05,0.95,0.6,False,0.021180165989790112,0.0010042499925475568,,6,14,1,12,5,19,22,10,0.0,10
Random Map,17,9,0.5,0.05,0.95,0.6,False,0.01610058400547132,0.0007388340018223971,,14,7,4,7,8,20,17,10,0.0,10
Random Map,18,9,0.5,0.05,0.95,0.6,False,0.018001082993578166,0.000669625005684793,,9,11,0,10,8,21,20,10,0.0,10
Random Map,19,9,0.5,0.05,0.95,0.6,True,0.014570375002222136,0.0007123330142349005,0.014559250004822388,3,10,1,7,3,11,11,3,19.458438464901594,4
Random Map,20,9,0.5,0.05,0.95,0.6,False,0.019582167005864903,0.0006802919961046427,,9,10,1,9,7,17,19,10,0.0,10
Random Map,21,9,0.5,0.05,0.95,0.6,False,0.015801208995981142,0.0007517920166719705,,8,12,2,7,9,18,17,10,0.0,10
Random Map,22,9,0.5,0.05,0.95,0.6,False,0.015323250001529232,0.0007570410089101642,,7,12,2,7,8,18,17,10,0.0,10
Random Map,23,9,0.5,0.05,0.95,0.6,False,0.017783167015295476,0.0006734170019626617,,12,10,4,9,7,21,19,10,0.0,10
Random Map,24,9,0.5,0.05,0.95,0.6,False,0.011476749990833923,0.000656958989566192,,13,8,5,5,9,20,15,10,0.0,10
Random Map,25,9,0.5,0.05,0.95,0.6,False,0.013715208013309166,0.0006800410046707839,,7,12,1,6,10,18,16,10,0.0,10
Random Map,26,9,0.5,0.05,0.95,0.6,False,0.016501749982126057,0.0009757920051924884,,11,9,0,11,7,21,21,10,0.0,10
Random Map,27,9,0.5,0.05,0.95,0.6,False,0.01640900000347756,0.0006796249945182353,,15,7,4,7,9,20,17,10,0.0,10
Random Map,28,9,0.5,0.05,0.95,0.6,False,0.018585542013170198,0.0009239590144716203,,10,10,1,10,7,19,20,10,0.0,10
Random Map,29,9,0.5,0.05,0.95,0.6,False,0.019597040984081104,0.0007107080018613487,,12,7,1,8,8,17,18,10,0.0,10
Random Map,0,10,0.5,0.01,0.5,0.6,False,0.019264667003881186,0.0015618749894201756,,9,12,2,9,8,20,19,10,0.0,10
Random Map,1,10,0.5,0.01,0.5,0.6,True,0.02121574999182485,0.0012890830112155527,0.02120141699560918,8,10,1,10,5,17,17,6,23.31599697527417,7
Random Map,2,10,0.5,0.01,0.5,0.6,False,0.01735641699633561,0.001483708998421207,,8,14,4,7,9,21,17,10,0.0,10
Random Map,3,10,0.5,0.01,0.5,0.6,True,0.019635792006738484,0.0006777500093448907,0.019626166991656646,6,12,1,7,8,16,17,9,19.26528521842492,10
Random Map,4,10,0.5,0.01,0.5,0.6,False,0.021893541008466855,0.001083041017409414,,16,7,4,11,6,23,21,10,0.0,10
Random Map,5,10,0.5,0.01,0.5,0.6,False,0.02132695898762904,0.0014904589916113764,,9,12,6,8,5,19,18,10,0.0,10
Random Map,6,10,0.5,0.01,0.5,0.6,False,0.017425917001673952,0.0009737919899635017,,7,12,2,8,7,17,18,10,0.0,10
Random Map,7,10,0.5,0.01,0.5,0.6,False,0.01742116699460894,0.0011324170045554638,,11,9,3,9,6,19,19,10,0.0,10
Random Map,8,10,0.5,0.01,0.5,0.6,False,0.020260209013940766,0.0010480000055395067,,11,12,4,10,7,23,20,10,0.0,10
Random Map,9,10,0.5,0.01,0.5,0.6,False,0.013045125000644475,0.0011576249962672591,,16,6,6,6,8,20,16,10,0.0,10
Random Map,10,10,0.5,0.01,0.5,0.6,True,0.021073582989629358,0.0009814579971134663,0.021062957996036857,11,12,5,11,5,23,19,7,19.62315477884568,8
Random Map,11,10,0.5,0.01,0.5,0.6,True,0.013966625003376976,0.001021375006530434,0.013958250026917085,4,8,1,7,2,10,11,3,16.26985920671002,4
Random Map,12,10,0.5,0.01,0.5,0.6,False,0.014796707982895896,0.0008517909736838192,,10,9,2,7,8,17,17,10,0.0,10
Random Map,13,10,0.5,0.01,0.5,0.6,False,0.021173625020310283,0.0013393750123213977,,11,10,2,9,8,19,19,10,0.0,10
Random Map,14,10,0.5,0.01,0.5,0.6,False,0.0169464579958003,0.0012094579869881272,,7,12,1,6,10,17,16,10,0.0,10
Random Map,15,10,0.5,0.01,0.5,0.6,False,0.01773604200570844,0.0008491250046063215,,8,13,3,6,10,19,16,10,0.0,10
Random Map,16,10,0.5,0.01,0.5,0.6,True,0.018752250005491078,0.0009777919913176447,0.0187427919881884,9,8,4,7,4,15,13,5,19.425271246185982,6
Random Map,17,10,0.5,0.01,0.5,0.6,False,0.01754591698409058,0.000891167001100257,,10,8,1,8,7,16,18,10,0.0,10
Random Map,18,10,0.5,0.01,0.5,0.6,False,0.020785207976587117,0.0011037919903174043,,9,11,1,10,7,18,20,10,0.0,10
Random Map,19,10,0.5,0.01,0.5,0.6,False,0.018282291013747454,0.0009910000080708414,,9,13,4,8,8,20,18,10,0.0,10
Random Map,20,10,0.5,0.01,0.5,0.6,True,0.02331004201550968,0.0011862500105053186,0.023296166997170076,8,11,3,9,5,17,17,7,25.642195437167043,8
Random Map,21,10,0.5,0.01,0.5,0.6,False,0.018780874990625307,0.0009427499899175018,,14,8,2,8,10,20,18,10,0.0,10
Random Map,22,10,0.5,0.01,0.5,0.6,False,0.01958700001705438,0.0016408330120611936,,17,7,5,9,8,23,19,10,0.0,10
Random Map,23,10,0.5,0.01,0.5,0.6,True,0.01581916701979935,0.0015755420026835054,0.015808625001227483,7,5,3,7,0,10,8,0,18.91227565218113,1
Random Map,24,10,0.5,0.01,0.5,0.6,False,0.01832162498612888,0.0010217079834546894,,11,8,1,9,7,17,19,10,0.0,10
Random Map,25,10,0.5,0.01,0.5,0.6,False,0.02063375001307577,0.0010067090042866766,,15,11,6,11,7,26,21,10,0.0,10
Random Map,26,10,0.5,0.01,0.5,0.6,False,0.016785125015303493,0.001189000002341345,,11,10,3,8,8,20,18,10,0.0,10
Random Map,27,10,0.5,0.01,0.5,0.6,False,0.019828999997116625,0.0010702500003390014,,7,12,1,8,8,17,18,10,0.0,10
Random Map,28,10,0.5,0.01,0.5,0.6,False,0.021792958985315636,0.0007832089904695749,,9,11,2,11,5,19,21,10,0.0,10
Random Map,29,10,0.5,0.01,0.5,0.6,False,0.01914091600337997,0.0012571249972097576,,9,12,4,10,5,20,20,10,0.0,10
