Scene,Run_ID,Config_Idx,Eta,Epsilon,Goal_Bias,Repair_Bias,Success,Plan_Time,Time_First_Candidate,Time_First_Valid,Nodes_Start_Tree,Nodes_Goal_Tree,Edges_Unknown,Edges_Valid,Edges_Invalid,Point_Checks,Line_Checks,Aborted_Adaptive_Tests,Final_Path_Length,Candidate_Paths_Count
Trap,0,0,0.5,0.05,0.5,0.6,False,0.03745229198830202,0.01719083299394697,,77,47,79,36,7,442,46,10,0.0,10
Trap,1,0,0.5,0.05,0.5,0.6,False,0.006349499977659434,0.003387499978998676,,9,13,2,8,10,21,18,10,0.0,10
Trap,2,0,0.5,0.05,0.5,0.6,False,0.026466292008990422,0.0020430830190889537,,68,82,108,30,10,537,40,10,0.0,10
Trap,3,0,0.5,0.05,0.5,0.6,False,0.008315416984260082,0.0021957919816486537,,17,22,13,16,8,59,26,10,0.0,10
Trap,4,0,0.5,0.05,0.5,0.6,False,0.024927041988121346,0.0020029169972985983,,78,68,112,22,10,550,32,10,0.0,10
Trap,5,0,0.5,0.05,0.5,0.6,False,0.005975417006993666,0.002251041994895786,,12,10,2,9,9,21,19,10,0.0,10
Trap,6,0,0.5,0.05,0.5,0.6,False,0.011811292002676055,0.002431417000479996,,12,16,8,10,8,34,20,10,0.0,10
Trap,7,0,0.5,0.05,0.5,0.6,False,0.051472874998580664,0.011653583002043888,,86,58,93,40,9,527,50,10,0.0,10
Trap,8,0,0.5,0.05,0.5,0.6,False,0.018655374995432794,0.00981462499476038,,44,72,86,19,9,324,29,10,0.0,10
Trap,9,0,0.5,0.05,0.5,0.6,False,0.02364187501370907,0.019466667028609663,,67,68,68,56,9,449,66,10,0.0,10
Trap,10,0,0.5,0.05,0.5,0.6,True,0.1246592499956023,0.012934041995322332,0.12430091699934565,284,220,419,75,8,1904,84,8,34.34651327429812,9
Trap,11,0,0.5,0.05,0.5,0.6,False,0.011623250000411645,0.0018002500000875443,,34,35,42,15,10,207,25,10,0.0,10
Trap,12,0,0.5,0.05,0.5,0.6,False,0.011417417001212016,0.0011040839890483767,,35,24,30,21,6,126,31,10,0.0,10
Trap,13,0,0.5,0.05,0.5,0.6,False,0.017702833021758124,0.0012424580054357648,,45,53,75,11,10,374,21,10,0.0,10
Trap,14,0,0.5,0.05,0.5,0.6,False,0.019409875007113442,0.004703790997155011,,47,57,71,22,9,360,32,10,0.0,10
Trap,15,0,0.5,0.05,0.5,0.6,False,0.025742333004018292,0.011520166008267552,,55,92,93,45,7,447,55,10,0.0,10
Trap,16,0,0.5,0.05,0.5,0.6,True,0.08281908300705254,0.01084845801233314,0.08243129099719226,196,192,305,72,9,1270,82,9,41.055174147916254,10
Trap,17,0,0.5,0.05,0.5,0.6,False,0.01086299997405149,0.0019996249757241458,,26,29,25,20,8,149,30,10,0.0,10
Trap,18,0,0.5,0.05,0.5,0.6,False,0.04045862500788644,0.0042899170075543225,,40,64,70,24,8,355,34,10,0.0,10
Trap,19,0,0.5,0.05,0.5,0.6,False,0.018372791993897408,0.010049042000900954,,31,46,36,30,9,164,40,10,0.0,10
Trap,20,0,0.5,0.05,0.5,0.6,False,0.010909624979831278,0.0018465419998392463,,20,34,23,20,9,141,30,10,0.0,10
Trap,21,0,0.5,0.05,0.5,0.6,False,0.03118587500648573,0.002008791023399681,,91,67,117,29,10,621,39,10,0.0,10
Trap,22,0,0.5,0.05,0.5,0.6,False,0.010385125002358109,0.0023322080087382346,,21,34,29,14,10,119,24,10,0.0,10
Trap,23,0,0.5,0.05,0.5,0.6,True,0.04303258401341736,0.0032493339967913926,0.042627292015822604,120,105,160,55,8,800,64,8,32.08917356624236,9
Trap,24,0,0.5,0.05,0.5,0.6,False,0.005904083984205499,0.002396500000031665,,12,10,5,7,8,20,17,10,0.0,10
Trap,25,0,0.5,0.05,0.5,0.6,False,0.01350191599340178,0.008885457995347679,,48,23,28,32,9,190,42,10,0.0,10
Trap,26,0,0.5,0.05,0.5,0.6,False,0.014491165988147259,0.008058083010837436,,41,50,64,17,8,270,27,10,0.0,10
Trap,27,0,0.5,0.05,0.5,0.6,False,0.013366708997637033,0.0024965839984361082,,42,29,43,16,10,205,26,10,0.0,10
Trap,28,0,0.5,0.05,0.5,0.6,False,0.023000916989985853,0.0014189590001478791,,44,100,102,30,10,455,40,10,0.0,10
Trap,29,0,0.5,0.05,0.5,0.6,False,0.08043441598420031,0.0013460409827530384,,156,113,200,57,10,1010,67,10,0.0,10
Trap,0,1,1.0,0.05,0.5,0.6,False,0.01886650000233203,0.012040874978993088,,63,51,71,32,9,312,42,10,0.0,10
Trap,1,1,1.0,0.05,0.5,0.6,False,0.013954416994238272,0.002280958986375481,,47,25,44,18,8,204,28,10,0.0,10
Trap,2,1,1.0,0.05,0.5,0.6,False,0.010690541006624699,0.006734416005201638,,25,27,18,25,7,120,35,10,0.0,10
Trap,3,1,1.0,0.05,0.5,0.6,False,0.006035958998836577,0.0022040840121917427,,14,6,2,7,9,19,17,10,0.0,10
Trap,4,1,1.0,0.05,0.5,0.6,False,0.018167708010878414,0.0024965410120785236,,57,33,69,12,7,375,22,10,0.0,10
Trap,5,1,1.0,0.05,0.5,0.6,False,0.012841290998039767,0.0019347080087754875,,37,34,36,24,9,176,34,10,0.0,10
Trap,6,1,1.0,0.05,0.5,0.6,False,0.02654033398721367,0.0018153339915443212,,41,85,90,27,7,624,37,10,0.0,10
Trap,7,1,1.0,0.05,0.5,0.6,False,0.024976334010716528,0.006035500002326444,,79,57,93,33,8,510,43,10,0.0,10
Trap,8,1,1.0,0.05,0.5,0.6,False,0.0615105000033509,0.010875332984142005,,50,64,57,47,8,420,57,10,0.0,10
Trap,9,1,1.0,0.05,0.5,0.6,False,0.0604057919990737,0.016338667017407715,,172,128,229,63,6,1088,73,10,0.0,10
Trap,10,1,1.0,0.05,0.5,0.6,False,0.007389625010546297,0.004293500009225681,,12,22,10,13,9,65,23,10,0.0,10
Trap,11,1,1.0,0.05,0.5,0.6,False,0.02154066599905491,0.012155625008745119,,27,25,20,24,6,122,34,10,0.0,10
Trap,12,1,1.0,0.05,0.5,0.6,False,0.03347883399692364,0.0020433340105228126,,49,49,62,24,10,359,34,10,0.0,10
Trap,13,1,1.0,0.05,0.5,0.6,False,0.0319568750273902,0.0012161250051576644,,90,88,145,23,8,600,33,10,0.0,10
Trap,14,1,1.0,0.05,0.5,0.6,False,0.014990875002695248,0.0015397079987451434,,41,45,36,39,9,257,49,10,0.0,10
Trap,15,1,1.0,0.05,0.5,0.6,False,0.004937290999805555,0.0019472500134725124,,9,12,4,6,9,19,16,10,0.0,10
Trap,16,1,1.0,0.05,0.5,0.6,False,0.009591624984750524,0.002460374991642311,,22,30,24,16,10,137,26,10,0.0,10
Trap,17,1,1.0,0.05,0.5,0.6,False,0.031133084004977718,0.011424666998209432,,89,90,132,36,9,606,46,10,0.0,10
Trap,18,1,1.0,0.05,0.5,0.6,False,0.009419583977432922,0.0032102919940371066,,31,18,22,15,10,113,25,10,0.0,10
Trap,19,1,1.0,0.05,0.5,0.6,False,0.0051195000123698264,0.0016319580026902258,,14,8,6,5,9,21,15,10,0.0,10
Trap,20,1,1.0,0.05,0.5,0.6,False,0.02032599999802187,0.01105708398972638,,71,51,84,27,9,362,37,10,0.0,10
Trap,21,1,1.0,0.05,0.5,0.6,False,0.022473457996966317,0.001649374986300245,,29,54,60,14,7,296,24,10,0.0,10
Trap,22,1,1.0,0.05,0.5,0.6,False,0.024910334002925083,0.002645667002070695,,36,26,39,14,7,183,24,10,0.0,10
Trap,23,1,1.0,0.05,0.5,0.6,False,0.04916783299995586,0.0025625830166973174,,81,135,165,41,8,943,51,10,0.0,10
Trap,24,1,1.0,0.05,0.5,0.6,False,0.011431333987275138,0.0018700419750530273,,37,24,30,22,7,196,32,10,0.0,10
Trap,25,1,1.0,0.05,0.5,0.6,False,0.026626250008121133,0.02167508300044574,,52,63,56,49,8,366,59,10,0.0,10
Trap,26,1,1.0,0.05,0.5,0.6,False,0.06544558401219547,0.018894625012762845,,156,145,255,35,9,1133,45,10,0.0,10
Trap,27,1,1.0,0.05,0.5,0.6,False,0.01144400000339374,0.0018892079824581742,,27,37,38,15,9,182,25,10,0.0,10
Trap,28,1,1.0,0.05,0.5,0.6,False,0.008057875005761161,0.0028215000056661665,,22,20,17,13,10,61,23,10,0.0,10
Trap,29,1,1.0,0.05,0.5,0.6,False,0.0228916660125833,0.002916458004619926,,57,65,69,41,10,453,51,10,0.0,10
Trap,0,2,0.5,0.05,0.7,0.6,False,0.008996500022476539,0.006339625018881634,,22,19,11,20,8,120,30,10,0.0,10
Trap,1,2,0.5,0.05,0.7,0.6,False,0.020160499989287928,0.010806333011714742,,32,57,50,29,8,473,39,10,0.0,10
Trap,2,2,0.5,0.05,0.7,0.6,False,0.021625583001878113,0.011863040999742225,,32,23,24,20,9,198,30,10,0.0,10
Trap,3,2,0.5,0.05,0.7,0.6,False,0.04674408299615607,0.03459024999756366,,78,59,90,37,8,723,47,10,0.0,10
Trap,4,2,0.5,0.05,0.7,0.6,False,0.016736874997150153,0.0020937499939464033,,63,40,69,23,9,331,33,10,0.0,10
Trap,5,2,0.5,0.05,0.7,0.6,False,0.006030958000337705,0.0027541249874047935,,12,15,5,13,7,52,23,10,0.0,10
Trap,6,2,0.5,0.05,0.7,0.6,False,0.05262079098611139,0.00281779098440893,,166,96,221,31,8,1100,41,10,0.0,10
Trap,7,2,0.5,0.05,0.7,0.6,False,0.00925704202381894,0.0019392920075915754,,34,16,24,15,9,138,25,10,0.0,10
Trap,8,2,0.5,0.05,0.7,0.6,False,0.011867124994751066,0.003484249988105148,,32,23,23,22,8,158,32,10,0.0,10
Trap,9,2,0.5,0.05,0.7,0.6,False,0.008607833995483816,0.004059917002450675,,14,13,5,13,7,49,23,10,0.0,10
Trap,10,2,0.5,0.05,0.7,0.6,False,0.014823542005615309,0.0015970420208759606,,54,20,48,16,8,323,26,10,0.0,10
Trap,11,2,0.5,0.05,0.7,0.6,False,0.02970570800243877,0.013532583019696176,,86,58,99,34,9,673,44,10,0.0,10
Trap,12,2,0.5,0.05,0.7,0.6,False,0.058533917006570846,0.0018159169994760305,,105,39,95,40,7,823,50,10,0.0,10
Trap,13,2,0.5,0.05,0.7,0.6,False,0.03936633298872039,0.004121832986129448,,87,74,120,29,10,903,39,10,0.0,10
Trap,14,2,0.5,0.05,0.7,0.6,False,0.02427508300752379,0.005567500018514693,,65,45,75,25,8,513,35,10,0.0,10
Trap,15,2,0.5,0.05,0.7,0.6,False,0.010521708987653255,0.007807916990714148,,26,24,18,22,8,157,32,10,0.0,10
Trap,16,2,0.5,0.05,0.7,0.6,False,0.023782625008607283,0.0011470000026747584,,46,80,101,13,10,507,23,10,0.0,10
Trap,17,2,0.5,0.05,0.7,0.6,False,0.01505583300604485,0.001776083023287356,,49,30,49,19,9,319,29,10,0.0,10
Trap,18,2,0.5,0.05,0.7,0.6,False,0.09162550000473857,0.026865749998250976,,170,160,266,56,6,1718,66,10,0.0,10
Trap,19,2,0.5,0.05,0.7,0.6,False,0.004873375000897795,0.0009238340135198087,,6,12,0,6,10,16,16,10,0.0,10
Trap,20,2,0.5,0.05,0.7,0.6,False,0.03078620898304507,0.008144333987729624,,100,45,102,32,9,721,42,10,0.0,10
Trap,21,2,0.5,0.05,0.7,0.6,False,0.00620420798077248,0.002222040988272056,,10,10,2,7,9,19,17,10,0.0,10
Trap,22,2,0.5,0.05,0.7,0.6,False,0.02297950000502169,0.001744000008329749,,84,37,84,27,8,533,37,10,0.0,10
Trap,23,2,0.5,0.05,0.7,0.6,False,0.03201287498814054,0.0010216250084340572,,76,53,87,31,9,771,41,10,0.0,10
Trap,24,2,0.5,0.05,0.7,0.6,False,0.041980667010648176,0.02977208301308565,,45,35,32,38,8,313,48,10,0.0,10
Trap,25,2,0.5,0.05,0.7,0.6,False,0.030148624995490536,0.004800249997060746,,96,31,78,41,6,548,51,10,0.0,10
Trap,26,2,0.5,0.05,0.7,0.6,False,0.03665266698226333,0.024204624991398305,,106,63,122,36,9,857,46,10,0.0,10
Trap,27,2,0.5,0.05,0.7,0.6,False,0.004961208993336186,0.001488000008976087,,9,9,1,7,8,16,17,10,0.0,10
Trap,28,2,0.5,0.05,0.7,0.6,False,0.02419879101216793,0.009269166010199115,,45,86,97,22,10,584,32,10,0.0,10
Trap,29,2,0.5,0.05,0.7,0.6,False,0.01444645898300223,0.001882499986095354,,58,23,50,20,9,319,30,10,0.0,10
Trap,0,3,1.0,0.2,0.3,0.6,False,0.01828220798051916,0.0038518749934155494,,59,54,74,27,10,313,37,10,0.0,10
Trap,1,3,1.0,0.2,0.3,0.6,False,0.010036708001280203,0.0022613750188611448,,32,25,27,22,6,130,32,10,0.0,10
Trap,2,3,1.0,0.2,0.3,0.6,False,0.012487833999330178,0.002982749982038513,,35,26,31,20,8,169,30,10,0.0,10
Trap,3,3,1.0,0.2,0.3,0.6,False,0.018493957992177457,0.004700499994214624,,45,55,60,31,7,301,41,10,0.0,10
Trap,4,3,1.0,0.2,0.3,0.6,False,0.007523165986640379,0.002890582982217893,,31,21,28,12,10,76,22,10,0.0,10
Trap,5,3,1.0,0.2,0.3,0.6,False,0.016316624998580664,0.002179790986701846,,65,33,78,11,7,339,21,10,0.0,10
Trap,6,3,1.0,0.2,0.3,0.6,False,0.03316695801913738,0.004023542016511783,,93,102,140,46,7,554,56,10,0.0,10
Trap,7,3,1.0,0.2,0.3,0.6,False,0.02517441601958126,0.001199874997837469,,30,27,34,13,8,137,23,10,0.0,10
Trap,8,3,1.0,0.2,0.3,0.6,False,0.04013262499938719,0.0028494160214904696,,63,92,107,37,9,512,47,10,0.0,10
Trap,9,3,1.0,0.2,0.3,0.6,False,0.010474375012563542,0.0020843330130446702,,42,27,44,14,9,158,24,10,0.0,10
Trap,10,3,1.0,0.2,0.3,0.6,False,0.04753687500488013,0.006815917004132643,,98,134,157,63,10,861,73,10,0.0,10
Trap,11,3,1.0,0.2,0.3,0.6,False,0.01745395897887647,0.009436958993319422,,53,55,57,42,7,219,52,10,0.0,10
Trap,12,3,1.0,0.2,0.3,0.6,False,0.09311120901838876,0.010684584005502984,,104,88,141,39,10,569,49,10,0.0,10
Trap,13,3,1.0,0.2,0.3,0.6,False,0.020796166005311534,0.0023264580231625587,,56,74,94,25,9,427,35,10,0.0,10
Trap,14,3,1.0,0.2,0.3,0.6,False,0.01887558397720568,0.012333291990216821,,65,51,80,25,9,287,35,10,0.0,10
Trap,15,3,1.0,0.2,0.3,0.6,False,0.01403883399325423,0.0020182089938316494,,42,39,39,32,8,236,42,10,0.0,10
Trap,16,3,1.0,0.2,0.3,0.6,True,0.03296329197473824,0.001581374992383644,0.032608166977297515,106,83,126,56,5,581,64,7,32.133088546875726,8
Trap,17,3,1.0,0.2,0.3,0.6,False,0.019775291992118582,0.0026124589785467833,,70,44,69,35,8,355,45,10,0.0,10
Trap,18,3,1.0,0.2,0.3,0.6,False,0.028566708992002532,0.014787042018724605,,92,79,101,64,4,451,74,10,0.0,10
Trap,19,3,1.0,0.2,0.3,0.6,False,0.010276957997120917,0.005829875008203089,,32,28,25,26,7,140,36,10,0.0,10
Trap,20,3,1.0,0.2,0.3,0.6,False,0.03808733299956657,0.016714541998226196,,53,51,66,26,10,313,36,10,0.0,10
Trap,21,3,1.0,0.2,0.3,0.6,False,0.0103815000038594,0.0010166249994654208,,9,13,3,11,6,21,21,10,0.0,10
Trap,22,3,1.0,0.2,0.3,0.6,False,0.012487291998695582,0.0013516249891836196,,49,26,54,13,6,179,23,10,0.0,10
Trap,23,3,1.0,0.2,0.3,0.6,False,0.02996608300600201,0.005119417008245364,,78,80,102,47,7,541,57,10,0.0,10
Trap,24,3,1.0,0.2,0.3,0.6,False,0.005181749991606921,0.0015675839968025684,,9,16,8,8,7,24,18,10,0.0,10
Trap,25,3,1.0,0.2,0.3,0.6,False,0.016833166999276727,0.0016716670070309192,,43,41,58,20,4,253,30,10,0.0,10
Trap,26,3,1.0,0.2,0.3,0.6,False,0.023756208014674485,0.001484375010477379,,76,75,114,27,8,401,37,10,0.0,10
Trap,27,3,1.0,0.2,0.3,0.6,False,0.008193583023967221,0.0029425829998217523,,15,32,18,19,8,83,29,10,0.0,10
Trap,28,3,1.0,0.2,0.3,0.6,False,0.031396167003549635,0.007398792018648237,,94,98,129,53,8,576,63,10,0.0,10
Trap,29,3,1.0,0.2,0.3,0.6,False,0.05695883301086724,0.003110666002612561,,102,103,177,21,5,517,31,10,0.0,10
Trap,0,4,1.2,0.2,0.8,0.3,False,0.02156870797625743,0.003375332977157086,,66,46,85,16,9,501,26,10,0.0,10
Trap,1,4,1.2,0.2,0.8,0.3,False,0.02067012499901466,0.018419916013954207,,35,36,41,20,8,561,30,10,0.0,10
Trap,2,4,1.2,0.2,0.8,0.3,False,0.048866958008147776,0.044668582995655015,,77,82,83,64,10,1175,74,10,0.0,10
Trap,3,4,1.2,0.2,0.8,0.3,True,0.09142458299174905,0.03240391600411385,0.09102324998821132,162,130,207,79,4,1925,84,4,41.861671863149994,5
Trap,4,4,1.2,0.2,0.8,0.3,False,0.03628479200415313,0.03360595801495947,,64,68,105,15,10,935,25,10,0.0,10
Trap,5,4,1.2,0.2,0.8,0.3,False,0.005145458999322727,0.0009246669942513108,,8,9,1,5,9,15,15,10,0.0,10
Trap,6,4,1.2,0.2,0.8,0.3,False,0.017076582997106016,0.014226250001229346,,36,35,44,17,8,381,27,10,0.0,10
Trap,7,4,1.2,0.2,0.8,0.3,False,0.0374242500110995,0.03275929202209227,,67,72,105,23,9,879,33,10,0.0,10
Trap,8,4,1.2,0.2,0.8,0.3,False,0.05977270900621079,0.018595041998196393,,71,127,166,21,9,1439,31,10,0.0,10
Trap,9,4,1.2,0.2,0.8,0.3,False,0.015239041997119784,0.0010384170163888484,,48,32,44,24,10,259,34,10,0.0,10
Trap,10,4,1.2,0.2,0.8,0.3,False,0.026444625022122636,0.013229208008851856,,27,20,20,15,10,143,25,10,0.0,10
Trap,11,4,1.2,0.2,0.8,0.3,False,0.018240041012177244,0.004015540995169431,,16,11,7,11,7,54,21,10,0.0,10
Trap,12,4,1.2,0.2,0.8,0.3,False,0.01857195800403133,0.015402707998873666,,22,25,17,19,9,196,29,10,0.0,10
Trap,13,4,1.2,0.2,0.8,0.3,False,0.05718316600541584,0.05269116599811241,,76,93,98,61,8,1359,71,10,0.0,10
Trap,14,4,1.2,0.2,0.8,0.3,False,0.005288999993354082,0.0017716249858494848,,14,9,5,6,10,24,16,10,0.0,10
Trap,15,4,1.2,0.2,0.8,0.3,False,0.05687458298052661,0.05254379200050607,,93,84,113,53,9,1424,63,10,0.0,10
Trap,16,4,1.2,0.2,0.8,0.3,False,0.027468582993606105,0.02290012498269789,,38,42,49,21,8,716,31,10,0.0,10
Trap,17,4,1.2,0.2,0.8,0.3,False,0.045232333010062575,0.040869582997402176,,60,87,75,62,8,1103,72,10,0.0,10
Trap,18,4,1.2,0.2,0.8,0.3,False,0.011034041992388666,0.0014304590004030615,,36,19,28,16,9,175,26,10,0.0,10
Trap,19,4,1.2,0.2,0.8,0.3,False,0.009568999987095594,0.002383749990258366,,26,28,24,20,8,148,30,10,0.0,10
Trap,20,4,1.2,0.2,0.8,0.3,False,0.02335600001970306,0.020019125018734485,,40,32,29,31,10,555,41,10,0.0,10
Trap,21,4,1.2,0.2,0.8,0.3,False,0.02422458300134167,0.021417042007669806,,37,43,55,13,10,573,23,10,0.0,10
Trap,22,4,1.2,0.2,0.8,0.3,False,0.042893667006865144,0.03877508401637897,,71,65,77,48,9,1116,58,10,0.0,10
Trap,23,4,1.2,0.2,0.8,0.3,False,0.012765915977070108,0.010274165979353711,,31,22,25,16,10,248,26,10,0.0,10
Trap,24,4,1.2,0.2,0.8,0.3,False,0.04897291702218354,0.001401917019393295,,105,92,136,51,8,1151,61,10,0.0,10
Trap,25,4,1.2,0.2,0.8,0.3,False,0.019888707989593968,0.001928207988385111,,30,17,19,17,9,214,27,10,0.0,10
Trap,26,4,1.2,0.2,0.8,0.3,False,0.013826915994286537,0.003484957996988669,,12,7,2,7,8,18,17,10,0.0,10
Trap,27,4,1.2,0.2,0.8,0.3,False,0.057965332991443574,0.02348645799793303,,107,65,130,30,10,1262,40,10,0.0,10
Trap,28,4,1.2,0.2,0.8,0.3,False,0.006645207991823554,0.0017412909946870059,,8,27,15,9,9,72,19,10,0.0,10
Trap,29,4,1.2,0.2,0.8,0.3,False,0.01974808401428163,0.014714459015522152,,46,26,40,21,9,360,31,10,0.0,10
Trap,0,5,0.5,0.05,0.5,0.05,False,0.008958582999184728,0.005825625004945323,,21,23,20,12,10,96,22,10,0.0,10
Trap,1,5,0.5,0.05,0.5,0.05,False,0.01571945898467675,0.012945833994308487,,47,53,62,26,10,258,36,10,0.0,10
Trap,2,5,0.5,0.05,0.5,0.05,False,0.009177625004667789,0.005918874987401068,,28,20,20,17,9,109,27,10,0.0,10
Trap,3,5,0.5,0.05,0.5,0.05,False,0.00858916700235568,0.0049030419904738665,,21,18,14,14,9,82,24,10,0.0,10
Trap,4,5,0.5,0.05,0.5,0.05,False,0.011519834020873532,0.0018527090142015368,,31,37,32,24,10,141,34,10,0.0,10
Trap,5,5,0.5,0.05,0.5,0.05,False,0.015231375000439584,0.0015533330151811242,,47,45,68,13,9,258,23,10,0.0,10
Trap,6,5,0.5,0.05,0.5,0.05,False,0.014402625005459413,0.0017441250092815608,,38,44,43,29,8,205,39,10,0.0,10
Trap,7,5,0.5,0.05,0.5,0.05,False,0.11942979201558046,0.0016261670098174363,,101,144,197,36,10,883,46,10,0.0,10
Trap,8,5,0.5,0.05,0.5,0.05,False,0.019017499987967312,0.011618582997471094,,25,16,16,14,9,58,24,10,0.0,10
Trap,9,5,0.5,0.05,0.5,0.05,False,0.03645049998885952,0.004922791005810723,,65,59,82,30,10,419,40,10,0.0,10
Trap,10,5,0.5,0.05,0.5,0.05,False,0.005663290998199955,0.0021284999966155738,,12,13,6,8,9,24,18,10,0.0,10
Trap,11,5,0.5,0.05,0.5,0.05,False,0.025094250013353303,0.01963462500134483,,63,66,69,52,6,411,62,10,0.0,10
Trap,12,5,0.5,0.05,0.5,0.05,False,0.021817958011524752,0.016736332996515557,,67,64,69,52,8,384,62,10,0.0,10
Trap,13,5,0.5,0.05,0.5,0.05,False,0.011161375005031005,0.0021792920015286654,,34,33,36,21,8,175,31,10,0.0,10
Trap,14,5,0.5,0.05,0.5,0.05,False,0.027822165982797742,0.023445582977728918,,82,57,82,47,8,524,57,10,0.0,10
Trap,15,5,0.5,0.05,0.5,0.05,False,0.0073955419939011335,0.003807624976616353,,21,23,22,11,9,61,21,10,0.0,10
Trap,16,5,0.5,0.05,0.5,0.05,False,0.005894832982448861,0.002511166996555403,,12,13,3,10,10,30,20,10,0.0,10
Trap,17,5,0.5,0.05,0.5,0.05,False,0.010264459007885307,0.0069122920103836805,,32,25,33,13,9,118,23,10,0.0,10
Trap,18,5,0.5,0.05,0.5,0.05,False,0.03436704198247753,0.00549712497740984,,45,44,58,19,10,263,29,10,0.0,10
Trap,19,5,0.5,0.05,0.5,0.05,False,0.010294083011103794,0.006361875013681129,,17,16,9,12,10,47,22,10,0.0,10
Trap,20,5,0.5,0.05,0.5,0.05,False,0.016126457980135456,0.0016936669999267906,,32,33,40,15,8,144,25,10,0.0,10
Trap,21,5,0.5,0.05,0.5,0.05,False,0.017782917013391852,0.001959917019121349,,63,39,71,20,9,374,30,10,0.0,10
Trap,22,5,0.5,0.05,0.5,0.05,False,0.011025208019418642,0.0015897500270511955,,31,27,29,17,10,138,27,10,0.0,10
Trap,23,5,0.5,0.05,0.5,0.05,False,0.010513082990655676,0.0012559999886434525,,39,30,43,14,10,148,24,10,0.0,10
Trap,24,5,0.5,0.05,0.5,0.05,False,0.006019166990881786,0.001165791996754706,,11,18,9,9,9,36,19,10,0.0,10
Trap,25,5,0.5,0.05,0.5,0.05,False,0.011219750012969598,0.0019748750200960785,,36,26,37,13,10,153,23,10,0.0,10
Trap,26,5,0.5,0.05,0.5,0.05,False,0.0106560830026865,0.00697191699873656,,30,37,34,21,10,145,31,10,0.0,10
Trap,27,5,0.5,0.05,0.5,0.05,False,0.004651708994060755,0.0011528750183060765,,11,12,5,6,10,22,16,10,0.0,10
Trap,28,5,0.5,0.05,0.5,0.05,False,0.0054561669821850955,0.00165891699725762,,11,11,4,7,9,21,17,10,0.0,10
Trap,29,5,0.5,0.05,0.5,0.05,False,0.00863666701479815,0.004985417006537318,,22,19,17,13,9,87,23,10,0.0,10
Trap,0,6,0.5,0.5,0.5,0.6,False,0.046078374987700954,0.006878540996694937,,37,74,69,31,9,376,41,10,0.0,10
Trap,1,6,0.5,0.5,0.5,0.6,False,0.0142197500099428,0.0029917919891886413,,44,30,33,29,10,223,39,10,0.0,10
Trap,2,6,0.5,0.5,0.5,0.6,False,0.009304791979957372,0.005845084000611678,,27,22,21,20,6,113,30,10,0.0,10
Trap,3,6,0.5,0.5,0.5,0.6,False,0.01080712501425296,0.006459625001298264,,40,23,24,28,9,123,38,10,0.0,10
Trap,4,6,0.5,0.5,0.5,0.6,False,0.013597708020824939,0.0022493330179713666,,29,43,32,32,6,210,42,10,0.0,10
Trap,5,6,0.5,0.5,0.5,0.6,False,0.01930279200314544,0.001650834019528702,,58,68,90,24,10,378,34,10,0.0,10
Trap,6,6,0.5,0.5,0.5,0.6,False,0.017752958985511214,0.00813791697146371,,43,56,67,20,10,309,30,10,0.0,10
Trap,7,6,0.5,0.5,0.5,0.6,False,0.04573458299273625,0.0020903330005239695,,122,107,189,30,8,949,40,10,0.0,10
Trap,8,6,0.5,0.5,0.5,0.6,False,0.0065677500097081065,0.003966417018091306,,18,16,11,12,9,52,22,10,0.0,10
Trap,9,6,0.5,0.5,0.5,0.6,False,0.03203016598126851,0.0041617499955464154,,62,39,75,14,10,265,24,10,0.0,10
Trap,10,6,0.5,0.5,0.5,0.6,False,0.03932212499785237,0.008997875003842637,,64,91,108,35,10,518,45,10,0.0,10
Trap,11,6,0.5,0.5,0.5,0.6,False,0.01998641702812165,0.0018544170015957206,,81,25,74,22,8,457,32,10,0.0,10
Trap,12,6,0.5,0.5,0.5,0.6,False,0.019511167018208653,0.004754584020702168,,31,59,53,27,8,305,37,10,0.0,10
Trap,13,6,0.5,0.5,0.5,0.6,False,0.011775332997785881,0.0074541250069160014,,38,42,44,25,9,189,35,10,0.0,10
Trap,14,6,0.5,0.5,0.5,0.6,False,0.033233792026294395,0.002603875007480383,,76,86,133,18,9,569,28,10,0.0,10
Trap,15,6,0.5,0.5,0.5,0.6,False,0.010258083988446742,0.0020307500089984387,,35,21,26,20,8,132,30,10,0.0,10
Trap,16,6,0.5,0.5,0.5,0.6,False,0.005884958984097466,0.0010911670105997473,,10,11,4,8,7,20,18,10,0.0,10
Trap,17,6,0.5,0.5,0.5,0.6,False,0.021453332999954,0.00392137499875389,,51,76,80,36,9,406,46,10,0.0,10
Trap,18,6,0.5,0.5,0.5,0.6,False,0.00916933300322853,0.0016081249923445284,,20,22,11,19,10,107,29,10,0.0,10
Trap,19,6,0.5,0.5,0.5,0.6,False,0.009022834012284875,0.0012992919946555048,,30,27,28,19,8,146,29,10,0.0,10
Trap,20,6,0.5,0.5,0.5,0.6,False,0.012254250003024936,0.009379583003465086,,35,38,42,19,10,174,29,10,0.0,10
Trap,21,6,0.5,0.5,0.5,0.6,False,0.012978209007997066,0.002886875008698553,,22,25,21,18,6,111,28,10,0.0,10
Trap,22,6,0.5,0.5,0.5,0.6,False,0.04804191700532101,0.004033833014545962,,49,91,107,21,10,573,31,10,0.0,10
Trap,23,6,0.5,0.5,0.5,0.6,False,0.014110541989794001,0.002183249976951629,,31,51,57,14,9,247,24,10,0.0,10
Trap,24,6,0.5,0.5,0.5,0.6,False,0.013239624997368082,0.003572374989744276,,23,41,38,16,8,189,26,10,0.0,10
Trap,25,6,0.5,0.5,0.5,0.6,False,0.016972458019154146,0.011984708020463586,,53,43,58,28,8,313,38,10,0.0,10
Trap,26,6,0.5,0.5,0.5,0.6,False,0.01141987499431707,0.007924458011984825,,35,27,34,16,10,151,26,10,0.0,10
Trap,27,6,0.5,0.5,0.5,0.6,False,0.01351466600317508,0.008337666018633172,,41,32,41,22,8,236,32,10,0.0,10
Trap,28,6,0.5,0.5,0.5,0.6,False,0.02685758299776353,0.005284707993268967,,59,86,93,40,10,531,50,10,0.0,10
Trap,29,6,0.5,0.5,0.5,0.6,False,0.03819862499949522,0.0014621249865740538,,118,75,124,60,7,728,70,10,0.0,10
Trap,0,7,0.5,0.05,0.1,0.8,False,0.016369416989618912,0.002173874992877245,,43,48,60,23,6,257,33,10,0.0,10
Trap,1,7,0.5,0.05,0.1,0.8,False,0.014390875003300607,0.008404416992561892,,45,37,45,27,8,157,37,10,0.0,10
Trap,2,7,0.5,0.05,0.1,0.8,False,0.03854091701214202,0.006815542001277208,,127,101,171,46,9,646,56,10,0.0,10
Trap,3,7,0.5,0.05,0.1,0.8,True,0.1290725840080995,0.002750125015154481,0.12868791702203453,272,202,397,67,8,2021,77,9,34.471800833297635,10
Trap,4,7,0.5,0.05,0.1,0.8,False,0.027706249995389953,0.001865875005023554,,47,41,56,23,7,183,33,10,0.0,10
Trap,5,7,0.5,0.05,0.1,0.8,False,0.033821084012743086,0.013139459013473243,,60,94,109,35,8,363,45,10,0.0,10
Trap,6,7,0.5,0.05,0.1,0.8,False,0.017330333008430898,0.001767417008522898,,52,48,64,26,8,278,36,10,0.0,10
Trap,7,7,0.5,0.05,0.1,0.8,False,0.006218915979843587,0.001460166007746011,,13,16,6,14,7,36,24,10,0.0,10
Trap,8,7,0.5,0.05,0.1,0.8,False,0.02825754100922495,0.003438874991843477,,88,69,111,37,7,492,47,10,0.0,10
Trap,9,7,0.5,0.05,0.1,0.8,False,0.055226958997081965,0.002414333983324468,,135,131,215,41,8,1101,51,10,0.0,10
Trap,10,7,0.5,0.05,0.1,0.8,True,0.07553683299920522,0.0034815830003935844,0.07517037499928847,218,135,281,63,7,1248,73,9,38.736535214423235,10
Trap,11,7,0.5,0.05,0.1,0.8,False,0.04982358298730105,0.004992916976334527,,145,108,208,35,8,900,45,10,0.0,10
Trap,12,7,0.5,0.05,0.1,0.8,False,0.01014150000992231,0.0020790000271517783,,29,33,27,25,8,159,35,10,0.0,10
Trap,13,7,0.5,0.05,0.1,0.8,False,0.01144770800601691,0.0013086249819025397,,27,41,40,20,6,179,30,10,0.0,10
Trap,14,7,0.5,0.05,0.1,0.8,False,0.06658779102144763,0.0019475410226732492,,116,94,173,26,9,810,36,10,0.0,10
Trap,15,7,0.5,0.05,0.1,0.8,False,0.11003850001725368,0.0038227080076467246,,87,76,115,38,8,549,48,10,0.0,10
Trap,16,7,0.5,0.05,0.1,0.8,True,0.03436154098017141,0.006825958000263199,0.034035249991575256,61,131,145,42,3,629,48,5,35.753179920355,6
Trap,17,7,0.5,0.05,0.1,0.8,False,0.01372162500047125,0.005026250000810251,,46,39,51,26,6,196,36,10,0.0,10
Trap,18,7,0.5,0.05,0.1,0.8,False,0.015260208019753918,0.002283708017785102,,45,50,53,34,6,251,44,10,0.0,10
Trap,19,7,0.5,0.05,0.1,0.8,False,0.014259374991524965,0.0061941249878145754,,53,44,63,24,8,193,34,10,0.0,10
Trap,20,7,0.5,0.05,0.1,0.8,False,0.004420750017743558,0.0018213750154245645,,11,11,8,3,9,20,13,10,0.0,10
Trap,21,7,0.5,0.05,0.1,0.8,False,0.015410292020533234,0.008556708024116233,,50,54,67,29,6,208,39,10,0.0,10
Trap,22,7,0.5,0.05,0.1,0.8,False,0.041649124992545694,0.005038665985921398,,54,79,98,24,9,411,34,10,0.0,10
Trap,23,7,0.5,0.05,0.1,0.8,False,0.014186041982611641,0.005521707993466407,,31,25,31,13,10,85,23,10,0.0,10
Trap,24,7,0.5,0.05,0.1,0.8,False,0.01975224999478087,0.001808417000574991,,60,72,95,28,7,328,38,10,0.0,10
Trap,25,7,0.5,0.05,0.1,0.8,False,0.08990158399683423,0.007414624997181818,,215,188,339,54,8,1391,64,10,0.0,10
Trap,26,7,0.5,0.05,0.1,0.8,False,0.030109125014860183,0.001223416009452194,,58,107,123,35,5,586,45,10,0.0,10
Trap,27,7,0.5,0.05,0.1,0.8,False,0.02693791702040471,0.002333208016352728,,98,60,112,36,8,525,46,10,0.0,10
Trap,28,7,0.5,0.05,0.1,0.8,False,0.01774712500628084,0.0033532500092405826,,37,78,82,22,9,359,32,10,0.0,10
Trap,29,7,0.5,0.05,0.1,0.8,False,0.03556445799767971,0.0030308749992400408,,124,91,165,42,6,639,52,10,0.0,10
Trap,0,8,0.5,0.05,0.0,0.6,False,0.012368374998914078,0.001948707998963073,,43,41,50,24,8,188,34,10,0.0,10
Trap,1,8,0.5,0.05,0.0,0.6,False,0.0488991669844836,0.004200916999252513,,77,79,118,30,6,445,40,10,0.0,10
Trap,2,8,0.5,0.05,0.0,0.6,False,0.01161708400468342,0.007643791992450133,,36,27,30,25,6,87,35,10,0.0,10
Trap,3,8,0.5,0.05,0.0,0.6,False,0.008555749984225258,0.002593832992715761,,21,27,25,16,5,62,26,10,0.0,10
Trap,4,8,0.5,0.05,0.0,0.6,False,0.00642687501385808,0.0020741250191349536,,14,13,5,13,7,27,23,10,0.0,10
Trap,5,8,0.5,0.05,0.0,0.6,False,0.011466875002952293,0.002342583000427112,,38,21,28,23,6,101,33,10,0.0,10
Trap,6,8,0.5,0.05,0.0,0.6,False,0.009305124985985458,0.001354749983875081,,29,25,29,17,6,114,27,10,0.0,10
Trap,7,8,0.5,0.05,0.0,0.6,False,0.01753345798351802,0.004090832982910797,,59,49,50,48,8,188,58,10,0.0,10
Trap,8,8,0.5,0.05,0.0,0.6,False,0.016179167025256902,0.0015606250090058893,,53,60,84,17,10,240,27,10,0.0,10
Trap,9,8,0.5,0.05,0.0,0.6,False,0.030288792011560872,0.004390292015159503,,95,89,140,35,7,476,45,10,0.0,10
Trap,10,8,0.5,0.05,0.0,0.6,False,0.025917500024661422,0.001903583004605025,,42,39,52,19,8,202,29,10,0.0,10
Trap,11,8,0.5,0.05,0.0,0.6,False,0.037876333022722974,0.004782292002346367,,57,96,114,31,6,466,41,10,0.0,10
Trap,12,8,0.5,0.05,0.0,0.6,False,0.014905290998285636,0.005295790993841365,,44,45,53,28,6,155,38,10,0.0,10
Trap,13,8,0.5,0.05,0.0,0.6,False,0.010698124999180436,0.002456374990288168,,32,36,43,15,8,102,25,10,0.0,10
Trap,14,8,0.5,0.05,0.0,0.6,False,0.018217208998976275,0.00527695901109837,,61,47,59,37,10,212,47,10,0.0,10
Trap,15,8,0.5,0.05,0.0,0.6,False,0.011559125006897375,0.0019352080125827342,,47,35,60,13,7,171,23,10,0.0,10
Trap,16,8,0.5,0.05,0.0,0.6,False,0.012219249998452142,0.0027415420045144856,,43,44,53,23,9,162,33,10,0.0,10
Trap,17,8,0.5,0.05,0.0,0.6,False,0.014472625014605,0.0023130839981604367,,40,50,53,27,8,188,37,10,0.0,10
Trap,18,8,0.5,0.05,0.0,0.6,True,0.02123404198209755,0.005565332976402715,0.020910499995807186,61,73,79,48,5,234,55,6,35.07733542946597,7
Trap,19,8,0.5,0.05,0.0,0.6,False,0.01044766601989977,0.002214958018157631,,27,47,41,23,8,105,33,10,0.0,10
Trap,20,8,0.5,0.05,0.0,0.6,False,0.02021616601268761,0.0061015000101178885,,32,36,30,31,5,104,41,10,0.0,10
Trap,21,8,0.5,0.05,0.0,0.6,False,0.010345042013796046,0.002318459009984508,,15,18,14,7,10,32,17,10,0.0,10
Trap,22,8,0.5,0.05,0.0,0.6,False,0.015512708021560684,0.0032869999995455146,,12,18,4,18,6,32,28,10,0.0,10
Trap,23,8,0.5,0.05,0.0,0.6,False,0.04010091701638885,0.004577417013933882,,113,113,173,45,6,549,55,10,0.0,10
Trap,24,8,0.5,0.05,0.0,0.6,False,0.005357207992346957,0.001953165978193283,,10,12,4,7,9,20,17,10,0.0,10
Trap,25,8,0.5,0.05,0.0,0.6,False,0.028329583001323044,0.004828708013519645,,99,93,140,41,9,428,51,10,0.0,10
Trap,26,8,0.5,0.05,0.0,0.6,False,0.007583375001559034,0.0015447080077137798,,13,23,15,13,6,59,23,10,0.0,10
Trap,27,8,0.5,0.05,0.0,0.6,False,0.007396083005005494,0.0021644579828716815,,25,21,20,16,8,64,26,10,0.0,10
Trap,28,8,0.5,0.05,0.0,0.6,False,0.024436708015855402,0.008462416008114815,,75,92,110,48,7,344,58,10,0.0,10
Trap,29,8,0.5,0.05,0.0,0.6,True,0.028885959007311612,0.012430458999006078,0.028545750014018267,98,83,136,42,1,404,46,3,39.32141050418348,4
Trap,0,9,0.5,0.05,0.95,0.6,False,0.013981708005303517,0.001511958020273596,,37,27,37,18,7,298,28,10,0.0,10
Trap,1,9,0.5,0.05,0.95,0.6,False,0.005096666020108387,0.0017132500070147216,,6,13,2,6,9,17,16,10,0.0,10
Trap,2,9,0.5,0.05,0.95,0.6,False,0.03416224999818951,0.0007515409961342812,,44,84,84,32,10,873,42,10,0.0,10
Trap,3,9,0.5,0.05,0.95,0.6,False,0.038228875026106834,0.032275292003760114,,18,18,13,14,7,516,24,10,0.0,10
Trap,4,9,0.5,0.05,0.95,0.6,False,0.07449137500952929,,,42,51,91,0,0,2327,0,0,0.0,0
Trap,5,9,0.5,0.05,0.95,0.6,False,0.022718166990671307,0.001419292006175965,,58,38,65,20,9,562,30,10,0.0,10
Trap,6,9,0.5,0.05,0.95,0.6,False,0.009365750011056662,0.0018068330246023834,,40,6,18,18,8,164,28,10,0.0,10
Trap,7,9,0.5,0.05,0.95,0.6,False,0.012376583996228874,0.0016062089998740703,,36,16,29,13,8,259,23,10,0.0,10
Trap,8,9,0.5,0.05,0.95,0.6,False,0.06604304199572653,,,35,28,61,0,0,2375,0,0,0.0,0
Trap,9,9,0.5,0.05,0.95,0.6,False,0.025047667004400864,0.0013332079979591072,,70,36,76,20,8,667,30,10,0.0,10
Trap,10,9,0.5,0.05,0.95,0.6,False,0.062030291999690235,,,38,23,59,0,0,2377,0,0,0.0,0
Trap,11,9,0.5,0.05,0.95,0.6,False,0.06626004198915325,,,41,35,74,0,0,2344,0,0,0.0,0
Trap,12,9,0.5,0.05,0.95,0.6,False,0.07066850000410341,,,44,42,84,0,0,2357,0,0,0.0,0
Trap,13,9,0.5,0.05,0.95,0.6,False,0.042911791999358684,0.0018472920055501163,,74,11,55,20,8,545,30,10,0.0,10
Trap,14,9,0.5,0.05,0.95,0.6,False,0.008642417000373825,0.003562666999641806,,11,7,1,6,9,17,16,10,0.0,10
Trap,15,9,0.5,0.05,0.95,0.6,False,0.004828791017644107,0.001382665999699384,,8,13,3,7,9,19,17,10,0.0,10
Trap,16,9,0.5,0.05,0.95,0.6,False,0.03192545799538493,0.0008728329848963767,,95,33,98,18,10,792,28,10,0.0,10
Trap,17,9,0.5,0.05,0.95,0.6,False,0.005105250020278618,0.0015110420063138008,,7,14,4,7,8,22,17,10,0.0,10
Trap,18,9,0.5,0.05,0.95,0.6,False,0.0655879589903634,,,45,37,80,0,0,2329,0,0,0.0,0
Trap,19,9,0.5,0.05,0.95,0.6,False,0.0639122909924481,,,35,35,68,0,0,2357,0,0,0.0,0
Trap,20,9,0.5,0.05,0.95,0.6,False,0.06742333399597555,,,42,32,72,0,0,2343,0,0,0.0,0
Trap,21,9,0.5,0.05,0.95,0.6,False,0.16546654200647026,,,37,35,70,0,0,2354,0,0,0.0,0
Trap,22,9,0.5,0.05,0.95,0.6,False,0.08762379200197756,,,39,35,72,0,0,2349,0,0,0.0,0
Trap,23,9,0.5,0.05,0.95,0.6,False,0.06595258298330009,,,45,33,76,0,0,2331,0,0,0.0,0
Trap,24,9,0.5,0.05,0.95,0.6,False,0.05997925001429394,0.011679540999466553,,147,32,145,22,10,1548,32,10,0.0,10
Trap,25,9,0.5,0.05,0.95,0.6,False,0.08265454199863598,0.056284000020241365,,112,47,117,30,10,2383,40,10,0.0,10
Trap,26,9,0.5,0.05,0.95,0.6,False,0.07404587499331683,,,46,43,87,0,0,2331,0,0,0.0,0
Trap,27,9,0.5,0.05,0.95,0.6,False,0.009912541980156675,0.0024640839837957174,,13,13,3,11,10,34,21,10,0.0,10
Trap,28,9,0.5,0.05,0.95,0.6,False,0.10524437500862405,,,54,44,96,0,0,2311,0,0,0.0,0
Trap,29,9,0.5,0.05,0.95,0.6,False,0.03517912499955855,0.0017630410147830844,,61,60,86,23,10,793,33,10,0.0,10
Trap,0,10,0.5,0.01,0.5,0.6,False,0.05130729099619202,0.01995308298501186,,141,84,147,70,6,890,80,10,0.0,10
Trap,1,10,0.5,0.01,0.5,0.6,False,0.03615758300293237,0.0028279999969527125,,51,48,56,32,9,287,42,10,0.0,10
Trap,2,10,0.5,0.01,0.5,0.6,False,0.03813950001494959,0.0094880840042606,,90,73,131,21,9,634,31,10,0.0,10
Trap,3,10,0.5,0.01,0.5,0.6,False,0.012194374983664602,0.006873459002235904,,43,26,36,22,9,192,32,10,0.0,10
Trap,4,10,0.5,0.01,0.5,0.6,False,0.052456958015682176,0.00383054101257585,,115,141,205,40,9,985,50,10,0.0,10
Trap,5,10,0.5,0.01,0.5,0.6,False,0.007854875002522022,0.004830459016375244,,26,13,13,15,9,78,25,10,0.0,10
Trap,6,10,0.5,0.01,0.5,0.6,False,0.009273540985304862,0.00205629100673832,,26,16,20,11,9,115,21,10,0.0,10
Trap,7,10,0.5,0.01,0.5,0.6,False,0.004894166981102899,0.001430416974471882,,7,14,4,7,8,22,17,10,0.0,10
Trap,8,10,0.5,0.01,0.5,0.6,False,0.009086208010558039,0.0014591670187655836,,32,23,23,23,7,99,33,10,0.0,10
Trap,9,10,0.5,0.01,0.5,0.6,False,0.025080667022848502,0.003990042023360729,,70,74,108,25,9,532,35,10,0.0,10
Trap,10,10,0.5,0.01,0.5,0.6,False,0.014673958998173475,0.009200250002322719,,45,38,47,25,9,206,35,10,0.0,10
Trap,11,10,0.5,0.01,0.5,0.6,False,0.027063332992838696,0.0024212499847635627,,28,33,26,24,9,195,34,10,0.0,10
Trap,12,10,0.5,0.01,0.5,0.6,False,0.028566791996126994,0.006021707988111302,,51,38,56,25,6,286,35,10,0.0,10
Trap,13,10,0.5,0.01,0.5,0.6,False,0.016190415975870565,0.0012084159825462848,,45,49,63,21,8,284,31,10,0.0,10
Trap,14,10,0.5,0.01,0.5,0.6,False,0.02776325002196245,0.0018804999999701977,,97,57,115,27,10,524,37,10,0.0,10
Trap,15,10,0.5,0.01,0.5,0.6,False,0.005447916017146781,0.0017417500203009695,,13,16,10,10,7,30,20,10,0.0,10
Trap,16,10,0.5,0.01,0.5,0.6,False,0.05955629100208171,0.0025650410098023713,,190,102,216,69,5,1113,79,10,0.0,10
Trap,17,10,0.5,0.01,0.5,0.6,False,0.0046348340110853314,0.0017060420068446547,,13,8,3,6,10,20,16,10,0.0,10
Trap,18,10,0.5,0.01,0.5,0.6,False,0.009775790997082368,0.0014218749711290002,,29,31,29,20,9,135,30,10,0.0,10
Trap,19,10,0.5,0.01,0.5,0.6,True,0.02212358301039785,0.016999792016576976,0.021803750016260892,56,55,51,53,5,349,60,6,35.196430423626815,7
Trap,20,10,0.5,0.01,0.5,0.6,False,0.012770208006259054,0.002409332984825596,,35,44,57,11,9,206,21,10,0.0,10
Trap,21,10,0.5,0.01,0.5,0.6,False,0.04181762499501929,0.002967250009533018,,43,66,66,33,8,350,43,10,0.0,10
Trap,22,10,0.5,0.01,0.5,0.6,False,0.016014875000109896,0.0031366659968625754,,29,31,29,22,7,173,32,10,0.0,10
Trap,23,10,0.5,0.01,0.5,0.6,False,0.030017874989425763,0.021917750011198223,,65,95,100,51,7,517,61,10,0.0,10
Trap,24,10,0.5,0.01,0.5,0.6,False,0.014901041984558105,0.011669208004605025,,36,44,40,31,7,252,41,10,0.0,10
Trap,25,10,0.5,0.01,0.5,0.6,False,0.004464333003852516,0.0013483329967129976,,9,10,2,7,8,18,17,10,0.0,10
Trap,26,10,0.5,0.01,0.5,0.6,False,0.02349562497693114,0.0032811249839141965,,73,58,89,31,9,463,41,10,0.0,10
Trap,27,10,0.5,0.01,0.5,0.6,False,0.019102332997135818,0.011581957980524749,,59,62,87,23,9,358,33,10,0.0,10
Trap,28,10,0.5,0.01,0.5,0.6,False,0.010137167002540082,0.001421749999281019,,20,35,32,11,10,145,21,10,0.0,10
Trap,29,10,0.5,0.01,0.5,0.6,False,0.009570790978614241,0.006484207988251001,,22,30,21,20,9,114,30,10,0.0,10
Fat bottleneck,0,0,0.5,0.05,0.5,0.6,True,0.060880707984324545,0.016589832986937836,0.060518582991790026,57,108,139,22,2,554,25,2,29.622613266170806,3
Fat bottleneck,1,0,0.5,0.05,0.5,0.6,True,0.01723324999329634,0.007502499996917322,0.016901750001125038,28,48,44,28,2,198,31,2,31.6042301246034,3
Fat bottleneck,2,0,0.5,0.05,0.5,0.6,True,0.08080741701996885,0.07608175001223572,0.0804454590252135,163,168,296,32,1,1191,34,1,34.46510283658102,2
Fat bottleneck,3,0,0.5,0.05,0.5,0.6,True,0.016495749994646758,0.011814375000540167,0.01614262498333119,39,44,45,35,1,197,38,2,30.761867147823327,3
Fat bottleneck,4,0,0.5,0.05,0.5,0.6,True,0.06017562499619089,0.008719708013813943,0.059793249994982034,87,192,247,28,2,1038,31,2,33.88305459274679,3
Fat bottleneck,5,0,0.5,0.05,0.5,0.6,True,0.019336999976076186,0.015057291981065646,0.019041416991967708,42,47,57,30,0,217,31,0,32.73091678125802,1
Fat bottleneck,6,0,0.5,0.05,0.5,0.6,True,0.030789417010964826,0.01227187502081506,0.03043937499751337,54,91,106,35,2,518,39,3,34.1126311682586,4
Fat bottleneck,7,0,0.5,0.05,0.5,0.6,True,0.030627125001046807,0.012637165986234322,0.030232874996727332,87,61,117,28,1,511,30,1,32.26007704798623,2
Fat bottleneck,8,0,0.5,0.05,0.5,0.6,True,0.01728312502382323,0.006930083007318899,0.016927165997913107,43,40,54,25,2,230,28,2,32.30269571568256,3
Fat bottleneck,9,0,0.5,0.05,0.5,0.6,True,0.030826875008642673,0.011568791989702731,0.029545666999183595,31,39,30,33,5,165,39,5,31.7903086336479,6
Fat bottleneck,10,0,0.5,0.05,0.5,0.6,True,0.020293749985285103,0.012210499990032986,0.01959679098217748,30,19,22,25,0,99,26,0,30.006130806271056,1
Fat bottleneck,11,0,0.5,0.05,0.5,0.6,True,0.01594408301752992,0.006643042026553303,0.015562083019176498,31,39,39,27,2,149,30,2,33.02831573818203,3
Fat bottleneck,12,0,0.5,0.05,0.5,0.6,True,0.035775915981503204,0.008071874995948747,0.03542724999715574,109,71,150,26,2,626,29,2,31.014550184310277,3
Fat bottleneck,13,0,0.5,0.05,0.5,0.6,True,0.013840375002473593,0.009456166997551918,0.013501959008863196,28,35,35,26,0,147,27,0,30.64118965623557,1
Fat bottleneck,14,0,0.5,0.05,0.5,0.6,True,0.012730792019283399,0.007724916998995468,0.012411208008415997,32,23,25,27,1,125,32,4,32.08575436360201,5
Fat bottleneck,15,0,0.5,0.05,0.5,0.6,True,0.012623750022612512,0.0070697500195819885,0.012304250005399808,23,23,19,24,1,95,26,1,33.43717800385494,2
Fat bottleneck,16,0,0.5,0.05,0.5,0.6,True,0.012483041995437816,0.007725791976554319,0.01218733299174346,26,32,30,24,2,143,29,4,28.054139056863704,5
Fat bottleneck,17,0,0.5,0.05,0.5,0.6,True,0.01331958401715383,0.007093708991305903,0.013010333990678191,35,20,30,22,1,136,25,2,31.2620048260987,3
Fat bottleneck,18,0,0.5,0.05,0.5,0.6,True,0.010774875001516193,0.006340666994219646,0.010479583987034857,19,20,15,22,0,68,23,0,29.53836088766948,1
Fat bottleneck,19,0,0.5,0.05,0.5,0.6,True,0.018250417022500187,0.006456750008510426,0.017507750017102808,21,22,20,21,0,76,22,0,29.159870538729567,1
Fat bottleneck,20,0,0.5,0.05,0.5,0.6,True,0.024925250007072464,0.011646666011074558,0.024425875017186627,20,21,17,21,1,82,23,1,28.504835596926025,2
Fat bottleneck,21,0,0.5,0.05,0.5,0.6,True,0.023583959002280608,0.019068333989707753,0.023231833998579532,36,49,46,37,0,222,39,1,34.968261159499676,2
Fat bottleneck,22,0,0.5,0.05,0.5,0.6,True,0.013804125017486513,0.007794708013534546,0.01345895801205188,29,28,28,26,1,125,28,1,30.669149460541032,2
Fat bottleneck,23,0,0.5,0.05,0.5,0.6,True,0.007871708017773926,0.002288250019773841,0.007588750013383105,13,10,6,14,1,27,16,1,30.080076622704176,2
Fat bottleneck,24,0,0.5,0.05,0.5,0.6,True,0.04630141699453816,0.014205082989064977,0.04592704199603759,81,126,171,33,1,841,35,1,33.59486869111876,2
Fat bottleneck,25,0,0.5,0.05,0.5,0.6,True,0.0684295840037521,0.010856209002668038,0.06806429201969877,205,104,265,38,4,1089,44,5,31.3023941564381,6
Fat bottleneck,26,0,0.5,0.05,0.5,0.6,True,0.03764991700882092,0.032928917004028335,0.037308416998712346,87,83,131,37,0,595,38,0,35.71323158216195,1
Fat bottleneck,27,0,0.5,0.05,0.5,0.6,True,0.058218833000864834,0.014211667003110051,0.057853000005707145,90,188,239,34,3,968,39,4,33.65724868307071,5
Fat bottleneck,28,0,0.5,0.05,0.5,0.6,True,0.011318292003124952,0.005833917006384581,0.011018417018931359,26,31,26,28,1,111,30,1,29.28206259405914,2
Fat bottleneck,29,0,0.5,0.05,0.5,0.6,True,0.016415749996667728,0.011872250004671514,0.01607700000749901,38,39,55,20,0,176,21,0,31.483483814407542,1
Fat bottleneck,0,1,1.0,0.05,0.5,0.6,True,0.011918874981347471,0.007126749987946823,0.011629541986621916,24,33,30,23,2,127,26,2,31.914554610077026,3
Fat bottleneck,1,1,1.0,0.05,0.5,0.6,True,0.016107041999930516,0.011510999989695847,0.01572087500244379,37,39,48,26,0,189,28,1,31.138020191616278,2
Fat bottleneck,2,1,1.0,0.05,0.5,0.6,True,0.025627333001466468,0.013210375007474795,0.024835792020894587,20,35,31,20,2,121,23,2,30.105502935008808,3
Fat bottleneck,3,1,1.0,0.05,0.5,0.6,True,0.02698824999970384,0.015187499986495823,0.026567583001451567,30,36,39,24,1,134,26,1,29.801142779062598,2
Fat bottleneck,4,1,1.0,0.05,0.5,0.6,True,0.05628391698701307,0.05149166699266061,0.05593441700330004,128,121,218,29,0,875,30,0,40.7104944297043,1
Fat bottleneck,5,1,1.0,0.05,0.5,0.6,True,0.006647333997534588,0.0026252089883200824,0.006378916994435713,11,5,4,10,0,16,11,0,28.508724886987427,1
Fat bottleneck,6,1,1.0,0.05,0.5,0.6,True,0.05890204198658466,0.010716207994846627,0.05851779200020246,109,182,238,48,3,992,52,3,36.263186168423225,4
Fat bottleneck,7,1,1.0,0.05,0.5,0.6,True,0.010882957983994856,0.007083957985742018,0.010620999993989244,16,24,13,25,0,99,26,0,29.436506790576946,1
Fat bottleneck,8,1,1.0,0.05,0.5,0.6,True,0.010940915992250666,0.007166249997681007,0.010642290988471359,17,29,19,25,0,92,26,0,29.297970496248663,1
Fat bottleneck,9,1,1.0,0.05,0.5,0.6,True,0.15187500001047738,0.14765637498931028,0.15150624999660067,83,75,123,33,0,564,34,0,35.14687347155228,1
Fat bottleneck,10,1,1.0,0.05,0.5,0.6,True,0.014265542005887255,0.008722458995180205,0.013932000001659617,31,31,29,30,1,159,33,2,35.86746057565332,3
Fat bottleneck,11,1,1.0,0.05,0.5,0.6,True,0.011143291019834578,0.00697695801500231,0.010819624993018806,23,23,18,26,0,105,27,0,30.735175577482902,1
Fat bottleneck,12,1,1.0,0.05,0.5,0.6,True,0.032903292012633756,0.003686334006488323,0.03225441699032672,58,48,72,29,3,230,33,3,36.3664147483973,4
Fat bottleneck,13,1,1.0,0.05,0.5,0.6,True,0.02079508302267641,0.011913458001799881,0.02043825000873767,23,37,37,20,1,120,22,1,29.932860536020915,2
Fat bottleneck,14,1,1.0,0.05,0.5,0.6,True,0.015216625004541129,0.010682750027626753,0.014873459003865719,37,32,42,25,0,168,26,0,34.02395445560505,1
Fat bottleneck,15,1,1.0,0.05,0.5,0.6,True,0.010916208004346117,0.006887000025017187,0.010612667014356703,24,33,30,25,0,109,26,0,30.64336529051456,1
Fat bottleneck,16,1,1.0,0.05,0.5,0.6,True,0.015517291001742706,0.010569041012786329,0.015207749995170161,31,31,31,28,1,141,30,1,38.436302320929045,2
Fat bottleneck,17,1,1.0,0.05,0.5,0.6,True,0.011577583994949237,0.006996584008447826,0.011293708987068385,22,20,12,28,0,89,29,0,31.101894862827486,1
Fat bottleneck,18,1,1.0,0.05,0.5,0.6,True,0.0570797499967739,0.052098500018473715,0.0567238749936223,133,123,223,29,2,896,32,2,32.66411575436665,3
Fat bottleneck,19,1,1.0,0.05,0.5,0.6,True,0.17772758300998248,0.09684070802177303,0.17745595800806768,240,349,557,28,2,2146,31,2,30.549893507910785,3
Fat bottleneck,20,1,1.0,0.05,0.5,0.6,True,0.020131041994318366,0.01465920900227502,0.019804042007308453,54,42,56,37,1,248,40,2,32.29415907165128,3
Fat bottleneck,21,1,1.0,0.05,0.5,0.6,True,0.01804454199736938,0.00501433399040252,0.01738445900264196,19,13,9,21,0,52,22,0,29.492633251082918,1
Fat bottleneck,22,1,1.0,0.05,0.5,0.6,True,0.027849167003296316,0.011975500005064532,0.02714900000137277,34,35,30,35,2,157,38,2,31.735707483864132,3
Fat bottleneck,23,1,1.0,0.05,0.5,0.6,False,0.09511075000045821,0.013341000012587756,,128,283,401,7,1,1473,8,1,0.0,1
Fat bottleneck,24,1,1.0,0.05,0.5,0.6,True,0.024097666988382116,0.010278375004418194,0.023769124993123114,52,88,104,28,6,371,35,6,30.973817176130684,7
Fat bottleneck,25,1,1.0,0.05,0.5,0.6,False,0.0974099169834517,0.011803708999650553,,129,286,405,7,1,1562,8,1,0.0,1
Fat bottleneck,26,1,1.0,0.05,0.5,0.6,True,0.017142457974841818,0.01293166697723791,0.016808707994641736,40,44,49,33,0,250,34,0,33.99922212472942,1
Fat bottleneck,27,1,1.0,0.05,0.5,0.6,True,0.011011249996954575,0.006056332989828661,0.010740750003606081,21,20,16,23,0,69,24,0,28.86215228996316,1
Fat bottleneck,28,1,1.0,0.05,0.5,0.6,True,0.01524537499062717,0.006560624984558672,0.014917499996954575,29,38,32,30,3,153,34,3,32.85426313945793,4
Fat bottleneck,29,1,1.0,0.05,0.5,0.6,True,0.016812749992823228,0.009128083009272814,0.016498375014634803,34,34,33,29,4,154,36,6,32.9336394946008,7
Fat bottleneck,0,2,0.5,0.05,0.7,0.6,True,0.01758641700143926,0.011658250004984438,0.016919625020818785,33,39,44,26,0,236,27,0,33.96883043160872,1
Fat bottleneck,1,2,0.5,0.05,0.7,0.6,True,0.02997391700046137,0.002851166995242238,0.029299749992787838,38,35,52,17,2,149,21,3,30.703798976805178,4
Fat bottleneck,2,2,0.5,0.05,0.7,0.6,True,0.025422708014957607,0.017261375003727153,0.02471075000357814,22,27,17,30,0,164,32,1,32.27309611220412,2
Fat bottleneck,3,2,0.5,0.05,0.7,0.6,True,0.018650875019375235,0.011631917004706338,0.018294334004167467,28,37,37,24,2,276,28,3,30.53903029916056,4
Fat bottleneck,4,2,0.5,0.05,0.7,0.6,True,0.030307083012303337,0.012039624998578802,0.02995050000026822,51,99,117,27,4,579,32,4,28.476932828896988,5
Fat bottleneck,5,2,0.5,0.05,0.7,0.6,True,0.016929667006479576,0.012341042020125315,0.01656895800260827,45,28,36,35,0,262,39,3,29.3356626079814,4
Fat bottleneck,6,2,0.5,0.05,0.7,0.6,True,0.05327474998193793,0.004913458978990093,0.052937874977942556,154,74,184,37,5,1064,43,5,33.81654054735329,6
Fat bottleneck,7,2,0.5,0.05,0.7,0.6,False,0.016230000008363277,0.008066542010055855,,42,24,28,31,5,181,41,10,0.0,10
Fat bottleneck,8,2,0.5,0.05,0.7,0.6,True,0.013443041971186176,0.008926458976930007,0.01314683398231864,26,22,15,31,0,122,32,0,30.85558388835619,1
Fat bottleneck,9,2,0.5,0.05,0.7,0.6,True,0.01555337497848086,0.010904291004408151,0.01525374999619089,26,39,32,31,0,226,35,3,32.23641941708911,4
Fat bottleneck,10,2,0.5,0.05,0.7,0.6,True,0.01351654200698249,0.00944187500863336,0.013208207994466648,20,25,16,27,0,196,28,0,30.161143199697545,1
Fat bottleneck,11,2,0.5,0.05,0.7,0.6,True,0.03964095801347867,0.015097125025931746,0.03924029102199711,38,51,49,35,3,246,42,6,34.58897031141237,7
Fat bottleneck,12,2,0.5,0.05,0.7,0.6,True,0.03592358299647458,0.016538165975362062,0.03556537497206591,49,88,105,28,2,619,31,2,32.21947350086608,3
Fat bottleneck,13,2,0.5,0.05,0.7,0.6,True,0.014549958985298872,0.008824083983199671,0.014212874986696988,20,28,10,30,6,121,38,7,30.27227326644233,8
Fat bottleneck,14,2,0.5,0.05,0.7,0.6,True,0.05952149999211542,0.01311037500272505,0.05919104200438596,64,200,227,34,1,1178,36,1,32.53786015569292,2
Fat bottleneck,15,2,0.5,0.05,0.7,0.6,True,0.02078583399998024,0.009901042009005323,0.02043704202515073,59,46,67,32,4,324,37,4,32.871653445304524,5
Fat bottleneck,16,2,0.5,0.05,0.7,0.6,True,0.009618082985980436,0.0054094579827506095,0.009345458005554974,15,14,5,22,0,70,23,0,30.572731952297083,1
Fat bottleneck,17,2,0.5,0.05,0.7,0.6,True,0.012950750009622425,0.009002875012811273,0.012637125008041039,30,18,13,33,0,154,34,0,30.7035801682949,1
Fat bottleneck,18,2,0.5,0.05,0.7,0.6,True,0.11381954199168831,0.0066639579890761524,0.11343604201101698,298,125,371,45,5,2044,51,5,33.01181019777093,6
Fat bottleneck,19,2,0.5,0.05,0.7,0.6,True,0.021046332985861227,0.013101749995257705,0.02069949998985976,40,56,63,30,1,330,32,1,29.47708493613663,2
Fat bottleneck,20,2,0.5,0.05,0.7,0.6,True,0.035068375000264496,0.02541291600209661,0.03441745799500495,23,41,34,28,0,269,30,1,29.963760955288432,2
Fat bottleneck,21,2,0.5,0.05,0.7,0.6,True,0.02926354101509787,0.024608041014289483,0.028829083021264523,43,44,53,31,1,384,33,1,34.52059879342761,2
Fat bottleneck,22,2,0.5,0.05,0.7,0.6,True,0.015415374975418672,0.010889290977502242,0.015095290989847854,29,26,15,36,2,203,40,3,31.204410996643126,4
Fat bottleneck,23,2,0.5,0.05,0.7,0.6,False,0.019501625007251278,0.009128334000706673,,44,56,55,36,7,271,46,10,0.0,10
Fat bottleneck,24,2,0.5,0.05,0.7,0.6,True,0.013884250016417354,0.00994583300780505,0.013575292017776519,24,38,28,32,0,206,33,0,31.464115860782957,1
Fat bottleneck,25,2,0.5,0.05,0.7,0.6,True,0.012033749982947484,0.006427374988561496,0.011714124993886799,31,26,21,31,3,150,37,5,29.084448400383295,6
Fat bottleneck,26,2,0.5,0.05,0.7,0.6,True,0.025501832977170125,0.015610499976901338,0.025150165980448946,63,67,92,31,5,469,37,5,28.684383623011886,6
Fat bottleneck,27,2,0.5,0.05,0.7,0.6,True,0.013628375018015504,0.007039000018266961,0.01327637501526624,34,24,24,30,2,160,33,2,34.53204983262574,3
Fat bottleneck,28,2,0.5,0.05,0.7,0.6,False,0.013777750020381063,0.00824166601523757,,26,31,20,27,8,146,37,10,0.0,10
Fat bottleneck,29,2,0.5,0.05,0.7,0.6,False,0.02646241700858809,0.009364166995510459,,67,70,99,28,8,480,38,10,0.0,10
Fat bottleneck,0,3,1.0,0.2,0.3,0.6,True,0.018003250006586313,0.009733790997415781,0.01730691600823775,27,36,31,29,1,119,31,1,33.65350396003677,2
Fat bottleneck,1,3,1.0,0.2,0.3,0.6,True,0.06189875002019107,0.011551291012438014,0.06154370799777098,147,98,213,27,3,707,31,3,31.270100946116624,4
Fat bottleneck,2,3,1.0,0.2,0.3,0.6,True,0.009098084003198892,0.005136666994076222,0.008835584012558684,20,13,15,16,0,46,17,0,29.84984493419335,1
Fat bottleneck,3,3,1.0,0.2,0.3,0.6,True,0.01224566699238494,0.008001207985216752,0.011964417004492134,28,25,27,24,0,97,26,1,32.72643596283673,2
Fat bottleneck,4,3,1.0,0.2,0.3,0.6,True,0.0200897500035353,0.006822166993515566,0.01973575001466088,68,42,85,22,1,254,24,1,32.87155043618155,2
Fat bottleneck,5,3,1.0,0.2,0.3,0.6,True,0.0390625,0.007080834009684622,0.038655542011838406,130,88,180,34,2,557,37,2,32.89523098535928,3
Fat bottleneck,6,3,1.0,0.2,0.3,0.6,True,0.015150291001191363,0.009710915997857228,0.014833416003966704,32,30,35,25,0,119,26,0,36.68861378350192,1
Fat bottleneck,7,3,1.0,0.2,0.3,0.6,True,0.015855750010814518,0.01004616601858288,0.015559583000140265,50,38,53,29,4,160,37,7,33.9646505331457,8
Fat bottleneck,8,3,1.0,0.2,0.3,0.6,True,0.07647591599379666,0.07174662500619888,0.07612679098383524,179,196,344,29,0,975,30,0,38.297513893577204,1
Fat bottleneck,9,3,1.0,0.2,0.3,0.6,True,0.012906208983622491,0.008803417003946379,0.012584499985678121,31,34,39,22,2,132,25,2,28.081228133216058,3
Fat bottleneck,10,3,1.0,0.2,0.3,0.6,True,0.03878941698349081,0.024648291990160942,0.03840812499402091,44,48,57,32,1,183,34,1,36.48452292789122,2
Fat bottleneck,11,3,1.0,0.2,0.3,0.6,True,0.01929054199717939,0.014200624980730936,0.018936458975076675,29,30,29,27,1,136,30,2,36.57725842075331,3
Fat bottleneck,12,3,1.0,0.2,0.3,0.6,True,0.01498045798507519,0.00989237500471063,0.014592541003366932,30,31,32,27,0,118,28,0,32.01085273073995,1
Fat bottleneck,13,3,1.0,0.2,0.3,0.6,True,0.019315750017995015,0.01484987500589341,0.018989917007274926,52,52,68,34,0,217,35,0,36.517503106412796,1
Fat bottleneck,14,3,1.0,0.2,0.3,0.6,True,0.012321917020017281,0.005488499999046326,0.01199429199914448,28,24,20,28,2,83,32,3,34.2986874327388,4
Fat bottleneck,15,3,1.0,0.2,0.3,0.6,True,0.024272417009342462,0.019610334013123065,0.02395512501243502,70,58,97,28,1,302,30,1,34.528057109251094,2
Fat bottleneck,16,3,1.0,0.2,0.3,0.6,True,0.010392166004749015,0.005647040990879759,0.010106250003445894,18,19,17,18,0,54,19,0,29.348817603179757,1
Fat bottleneck,17,3,1.0,0.2,0.3,0.6,True,0.04777212499175221,0.009397917019668967,0.04734208300942555,135,103,204,29,3,760,33,3,32.74681610161032,4
Fat bottleneck,18,3,1.0,0.2,0.3,0.6,True,0.014155250013573095,0.009887209016596898,0.013848292001057416,31,39,45,23,0,125,24,0,31.139573515692216,1
Fat bottleneck,19,3,1.0,0.2,0.3,0.6,True,0.04989866600953974,0.019576582999434322,0.04921208298765123,68,57,87,31,5,284,39,7,34.63370513186099,8
Fat bottleneck,20,3,1.0,0.2,0.3,0.6,True,0.017278249986702576,0.011993749998509884,0.016939499997533858,37,37,48,23,1,143,26,2,35.84030125158062,3
Fat bottleneck,21,3,1.0,0.2,0.3,0.6,True,0.01141854200977832,0.006431874993722886,0.011098666989710182,13,23,11,23,0,63,24,0,34.51035062915854,1
Fat bottleneck,22,3,1.0,0.2,0.3,0.6,True,0.014557375019649044,0.010368417017161846,0.014228958025341853,35,32,41,24,0,147,25,0,32.50586863222308,1
Fat bottleneck,23,3,1.0,0.2,0.3,0.6,True,0.039423583017196506,0.014141708001261577,0.03911354101728648,110,85,152,40,1,561,42,1,35.876453754666755,2
Fat bottleneck,24,3,1.0,0.2,0.3,0.6,True,0.010603250004351139,0.003183624998200685,0.01031591699575074,20,30,25,20,3,74,24,3,30.778914435752277,4
Fat bottleneck,25,3,1.0,0.2,0.3,0.6,True,0.023599125008331612,0.013823875022353604,0.023242208000738174,62,76,99,35,2,282,41,5,38.10319743719829,6
Fat bottleneck,26,3,1.0,0.2,0.3,0.6,True,0.012950500007718801,0.006560458015883341,0.01263108299463056,44,27,43,25,1,144,27,1,29.394876190067112,2
Fat bottleneck,27,3,1.0,0.2,0.3,0.6,True,0.02720650000264868,0.021937667013844475,0.026876167015871033,71,72,109,32,0,360,33,0,40.63838156742722,1
Fat bottleneck,28,3,1.0,0.2,0.3,0.6,True,0.0174030420021154,0.002899625018471852,0.016685125010553747,16,15,12,16,1,48,18,1,28.401531876469576,2
Fat bottleneck,29,3,1.0,0.2,0.3,0.6,True,0.02531991698197089,0.013287084002513438,0.024924583995016292,31,27,26,28,2,95,32,3,31.739513636753923,4
Fat bottleneck,0,4,1.2,0.2,0.8,0.3,True,0.027673750009853393,0.023766041005728766,0.02730370801873505,29,47,31,43,0,496,44,0,31.626033125883147,1
Fat bottleneck,1,4,1.2,0.2,0.8,0.3,True,0.026589582994347438,0.015724707976914942,0.026276499993400648,39,62,65,33,1,565,35,1,29.855800886554295,2
Fat bottleneck,2,4,1.2,0.2,0.8,0.3,False,0.08767079198150896,,,98,124,220,0,0,2021,0,0,0.0,0
Fat bottleneck,3,4,1.2,0.2,0.8,0.3,True,0.0795242500025779,0.01388029198278673,0.0791536670003552,75,204,238,38,1,1563,40,1,33.47913757332849,2
Fat bottleneck,4,4,1.2,0.2,0.8,0.3,False,0.023402541992254555,0.015954791975673288,,42,53,50,34,9,408,44,10,0.0,10
Fat bottleneck,5,4,1.2,0.2,0.8,0.3,False,0.03003329099738039,0.01562870800262317,,71,62,99,22,10,681,32,10,0.0,10
Fat bottleneck,6,4,1.2,0.2,0.8,0.3,True,0.014042875001905486,0.00824799999827519,0.013736083987168968,24,32,18,30,6,176,39,8,30.3316306487484,9
Fat bottleneck,7,4,1.2,0.2,0.8,0.3,False,0.0178807920019608,0.006589249998796731,,34,57,65,14,10,304,24,10,0.0,10
Fat bottleneck,8,4,1.2,0.2,0.8,0.3,False,0.024728916003368795,0.014737833000253886,,35,33,20,37,9,239,47,10,0.0,10
Fat bottleneck,9,4,1.2,0.2,0.8,0.3,True,0.04482645902317017,0.030049959023017436,0.044453792012063786,74,55,78,40,9,582,50,9,30.010249910811712,10
Fat bottleneck,10,4,1.2,0.2,0.8,0.3,False,0.024501000007148832,0.013923958002123982,,42,66,72,25,9,517,35,10,0.0,10
Fat bottleneck,11,4,1.2,0.2,0.8,0.3,True,0.03300441600731574,0.028704416006803513,0.03263858298305422,49,65,61,51,0,768,54,2,32.92763666550948,3
Fat bottleneck,12,4,1.2,0.2,0.8,0.3,True,0.04487350000999868,0.013676458009285852,0.04452629102161154,93,96,148,37,2,936,40,2,32.24877965378169,3
Fat bottleneck,13,4,1.2,0.2,0.8,0.3,False,0.0896397500182502,,,93,145,236,0,0,1996,0,0,0.0,0
Fat bottleneck,14,4,1.2,0.2,0.8,0.3,True,0.05421829200349748,0.019874374993378296,0.053860166983213276,70,150,168,47,3,1172,51,3,32.75117710016806,4
Fat bottleneck,15,4,1.2,0.2,0.8,0.3,True,0.029906874988228083,0.026071083004353568,0.029568875004770234,48,65,69,42,0,620,43,0,29.763625400616302,1
Fat bottleneck,16,4,1.2,0.2,0.8,0.3,True,0.02845933398930356,0.023254250001627952,0.02813324998714961,38,56,54,37,1,593,41,3,33.446196165695596,4
Fat bottleneck,17,4,1.2,0.2,0.8,0.3,True,0.017534666025312617,0.005455708014778793,0.01720087500871159,47,47,50,33,9,290,43,9,29.995994569462354,10
Fat bottleneck,18,4,1.2,0.2,0.8,0.3,True,0.043605999991996214,0.029933666985016316,0.042425333987921476,35,40,32,35,6,397,42,6,32.585811775402995,7
Fat bottleneck,19,4,1.2,0.2,0.8,0.3,True,0.02313037498970516,0.014358749991515651,0.022740290994988754,31,40,29,38,2,349,41,2,31.310656571919996,3
Fat bottleneck,20,4,1.2,0.2,0.8,0.3,True,0.16184924999834038,0.1549859170045238,0.16155429201899096,27,36,35,25,1,292,27,1,29.061420573535422,2
Fat bottleneck,21,4,1.2,0.2,0.8,0.3,False,0.08981220799614675,,,94,127,219,0,0,2028,0,0,0.0,0
Fat bottleneck,22,4,1.2,0.2,0.8,0.3,True,0.07093124999664724,0.021815124986460432,0.07056529098190367,82,196,233,37,6,1441,45,7,30.486679757777438,8
Fat bottleneck,23,4,1.2,0.2,0.8,0.3,True,0.022274041984928772,0.015314332995330915,0.02194866701029241,44,43,59,24,2,408,27,2,28.747309156880462,3
Fat bottleneck,24,4,1.2,0.2,0.8,0.3,True,0.16139987501082942,0.03696991701144725,0.1610157499962952,283,167,397,48,3,2833,52,3,34.5383585374079,4
Fat bottleneck,25,4,1.2,0.2,0.8,0.3,False,0.025224790995707735,0.017293333017732948,,39,71,72,26,10,483,36,10,0.0,10
Fat bottleneck,26,4,1.2,0.2,0.8,0.3,False,0.03968116600299254,0.029144833009922877,,34,49,32,39,10,391,49,10,0.0,10
Fat bottleneck,27,4,1.2,0.2,0.8,0.3,True,0.06519712498993613,0.03707387499161996,0.06480712498887442,121,91,159,45,6,1298,54,8,30.706528116685586,9
Fat bottleneck,28,4,1.2,0.2,0.8,0.3,True,0.014727750007295981,0.010630208998918533,0.014426417008507997,19,29,16,30,0,212,31,0,29.180602374499475,1
Fat bottleneck,29,4,1.2,0.2,0.8,0.3,True,0.11217445798683912,0.02011766700888984,0.1118175000010524,101,264,327,34,2,2023,37,2,32.32939391469477,3
Fat bottleneck,0,5,0.5,0.05,0.5,0.05,True,0.07941979099996388,0.011871916009113193,0.07907741601229645,173,183,321,31,2,1180,36,4,30.28437577784806,5
Fat bottleneck,1,5,0.5,0.05,0.5,0.05,True,0.011841665982501581,0.004114124982152134,0.01155633298913017,28,27,30,22,1,93,24,1,30.363470577691523,2
Fat bottleneck,2,5,0.5,0.05,0.5,0.05,True,0.019971542002167553,0.014461624989053234,0.019589832983911037,35,46,43,31,5,239,38,6,29.764959575536743,7
Fat bottleneck,3,5,0.5,0.05,0.5,0.05,True,0.012040708010317758,0.004777583002578467,0.011745249998057261,25,22,21,23,1,107,25,1,30.579542121568846,2
Fat bottleneck,4,5,0.5,0.05,0.5,0.05,True,0.009942874981788918,0.005906957987463102,0.009642416989663616,18,12,5,23,0,51,24,0,30.67863198874534,1
Fat bottleneck,5,5,0.5,0.05,0.5,0.05,True,0.09854758399887942,0.017812500009313226,0.09817929199198261,171,163,296,34,2,1113,37,2,33.853024272726955,3
Fat bottleneck,6,5,0.5,0.05,0.5,0.05,False,0.0191636249946896,0.006962290994124487,,47,49,63,21,10,239,31,10,0.0,10
Fat bottleneck,7,5,0.5,0.05,0.5,0.05,True,0.013212124991696328,0.009223125001881272,0.01292029197793454,29,25,24,28,0,169,29,0,30.709661395260508,1
Fat bottleneck,8,5,0.5,0.05,0.5,0.05,True,0.024460625019855797,0.007602334022521973,0.024154042010195553,72,57,95,31,1,317,33,1,34.58723263103549,2
Fat bottleneck,9,5,0.5,0.05,0.5,0.05,True,0.014973499986808747,0.007166291994508356,0.014637916989158839,40,32,37,31,2,164,34,2,32.57394400410025,3
Fat bottleneck,10,5,0.5,0.05,0.5,0.05,True,0.01152250001905486,0.002666125015821308,0.011209707998204976,32,24,25,21,8,94,31,9,29.975911817387264,10
Fat bottleneck,11,5,0.5,0.05,0.5,0.05,False,0.01177216600626707,0.005606124992482364,,28,26,24,19,9,109,29,10,0.0,10
Fat bottleneck,12,5,0.5,0.05,0.5,0.05,True,0.01185741598601453,0.00793774999328889,0.011543457978405058,23,27,20,28,0,109,29,0,30.6693360221781,1
Fat bottleneck,13,5,0.5,0.05,0.5,0.05,False,0.044348583003738895,0.007201625005109236,,130,116,204,31,9,671,41,10,0.0,10
Fat bottleneck,14,5,0.5,0.05,0.5,0.05,True,0.0659995410242118,0.02537937500164844,0.06563916601589881,115,89,172,26,4,478,31,4,28.56815982437719,5
Fat bottleneck,15,5,0.5,0.05,0.5,0.05,True,0.1223905420047231,0.009342167002614588,0.12209458398865536,242,244,435,43,6,1638,50,6,31.24473576714307,7
Fat bottleneck,16,5,0.5,0.05,0.5,0.05,True,0.015195124986348674,0.010293750005075708,0.014865125005599111,31,38,32,34,1,157,36,1,37.313973124386656,2
Fat bottleneck,17,5,0.5,0.05,0.5,0.05,True,0.032915250019868836,0.009803792025195435,0.03256733401212841,78,94,147,21,2,546,24,2,29.549918260753167,3
Fat bottleneck,18,5,0.5,0.05,0.5,0.05,True,0.050884790980489925,0.011274374992353842,0.05054708299576305,134,130,221,40,1,829,42,1,35.98308048429289,2
Fat bottleneck,19,5,0.5,0.05,0.5,0.05,True,0.012154625001130626,0.008619375003036112,0.011882167018484324,31,18,23,24,0,115,25,0,29.602978613088084,1
Fat bottleneck,20,5,0.5,0.05,0.5,0.05,True,0.016529791988432407,0.0048679999890737236,0.016180916980374604,47,50,64,26,5,198,32,5,29.03267961858383,6
Fat bottleneck,21,5,0.5,0.05,0.5,0.05,True,0.03519483399577439,0.03095733397640288,0.03480170900002122,81,95,139,35,0,579,36,0,31.43710855141327,1
Fat bottleneck,22,5,0.5,0.05,0.5,0.05,True,0.04660370800411329,0.013633624999783933,0.04594345798250288,52,62,81,30,1,303,32,1,28.995491871463116,2
Fat bottleneck,23,5,0.5,0.05,0.5,0.05,True,0.019407334009883925,0.008143791987095028,0.01902354200137779,42,42,52,24,6,171,32,7,29.75175489719068,8
Fat bottleneck,24,5,0.5,0.05,0.5,0.05,True,0.08654458398814313,0.01010916699306108,0.08616029197582975,180,196,343,30,1,1245,32,1,35.13457195924498,2
Fat bottleneck,25,5,0.5,0.05,0.5,0.05,True,0.02913925002212636,0.006035208003595471,0.028759250009898096,98,73,140,25,4,409,30,4,28.845283802974166,5
Fat bottleneck,26,5,0.5,0.05,0.5,0.05,True,0.04100458399625495,0.03595525000127964,0.04061608400661498,87,104,148,41,0,615,42,0,40.286284389143624,1
Fat bottleneck,27,5,0.5,0.05,0.5,0.05,True,0.011186624993570149,0.005425625015050173,0.010873874998651445,20,25,23,19,1,80,21,1,30.081979050671055,2
Fat bottleneck,28,5,0.5,0.05,0.5,0.05,False,0.030363917001523077,0.01105462500709109,,73,77,111,29,8,419,39,10,0.0,10
Fat bottleneck,29,5,0.5,0.05,0.5,0.05,True,0.019753542001126334,0.015514500002609566,0.019401166995521635,40,45,53,30,0,271,31,0,33.35058204351158,1
Fat bottleneck,0,6,0.5,0.5,0.5,0.6,True,0.050113708013668656,0.04585300001781434,0.04971662501338869,111,129,206,32,0,790,33,0,33.336857327581384,1
Fat bottleneck,1,6,0.5,0.5,0.5,0.6,True,0.03260612499434501,0.0194007079990115,0.03189970797393471,23,37,30,27,1,148,29,1,31.71413453010454,2
Fat bottleneck,2,6,0.5,0.5,0.5,0.6,True,0.024859792029019445,0.020196375000523403,0.024443042027996853,38,37,46,27,0,193,28,0,31.573251442138375,1
Fat bottleneck,3,6,0.5,0.5,0.5,0.6,False,0.06714274999103509,0.018330749997403473,,184,131,265,42,6,1086,52,10,0.0,10
Fat bottleneck,4,6,0.5,0.5,0.5,0.6,True,0.020293459005188197,0.015937209012918174,0.019931666989577934,51,45,62,31,1,268,33,1,33.144458091654705,2
Fat bottleneck,5,6,0.5,0.5,0.5,0.6,True,0.013427957979729399,0.00607354097883217,0.013108707993524149,39,31,38,26,4,147,31,4,30.17471558739531,5
Fat bottleneck,6,6,0.5,0.5,0.5,0.6,True,0.012267917016288266,0.007424208015436307,0.011974541994277388,18,29,16,29,0,98,31,1,33.48516435210949,2
Fat bottleneck,7,6,0.5,0.5,0.5,0.6,True,0.013150207989383489,0.005031624983530492,0.012815832975320518,21,36,34,20,1,165,22,1,28.858691388525877,2
Fat bottleneck,8,6,0.5,0.5,0.5,0.6,True,0.05404920899309218,0.048823416989762336,0.05368074998841621,115,133,206,40,0,826,41,0,39.05141264887135,1
Fat bottleneck,9,6,0.5,0.5,0.5,0.6,True,0.012380250002024695,0.007369750004727393,0.012046292016748339,28,31,30,25,2,147,28,2,29.768657047921824,3
Fat bottleneck,10,6,0.5,0.5,0.5,0.6,True,0.017000374995404854,0.010317833017325029,0.01665870801662095,44,48,58,29,3,206,34,4,29.74719584174047,5
Fat bottleneck,11,6,0.5,0.5,0.5,0.6,True,0.022952667000936344,0.011430374986957759,0.022302708006463945,23,25,21,25,0,118,26,0,31.644528276942175,1
Fat bottleneck,12,6,0.5,0.5,0.5,0.6,False,0.11594424999202602,0.02272591699147597,,138,297,425,7,1,1625,8,1,0.0,1
Fat bottleneck,13,6,0.5,0.5,0.5,0.6,True,0.020099582994589582,0.012146124994615093,0.019694457994773984,41,58,72,24,1,249,26,1,32.568645768602366,2
Fat bottleneck,14,6,0.5,0.5,0.5,0.6,True,0.014915249979821965,0.010457500000484288,0.014506999985314906,34,31,35,28,0,166,29,0,31.77992935141836,1
Fat bottleneck,15,6,0.5,0.5,0.5,0.6,True,0.03340683298301883,0.004798874986590818,0.03296670797863044,106,72,143,29,4,574,34,4,30.355864023403097,5
Fat bottleneck,16,6,0.5,0.5,0.5,0.6,True,0.012655208993237466,0.008635458973003551,0.01232420897576958,27,22,25,22,0,109,23,0,29.787270019118495,1
Fat bottleneck,17,6,0.5,0.5,0.5,0.6,True,0.019480250019114465,0.013746957993134856,0.018958458007546142,51,43,56,34,2,207,38,3,32.3386493418651,4
Fat bottleneck,18,6,0.5,0.5,0.5,0.6,True,0.032716707995859906,0.006192917004227638,0.03232337499503046,101,74,150,20,3,564,24,3,31.127940525381124,4
Fat bottleneck,19,6,0.5,0.5,0.5,0.6,True,0.016354291001334786,0.008837333007249981,0.015875040990067646,38,40,51,22,3,202,26,3,29.660526559468867,4
Fat bottleneck,20,6,0.5,0.5,0.5,0.6,True,0.04158554199966602,0.013616875017760321,0.041203000000678,73,108,150,28,1,700,30,1,30.18490698276489,2
Fat bottleneck,21,6,0.5,0.5,0.5,0.6,True,0.01267262498731725,0.007703665993176401,0.012122957996325567,17,27,19,23,0,84,24,0,29.98617988960828,1
Fat bottleneck,22,6,0.5,0.5,0.5,0.6,True,0.07559479100746103,0.0712901660008356,0.07519195799250156,146,168,279,33,0,1111,34,0,33.78419069277273,1
Fat bottleneck,23,6,0.5,0.5,0.5,0.6,True,0.05414079100592062,0.010853207990294322,0.053747625002870336,88,172,223,32,3,852,36,3,31.743344707872758,4
Fat bottleneck,24,6,0.5,0.5,0.5,0.6,True,0.040042375010671094,0.017353083996567875,0.03961362500558607,54,45,67,28,2,250,31,2,31.474336654930518,3
Fat bottleneck,25,6,0.5,0.5,0.5,0.6,True,0.020068083016667515,0.01500070802285336,0.019698625023011118,29,37,31,33,0,180,37,3,33.70043451754304,4
Fat bottleneck,26,6,0.5,0.5,0.5,0.6,True,0.011742208997020498,0.004020916996523738,0.01137837499845773,21,23,18,22,2,78,25,2,30.187136047901834,3
Fat bottleneck,27,6,0.5,0.5,0.5,0.6,True,0.08169029199052602,0.006145291990833357,0.08133691697730683,265,106,331,36,2,1443,40,3,30.549132614921266,4
Fat bottleneck,28,6,0.5,0.5,0.5,0.6,True,0.011252333002630621,0.00535004201810807,0.01094675000058487,27,31,20,30,6,117,38,7,30.298999800026,8
Fat bottleneck,29,6,0.5,0.5,0.5,0.6,True,0.02141037498950027,0.016504333005286753,0.021092874987516552,37,57,65,27,0,257,28,0,35.77440246155583,1
Fat bottleneck,0,7,0.5,0.05,0.1,0.8,True,0.01795329200103879,0.009246708010323346,0.01761979202274233,46,46,67,19,4,194,24,4,30.56779033348657,5
Fat bottleneck,1,7,0.5,0.05,0.1,0.8,False,0.08215579198440537,0.0051079579861834645,,115,262,367,7,1,1414,8,1,0.0,1
Fat bottleneck,2,7,0.5,0.05,0.1,0.8,True,0.09744129099999554,0.04483654099749401,0.09709083300549537,246,189,393,34,6,1202,42,7,37.212181184214096,8
Fat bottleneck,3,7,0.5,0.05,0.1,0.8,True,0.02723816700745374,0.01287204198888503,0.02658558398252353,30,33,35,25,1,89,27,1,36.407079884582906,2
Fat bottleneck,4,7,0.5,0.05,0.1,0.8,True,0.06294758297735825,0.037665082985768095,0.06254245797754265,145,124,234,32,1,685,34,1,35.349694426921594,2
Fat bottleneck,5,7,0.5,0.05,0.1,0.8,True,0.21319845897960477,0.02582404197892174,0.21276166700408794,466,223,631,53,3,2349,57,3,45.35443194887294,4
Fat bottleneck,6,7,0.5,0.05,0.1,0.8,True,0.017316000012215227,0.011838709004223347,0.016962499998044223,42,41,58,23,0,150,24,0,33.582806597129576,1
Fat bottleneck,7,7,0.5,0.05,0.1,0.8,True,0.02244141700793989,0.0035336250148247927,0.022082457988290116,80,42,105,14,1,360,16,1,29.015386161579325,2
Fat bottleneck,8,7,0.5,0.05,0.1,0.8,True,0.014301124989287928,0.005297958996379748,0.013959916977910325,30,34,31,29,2,125,32,2,31.50445488099448,3
Fat bottleneck,9,7,0.5,0.05,0.1,0.8,True,0.027154583018273115,0.02227508299984038,0.026778875006129965,79,94,146,24,1,317,26,1,37.779497567465725,2
Fat bottleneck,10,7,0.5,0.05,0.1,0.8,True,0.029031833983026445,0.023626084002899006,0.028680124989477918,91,92,150,31,0,335,32,0,44.368350583037625,1
Fat bottleneck,11,7,0.5,0.05,0.1,0.8,True,0.05670537502737716,0.005679125024471432,0.05632616701768711,78,192,233,32,3,977,37,4,39.88798267879354,5
Fat bottleneck,12,7,0.5,0.05,0.1,0.8,True,0.016235165996477008,0.009186832990963012,0.01589362500817515,45,37,48,30,2,142,34,3,34.26031627513137,4
Fat bottleneck,13,7,0.5,0.05,0.1,0.8,True,0.02991408298839815,0.02385024999966845,0.029563457996118814,83,98,147,29,3,346,33,3,33.1019733218158,4
Fat bottleneck,14,7,0.5,0.05,0.1,0.8,True,0.019771041988860816,0.0043097919842693955,0.01945366698782891,52,61,84,23,4,201,28,4,30.10769439031157,5
Fat bottleneck,15,7,0.5,0.05,0.1,0.8,True,0.028121499984990805,0.01155204200767912,0.02776879200246185,59,81,106,27,5,394,33,5,33.39384882873586,6
Fat bottleneck,16,7,0.5,0.05,0.1,0.8,True,0.07606837499770336,0.06942045799223706,0.07569012499880046,137,149,250,33,1,587,35,1,41.07451732099881,2
Fat bottleneck,17,7,0.5,0.05,0.1,0.8,True,0.014984708017436787,0.008066542010055855,0.01468162500532344,34,23,29,25,1,90,27,1,33.88956920567587,2
Fat bottleneck,18,7,0.5,0.05,0.1,0.8,True,0.009751208999659866,0.003880917007336393,0.00944712501950562,12,19,12,15,2,37,19,3,33.11237685143025,4
Fat bottleneck,19,7,0.5,0.05,0.1,0.8,True,0.010133500007214025,0.006082208012230694,0.009824415988987312,18,18,17,17,0,55,18,0,31.685978548567483,1
Fat bottleneck,20,7,0.5,0.05,0.1,0.8,True,0.011597666016314179,0.006350750016281381,0.01122737501282245,23,24,28,17,0,57,19,1,39.875743457807715,2
Fat bottleneck,21,7,0.5,0.05,0.1,0.8,True,0.058834291994571686,0.029863375006243587,0.05846562498481944,127,180,270,32,3,732,37,4,34.708099810087404,5
Fat bottleneck,22,7,0.5,0.05,0.1,0.8,True,0.07096787498448975,0.010145916981855407,0.07060879198252223,191,123,263,46,3,1098,51,4,36.563869003850144,5
Fat bottleneck,23,7,0.5,0.05,0.1,0.8,True,0.06681866600411013,0.02395362500101328,0.06647983301081695,181,145,294,29,1,900,31,1,39.45774336502537,2
Fat bottleneck,24,7,0.5,0.05,0.1,0.8,True,0.00814220798201859,0.0028867909859400243,0.00787566599319689,19,8,12,12,1,30,14,1,28.286016685275158,2
Fat bottleneck,25,7,0.5,0.05,0.1,0.8,True,0.03873704100260511,0.019825875002425164,0.03794854099396616,38,43,48,30,1,131,35,4,37.54527891065362,5
Fat bottleneck,26,7,0.5,0.05,0.1,0.8,True,0.028022540995152667,0.01421054100501351,0.02765462500974536,77,72,111,31,5,309,40,8,34.087491194920986,9
Fat bottleneck,27,7,0.5,0.05,0.1,0.8,True,0.01752991700777784,0.013426041987258941,0.01722504198551178,54,38,70,19,1,173,21,1,31.62205105859246,2
Fat bottleneck,28,7,0.5,0.05,0.1,0.8,True,0.19694895899738185,0.19159204201423563,0.1964997090108227,46,41,65,20,0,142,23,2,30.2908144867762,3
Fat bottleneck,29,7,0.5,0.05,0.1,0.8,True,0.02673787498497404,0.022082999988924712,0.026410666992887855,74,83,129,26,0,295,27,0,34.73684771587925,1
Fat bottleneck,0,8,0.5,0.05,0.0,0.6,True,0.01835120900068432,0.013342250022105873,0.018025708995992318,44,75,96,20,1,190,22,1,30.192710690948832,2
Fat bottleneck,1,8,0.5,0.05,0.0,0.6,True,0.017514249979285523,0.008380999992368743,0.017192749975947663,41,36,35,38,2,144,41,2,33.16929036138426,3
Fat bottleneck,2,8,0.5,0.05,0.0,0.6,True,0.014699541992740706,0.008987792010884732,0.014398541999980807,44,49,69,20,2,142,26,5,33.698672378989826,6
Fat bottleneck,3,8,0.5,0.05,0.0,0.6,True,0.029515458008972928,0.01636524999048561,0.028830958006437868,33,33,44,20,0,104,21,0,31.71202476965882,1
Fat bottleneck,4,8,0.5,0.05,0.0,0.6,True,0.04260862499359064,0.020873583009233698,0.04223150000325404,86,94,149,28,1,386,30,1,37.34200452157884,2
Fat bottleneck,5,8,0.5,0.05,0.0,0.6,True,0.013335666008060798,0.008873208018485457,0.012991708004847169,29,38,44,20,1,104,22,1,30.62788672908774,2
Fat bottleneck,6,8,0.5,0.05,0.0,0.6,True,0.03322283297893591,0.008742624981096014,0.03288612500182353,116,85,172,25,2,493,28,2,31.08323852574902,3
Fat bottleneck,7,8,0.5,0.05,0.0,0.6,True,0.014904708979884163,0.007294292008737102,0.014570458995876834,39,41,51,25,2,160,28,2,30.314809472326207,3
Fat bottleneck,8,8,0.5,0.05,0.0,0.6,True,0.01355783300823532,0.005691541999112815,0.013239667023299262,30,24,30,20,2,73,24,3,31.618881917851542,4
Fat bottleneck,9,8,0.5,0.05,0.0,0.6,True,0.024453582998830825,0.016284374985843897,0.024132708000252023,79,48,100,23,2,238,26,2,36.428280938527635,3
Fat bottleneck,10,8,0.5,0.05,0.0,0.6,True,0.014579292008420452,0.009220957988873124,0.014290124992839992,34,36,51,17,0,97,18,0,29.910592595445035,1
Fat bottleneck,11,8,0.5,0.05,0.0,0.6,True,0.0158324999792967,0.009736540989251807,0.01552966597955674,41,47,62,21,3,147,25,3,29.54753007324154,4
Fat bottleneck,12,8,0.5,0.05,0.0,0.6,True,0.07318999999552034,0.04032766699674539,0.07285579200834036,186,205,359,27,3,814,31,3,40.79128862495245,4
Fat bottleneck,13,8,0.5,0.05,0.0,0.6,True,0.032273958990117535,0.01872687498689629,0.03141108399722725,30,33,39,22,0,107,23,0,33.525557163068534,1
Fat bottleneck,14,8,0.5,0.05,0.0,0.6,True,0.0242548749956768,0.01306066699908115,0.02384799998253584,35,36,45,22,2,121,26,3,28.344926016413524,4
Fat bottleneck,15,8,0.5,0.05,0.0,0.6,True,0.009974207991035655,0.005905625002924353,0.009673791006207466,18,17,16,17,0,47,18,0,29.857924664892884,1
Fat bottleneck,16,8,0.5,0.05,0.0,0.6,True,0.019694624992553145,0.011205125018022954,0.019363333005458117,65,54,89,27,1,198,29,1,36.29880008056563,2
Fat bottleneck,17,8,0.5,0.05,0.0,0.6,True,0.037332957988837734,0.014263874996686354,0.03699391699046828,116,91,168,34,3,491,38,3,36.509513952691144,4
Fat bottleneck,18,8,0.5,0.05,0.0,0.6,True,0.051114583999151364,0.006985833984799683,0.05076162499608472,147,149,252,36,6,663,43,6,37.90605781826248,7
Fat bottleneck,19,8,0.5,0.05,0.0,0.6,True,0.009888291999232024,0.004833667015191168,0.009593374998075888,24,21,27,15,1,73,17,1,32.162828286540446,2
Fat bottleneck,20,8,0.5,0.05,0.0,0.6,True,0.013195499981520697,0.006932999996934086,0.012908459000755101,28,33,40,17,2,84,21,3,32.93553055222714,4
Fat bottleneck,21,8,0.5,0.05,0.0,0.6,True,0.036334000003989786,0.010856166016310453,0.03599070801283233,87,110,168,25,2,495,28,2,37.47931319309295,3
Fat bottleneck,22,8,0.5,0.05,0.0,0.6,True,0.018115792016033083,0.012283832998946309,0.017764000018360093,44,51,65,28,0,137,29,0,43.8190394759863,1
Fat bottleneck,23,8,0.5,0.05,0.0,0.6,True,0.018806667008902878,0.01066604201332666,0.01820062499609776,22,16,16,20,0,52,21,0,30.553057733943557,1
Fat bottleneck,24,8,0.5,0.05,0.0,0.6,True,0.047736332984641194,0.014500707999104634,0.04732087498996407,102,73,148,24,1,424,26,1,42.31160792940719,2
Fat bottleneck,25,8,0.5,0.05,0.0,0.6,True,0.028245166991837323,0.02241412500734441,0.027919249987462536,75,99,145,26,1,291,28,1,38.36056043639613,2
Fat bottleneck,26,8,0.5,0.05,0.0,0.6,True,0.01846595900133252,0.014562083990313113,0.018112291989382356,41,37,60,16,0,112,17,0,29.94522020833174,1
Fat bottleneck,27,8,0.5,0.05,0.0,0.6,True,0.012562832998810336,0.007462375011527911,0.012191332993097603,26,33,36,21,0,80,22,0,35.673995719848236,1
Fat bottleneck,28,8,0.5,0.05,0.0,0.6,True,0.019982750003691763,0.005900916003156453,0.019558750005671754,54,52,75,28,1,211,30,1,34.191740421416824,2
Fat bottleneck,29,8,0.5,0.05,0.0,0.6,True,0.01086508299340494,0.007428333017742261,0.010569167003268376,37,19,36,18,0,77,19,0,29.258823538340646,1
Fat bottleneck,0,9,0.5,0.05,0.95,0.6,True,0.03829879200202413,0.03273237499524839,0.03797187499003485,28,48,29,36,9,1121,46,9,30.339266007499234,10
Fat bottleneck,1,9,0.5,0.05,0.95,0.6,False,0.033759458019630983,0.01875566699891351,,41,80,88,21,10,793,31,10,0.0,10
Fat bottleneck,2,9,0.5,0.05,0.95,0.6,False,0.07388141698902473,,,34,46,78,0,0,2324,0,0,0.0,0
Fat bottleneck,3,9,0.5,0.05,0.95,0.6,False,0.09278325000195764,,,35,54,87,0,0,2314,0,0,0.0,0
Fat bottleneck,4,9,0.5,0.05,0.95,0.6,True,0.061194124980829656,0.029405082983430475,0.060828749992651865,48,132,134,39,5,1649,45,5,30.28957436779539,6
Fat bottleneck,5,9,0.5,0.05,0.95,0.6,True,0.07250795801519416,0.061910207994515076,0.07217250001849607,74,58,89,36,5,2124,42,5,30.47377609270719,6
Fat bottleneck,6,9,0.5,0.05,0.95,0.6,True,0.037843250000150874,0.028622749989153817,0.037462249980308115,30,60,50,34,4,1089,41,6,28.153031009805858,7
Fat bottleneck,7,9,0.5,0.05,0.95,0.6,False,0.06081108297803439,0.024592582980403677,,140,64,160,32,10,1683,42,10,0.0,10
Fat bottleneck,8,9,0.5,0.05,0.95,0.6,False,0.135314915998606,0.053912666015094146,,37,273,296,11,1,3680,12,1,0.0,1
Fat bottleneck,9,9,0.5,0.05,0.95,0.6,True,0.0397472910117358,0.03040920800413005,0.03936583301401697,30,44,40,29,3,1189,34,4,29.5511685945625,5
Fat bottleneck,10,9,0.5,0.05,0.95,0.6,True,0.04146154099726118,0.037633166008163244,0.04110750000108965,24,30,18,34,0,1342,35,0,30.770115738379957,1
Fat bottleneck,11,9,0.5,0.05,0.95,0.6,True,0.04639787500491366,0.03928283401182853,0.04604124999605119,42,53,54,34,5,1347,40,5,28.822103605916304,6
Fat bottleneck,12,9,0.5,0.05,0.95,0.6,True,0.0658468330220785,0.06108187499921769,0.06546304101357237,34,22,22,30,2,1151,34,3,28.70515589639846,4
Fat bottleneck,13,9,0.5,0.05,0.95,0.6,True,0.0409934589988552,0.03707991697592661,0.04063870897516608,24,48,31,39,0,1211,40,0,31.386103721934518,1
Fat bottleneck,14,9,0.5,0.05,0.95,0.6,False,0.07418779100407846,,,32,59,89,0,0,2318,0,0,0.0,0
Fat bottleneck,15,9,0.5,0.05,0.95,0.6,True,0.015143083001021296,0.010113374999491498,0.01481454199529253,17,21,3,29,4,261,35,5,32.93415995643559,6
Fat bottleneck,16,9,0.5,0.05,0.95,0.6,False,0.02465583401499316,0.01746133400592953,,43,45,49,28,9,594,38,10,0.0,10
Fat bottleneck,17,9,0.5,0.05,0.95,0.6,False,0.07363258401164785,,,41,46,85,0,0,2332,0,0,0.0,0
Fat bottleneck,18,9,0.5,0.05,0.95,0.6,True,0.03374024998629466,0.02748858300037682,0.033349874982377514,26,54,48,29,1,888,31,1,32.04000505107048,2
Fat bottleneck,19,9,0.5,0.05,0.95,0.6,False,0.09850470800301991,0.024440416018478572,,31,264,280,12,1,2551,13,1,0.0,1
Fat bottleneck,20,9,0.5,0.05,0.95,0.6,True,0.05088220801553689,0.04051433299900964,0.05009908301872201,45,41,50,31,3,675,35,3,29.66034032404746,4
Fat bottleneck,21,9,0.5,0.05,0.95,0.6,True,0.06673600000794977,0.04190100001869723,0.06637995800701901,74,100,127,38,7,1773,47,8,29.997991845260582,9
Fat bottleneck,22,9,0.5,0.05,0.95,0.6,False,0.07073416700586677,,,48,41,87,0,0,2305,0,0,0.0,0
Fat bottleneck,23,9,0.5,0.05,0.95,0.6,False,0.11026345801656134,0.032795250008348376,,42,273,299,13,1,2853,14,1,0.0,1
Fat bottleneck,24,9,0.5,0.05,0.95,0.6,False,0.1180785000033211,0.04084050000528805,,44,266,294,13,1,3182,14,1,0.0,1
Fat bottleneck,25,9,0.5,0.05,0.95,0.6,True,0.05039124999893829,0.045198667008662596,0.05003654200118035,28,48,46,27,1,1566,29,1,29.224777584472076,2
Fat bottleneck,26,9,0.5,0.05,0.95,0.6,True,0.09656158401048742,0.04763304200605489,0.09617066700593568,43,214,221,33,1,2587,35,1,35.237876672708865,2
Fat bottleneck,27,9,0.5,0.05,0.95,0.6,False,0.06743562498013489,,,26,44,68,0,0,2375,0,0,0.0,0
Fat bottleneck,28,9,0.5,0.05,0.95,0.6,False,0.09195370899396949,,,36,44,78,0,0,2342,0,0,0.0,0
Fat bottleneck,29,9,0.5,0.05,0.95,0.6,False,0.06993837500340305,,,33,60,91,0,0,2316,0,0,0.0,0
Fat bottleneck,0,10,0.5,0.01,0.5,0.6,True,0.03159141601645388,0.006998875003773719,0.031259375013178214,102,62,131,29,2,582,34,4,29.318864029985775,5
Fat bottleneck,1,10,0.5,0.01,0.5,0.6,True,0.013771708006970584,0.00954749999800697,0.013465791998896748,30,29,25,32,0,134,33,0,31.084189476079928,1
Fat bottleneck,2,10,0.5,0.01,0.5,0.6,True,0.01709229202242568,0.012139291997300461,0.016764291998697445,37,45,44,34,2,182,37,2,32.08392197161046,3
Fat bottleneck,3,10,0.5,0.01,0.5,0.6,True,0.019323124986840412,0.007681540999328718,0.018996415979927406,42,35,39,34,2,213,37,2,34.65101193525528,3
Fat bottleneck,4,10,0.5,0.01,0.5,0.6,True,0.019807749980827793,0.007447084004525095,0.019493166997563094,51,65,78,33,3,307,37,3,31.775403334623146,4
Fat bottleneck,5,10,0.5,0.01,0.5,0.6,True,0.011993374995654449,0.007486209011403844,0.011688917002175003,21,26,21,24,0,99,25,0,32.588829945400825,1
Fat bottleneck,6,10,0.5,0.01,0.5,0.6,True,0.013552666991017759,0.009124457981670275,0.013268332986626774,21,28,18,29,0,138,31,1,29.19156849852312,2
Fat bottleneck,7,10,0.5,0.01,0.5,0.6,True,0.03100095799891278,0.024654499982716516,0.030376415990758687,46,25,45,24,0,165,25,0,30.294368385695506,1
Fat bottleneck,8,10,0.5,0.01,0.5,0.6,True,0.060867416992550716,0.027163291990291327,0.0605017920024693,150,104,208,38,6,832,45,6,36.22541053374715,7
Fat bottleneck,9,10,0.5,0.01,0.5,0.6,True,0.012341708003077656,0.00476345798233524,0.01203408298897557,31,27,30,23,3,109,27,3,29.793244560898717,4
Fat bottleneck,10,10,0.5,0.01,0.5,0.6,True,0.019725084013771266,0.008640709012979642,0.01942787499865517,50,69,81,31,5,243,38,6,31.040609650929078,7
Fat bottleneck,11,10,0.5,0.01,0.5,0.6,True,0.04636008301167749,0.012556625006254762,0.046019458008231595,133,92,187,34,2,783,37,2,38.97260300606208,3
Fat bottleneck,12,10,0.5,0.01,0.5,0.6,True,0.013377249997574836,0.006826582975918427,0.013065374980214983,28,28,24,28,2,106,32,3,30.654134940623926,4
Fat bottleneck,13,10,0.5,0.01,0.5,0.6,True,0.021801084018079564,0.011739500012481585,0.021494959015399218,40,63,82,18,1,361,21,2,32.389696378204206,3
Fat bottleneck,14,10,0.5,0.01,0.5,0.6,True,0.014019875001395121,0.008156333991792053,0.013715874985791743,39,30,36,28,3,149,32,3,29.505482442458696,4
Fat bottleneck,15,10,0.5,0.01,0.5,0.6,True,0.010723125014919788,0.006310500000836328,0.010425667016534135,23,14,14,21,0,74,22,0,32.33506050583951,1
Fat bottleneck,16,10,0.5,0.01,0.5,0.6,True,0.017474374995799735,0.01309970798320137,0.017134583002189174,41,53,56,36,0,238,37,0,33.048141473792796,1
Fat bottleneck,17,10,0.5,0.01,0.5,0.6,True,0.016423249995568767,0.01065083299181424,0.01578333301586099,25,24,18,29,0,127,30,0,30.09985228388084,1
Fat bottleneck,18,10,0.5,0.01,0.5,0.6,True,0.03927733300952241,0.03339254201273434,0.038913500000489876,65,59,89,33,0,364,34,0,30.989019917751513,1
Fat bottleneck,19,10,0.5,0.01,0.5,0.6,True,0.016078333981567994,0.009938999981386587,0.01570724998600781,37,48,56,26,1,206,29,2,29.906923702965056,3
Fat bottleneck,20,10,0.5,0.01,0.5,0.6,True,0.009030000015627593,0.004720583994640037,0.008662584004923701,15,16,8,21,0,49,22,0,29.659442989288245,1
Fat bottleneck,21,10,0.5,0.01,0.5,0.6,True,0.013901958998758346,0.007913042005384341,0.013542625005356967,30,41,34,33,2,163,36,2,32.78705465050012,3
Fat bottleneck,22,10,0.5,0.01,0.5,0.6,True,0.013514708000002429,0.007681333023356274,0.012949000025400892,25,26,16,27,6,130,34,6,29.109058598367017,7
Fat bottleneck,23,10,0.5,0.01,0.5,0.6,True,0.016082499991171062,0.004069624992553145,0.015770165977301076,50,38,53,24,9,154,34,9,29.661424366452604,10
Fat bottleneck,24,10,0.5,0.01,0.5,0.6,True,0.06890629098052159,0.02258758299285546,0.06857420798041858,119,192,279,29,1,1123,31,1,31.234901460361947,2
Fat bottleneck,25,10,0.5,0.01,0.5,0.6,True,0.043941875017480925,0.008130542002618313,0.043547875015065074,140,68,175,29,2,780,33,3,30.987265885807652,4
Fat bottleneck,26,10,0.5,0.01,0.5,0.6,True,0.03331999998772517,0.013724833988817409,0.032558417005930096,41,41,51,26,3,232,30,3,29.642868268969867,4
Fat bottleneck,27,10,0.5,0.01,0.5,0.6,True,0.027101041981950402,0.02267000000574626,0.02674825000576675,34,56,63,25,0,206,27,1,28.70752034643596,2
Fat bottleneck,28,10,0.5,0.01,0.5,0.6,True,0.01950937500805594,0.009788791998289526,0.01883549999911338,29,33,22,33,5,157,40,6,32.89412602859896,7
Fat bottleneck,29,10,0.5,0.01,0.5,0.6,True,0.027588333992753178,0.015360999997938052,0.027167708991328254,69,56,87,30,6,314,38,7,31.122057892592572,8
Open Space,0,0,0.5,0.05,0.5,0.6,True,0.004730250017018989,0.0019113330054096878,0.004316458012908697,5,7,2,8,0,10,9,0,24.893653050790466,1
Open Space,1,0,0.5,0.05,0.5,0.6,True,0.005383334006182849,0.0016427499940618873,0.005029874999308959,10,7,6,8,1,15,10,1,25.272843773492234,2
Open Space,2,0,0.5,0.05,0.5,0.6,True,0.006729332992108539,0.0013414999993983656,0.006387541012372822,5,8,1,10,0,12,11,0,26.220397170626207,1
Open Space,3,0,0.5,0.05,0.5,0.6,True,0.004962709004757926,0.0012772920017596334,0.004508124984567985,4,9,2,9,0,11,10,0,27.348724182071326,1
Open Space,4,0,0.5,0.05,0.5,0.6,True,0.0050033750012516975,0.0014970409974921495,0.004670415975851938,7,6,2,9,0,11,10,0,26.65978283149822,1
Open Space,5,0,0.5,0.05,0.5,0.6,True,0.005785791989183053,0.001281042001210153,0.005042125005275011,7,7,2,10,0,12,11,0,31.098295061953273,1
Open Space,6,0,0.5,0.05,0.5,0.6,True,0.0037003749748691916,0.0009267079876735806,0.003370915976120159,4,7,0,9,0,9,10,0,26.424413084030483,1
Open Space,7,0,0.5,0.05,0.5,0.6,True,0.011731459002476186,0.0028801670123357326,0.010370042000431567,7,4,0,9,0,9,10,0,26.76599017910711,1
Open Space,8,0,0.5,0.05,0.5,0.6,True,0.013794416998280212,0.005183875007787719,0.01241150000714697,6,5,0,9,0,9,10,0,29.596534723412322,1
Open Space,9,0,0.5,0.05,0.5,0.6,True,0.010757209005532786,0.00360066702705808,0.010133750009117648,6,8,1,11,0,13,12,0,30.355392382906853,1
Open Space,10,0,0.5,0.05,0.5,0.6,True,0.02009737500338815,0.007103125011781231,0.0131057079997845,5,7,0,10,0,10,11,0,29.958399572942643,1
Open Space,11,0,0.5,0.05,0.5,0.6,True,0.009880708006676286,0.005080417002318427,0.009521250001853332,6,7,2,9,0,11,10,0,31.756211145912967,1
Open Space,12,0,0.5,0.05,0.5,0.6,True,0.006441082980018109,0.0027209999971091747,0.006078624981455505,6,6,2,8,0,10,9,0,30.965910752277757,1
Open Space,13,0,0.5,0.05,0.5,0.6,True,0.006380833016010001,0.002337792015168816,0.005890083004487678,4,7,0,9,0,9,10,0,26.7531025369333,1
Open Space,14,0,0.5,0.05,0.5,0.6,True,0.006509166996693239,0.0016915420128498226,0.006168749998323619,3,8,0,9,0,9,10,0,27.6272122267888,1
Open Space,15,0,0.5,0.05,0.5,0.6,True,0.004741708980873227,0.0017112089844886214,0.004434541973751038,7,5,1,9,0,10,10,0,28.713313723728966,1
Open Space,16,0,0.5,0.05,0.5,0.6,True,0.00527995900483802,0.002101292018778622,0.004944125015754253,7,8,3,10,0,13,11,0,34.37552669144359,1
Open Space,17,0,0.5,0.05,0.5,0.6,True,0.005187541974009946,0.0012374169891700149,0.004832291975617409,3,8,1,8,0,9,9,0,25.13631395059249,1
Open Space,18,0,0.5,0.05,0.5,0.6,True,0.004779250011779368,0.0013402090116869658,0.004462459008209407,7,7,3,9,0,12,10,0,27.0175488701204,1
Open Space,19,0,0.5,0.05,0.5,0.6,True,0.005141125002410263,0.0015384579892270267,0.004820125002879649,5,6,0,9,0,9,10,0,27.451436514746185,1
Open Space,20,0,0.5,0.05,0.5,0.6,True,0.005327082995790988,0.0013416660076472908,0.004913207987556234,6,6,0,10,0,10,11,0,33.14348100019912,1
Open Space,21,0,0.5,0.05,0.5,0.6,True,0.005032124987337738,0.0019758749986067414,0.004719874996226281,9,4,2,9,0,11,10,0,29.196718673084714,1
Open Space,22,0,0.5,0.05,0.5,0.6,True,0.004884041001787409,0.0009387500176671892,0.004579833010211587,4,7,1,8,0,9,9,0,26.676098209355587,1
Open Space,23,0,0.5,0.05,0.5,0.6,True,0.004680959013057873,0.0009900420263875276,0.004345417022705078,8,4,1,9,0,10,10,0,27.775631127289465,1
Open Space,24,0,0.5,0.05,0.5,0.6,True,0.005704542010789737,0.002320583997061476,0.0053718750132247806,4,9,2,9,0,11,10,0,26.28843054048732,1
Open Space,25,0,0.5,0.05,0.5,0.6,True,0.004845749994274229,0.0009023329766932875,0.004408499982673675,5,6,1,8,0,9,9,0,28.045644271412616,1
Open Space,26,0,0.5,0.05,0.5,0.6,True,0.003931667015422136,0.001081583002815023,0.00355541700264439,6,5,0,9,0,9,10,0,27.60255085981904,1
Open Space,27,0,0.5,0.05,0.5,0.6,True,0.012189333996502683,0.0014830839936621487,0.011071124987211078,6,5,0,9,0,9,10,0,28.040340865275265,1
Open Space,28,0,0.5,0.05,0.5,0.6,True,0.008430791000137106,0.0027868749748449773,0.0076615409925580025,8,4,1,9,0,10,10,0,25.30624721760222,1
Open Space,29,0,0.5,0.05,0.5,0.6,True,0.013360917015234008,0.007043959019938484,0.012167125009000301,5,7,1,9,0,10,10,0,28.732650304163098,1
Open Space,0,1,1.0,0.05,0.5,0.6,True,0.009226374997524545,0.0031985420209821314,0.00666708400240168,7,5,1,9,0,10,10,0,27.181560157347487,1
Open Space,1,1,1.0,0.05,0.5,0.6,True,0.007175750011811033,0.0028910000110045075,0.006804915989050642,3,8,1,8,0,9,9,0,25.002328882462017,1
Open Space,2,1,1.0,0.05,0.5,0.6,True,0.004658666992327198,0.0012182499922346324,0.0037147919938433915,7,4,0,9,0,9,10,0,29.043477555988268,1
Open Space,3,1,1.0,0.05,0.5,0.6,True,0.007247292000101879,0.0018266249971929938,0.006224499986274168,5,5,0,8,0,8,9,0,25.22460310370891,1
Open Space,4,1,1.0,0.05,0.5,0.6,True,0.006952833995455876,0.003300000011222437,0.006597083993256092,4,7,0,9,0,9,10,0,27.30923461715523,1
Open Space,5,1,1.0,0.05,0.5,0.6,True,0.005548874993110076,0.0010705000022426248,0.00515750001068227,5,7,0,10,0,10,11,0,33.07325781660856,1
Open Space,6,1,1.0,0.05,0.5,0.6,True,0.004313082987209782,0.001386666001053527,0.004009916010545567,6,5,0,9,0,9,10,0,26.378896488956514,1
Open Space,7,1,1.0,0.05,0.5,0.6,True,0.004168374987784773,0.0013440829934552312,0.003924041986465454,5,6,0,9,0,9,10,0,26.95514146024848,1
Open Space,8,1,1.0,0.05,0.5,0.6,True,0.005976459011435509,0.0015905839973129332,0.005634375003864989,8,3,0,9,0,9,10,0,26.518257737254086,1
Open Space,9,1,1.0,0.05,0.5,0.6,True,0.004374833981273696,0.0013433339772745967,0.004064874985488132,7,7,3,9,0,12,10,0,26.33280134873725,1
Open Space,10,1,1.0,0.05,0.5,0.6,True,0.0035829579865094274,0.0010039999906439334,0.003349624981638044,5,6,0,9,0,9,10,0,27.858522164023476,1
Open Space,11,1,1.0,0.05,0.5,0.6,True,0.004730833985377103,0.0009885839826893061,0.0043102089839521796,4,9,2,9,0,11,10,0,29.181257257401768,1
Open Space,12,1,1.0,0.05,0.5,0.6,True,0.006625458016060293,0.001232792012160644,0.006282999995164573,7,8,3,10,0,14,11,0,27.681394124895533,1
Open Space,13,1,1.0,0.05,0.5,0.6,True,0.00426604098174721,0.0012846659810747951,0.0039876659866422415,6,5,0,9,0,9,10,0,29.76270687856928,1
Open Space,14,1,1.0,0.05,0.5,0.6,True,0.0037489589885808527,0.0010078749910462648,0.003424041991820559,7,6,2,8,1,11,10,1,28.095816851213826,2
Open Space,15,1,1.0,0.05,0.5,0.6,True,0.004869915981544182,0.000993541005300358,0.004349833005107939,6,6,1,9,0,10,10,0,26.177387281665222,1
Open Space,16,1,1.0,0.05,0.5,0.6,True,0.004376874974695966,0.0017958339885808527,0.004133333975914866,5,6,1,8,0,9,9,0,25.216218562968365,1
Open Space,17,1,1.0,0.05,0.5,0.6,True,0.007327750005060807,0.002437999995891005,0.006965792010305449,5,8,2,9,0,12,10,0,25.802645900274086,1
Open Space,18,1,1.0,0.05,0.5,0.6,True,0.003680374997202307,0.0011634999827947468,0.0034389159991405904,7,4,0,9,0,9,10,0,27.01807076952462,1
Open Space,19,1,1.0,0.05,0.5,0.6,True,0.0037162080116104335,0.0009300420060753822,0.00345129199558869,6,6,0,10,0,10,11,0,33.602903150209485,1
Open Space,20,1,1.0,0.05,0.5,0.6,True,0.007190083008026704,0.003481791995000094,0.006840291986009106,13,18,16,13,0,48,14,0,27.179390712294982,1
Open Space,21,1,1.0,0.05,0.5,0.6,True,0.01184470800217241,0.0009759170061443001,0.005720832996303216,4,6,0,8,0,8,9,0,24.961929304204627,1
Open Space,22,1,1.0,0.05,0.5,0.6,True,0.0059219590038992465,0.0025482919882051647,0.005438166990643367,7,3,0,8,0,8,9,0,25.122896114486323,1
Open Space,23,1,1.0,0.05,0.5,0.6,True,0.004423250007675961,0.001255583018064499,0.004117167001822963,6,5,0,9,0,9,10,0,26.88319922227105,1
Open Space,24,1,1.0,0.05,0.5,0.6,True,0.004290834011044353,0.00103012501494959,0.003980709007009864,6,5,1,8,0,9,9,0,25.61608270929357,1
Open Space,25,1,1.0,0.05,0.5,0.6,True,0.004015667014755309,0.0009556669974699616,0.003743417008081451,5,6,0,9,0,9,10,0,27.606693590333986,1
Open Space,26,1,1.0,0.05,0.5,0.6,True,0.006722416001139209,0.0017774159787222743,0.006236707995412871,7,4,0,9,0,9,10,0,28.218644593402303,1
Open Space,27,1,1.0,0.05,0.5,0.6,True,0.005086749995825812,0.0017587500042282045,0.004761999996844679,8,3,0,9,0,9,10,0,27.837213032236484,1
Open Space,28,1,1.0,0.05,0.5,0.6,True,0.0037388750060927123,0.0009944579796865582,0.0034775829990394413,6,5,1,8,0,9,9,0,25.520588614738184,1
Open Space,29,1,1.0,0.05,0.5,0.6,True,0.004207250021863729,0.0008722910133656114,0.003727958013769239,4,7,0,9,0,9,10,0,29.879566492498412,1
Open Space,0,2,0.5,0.05,0.7,0.6,True,0.0039341250085271895,0.0015070829831529409,0.003690665995236486,7,4,0,9,0,9,10,0,27.204577476488016,1
Open Space,1,2,0.5,0.05,0.7,0.6,True,0.005214332981267944,0.0012409169867169112,0.004711707995738834,4,7,0,9,0,9,10,0,25.758633930698668,1
Open Space,2,2,0.5,0.05,0.7,0.6,True,0.006609208008740097,0.0026005829859059304,0.005929707986069843,5,9,2,9,1,12,11,1,24.842566899921962,2
Open Space,3,2,0.5,0.05,0.7,0.6,True,0.004660000005969778,0.0017642909951973706,0.00436812499538064,5,6,0,9,0,9,10,0,28.812648364218624,1
Open Space,4,2,0.5,0.05,0.7,0.6,True,0.003799792000791058,0.001469959010137245,0.003524292027577758,4,7,0,9,0,9,10,0,25.540225925030406,1
Open Space,5,2,0.5,0.05,0.7,0.6,True,0.003424125025048852,0.0010374590056017041,0.0030083340243436396,6,5,1,8,0,9,9,0,26.48636339871959,1
Open Space,6,2,0.5,0.05,0.7,0.6,True,0.004355583019787446,0.0012600830232258886,0.004047624999657273,6,5,0,9,0,9,10,0,28.386814654181457,1
Open Space,7,2,0.5,0.05,0.7,0.6,True,0.004038124985527247,0.0009889159991871566,0.003729290998307988,5,8,3,8,0,11,9,0,25.446607016346963,1
Open Space,8,2,0.5,0.05,0.7,0.6,True,0.004049042006954551,0.0013892500137444586,0.0037726669979747385,9,2,1,8,0,9,9,0,24.839484696748443,1
Open Space,9,2,0.5,0.05,0.7,0.6,True,0.005699583009118214,0.0017928330053109676,0.005377833003876731,6,5,0,9,0,9,10,0,26.46045613427733,1
Open Space,10,2,0.5,0.05,0.7,0.6,True,0.005496917001437396,0.001867375016445294,0.005133416998432949,7,5,1,9,0,10,10,0,29.737784087111468,1
Open Space,11,2,0.5,0.05,0.7,0.6,True,0.005056833993876353,0.0011954169895034283,0.004732666973723099,5,8,1,10,0,12,11,0,25.60376702374681,1
Open Space,12,2,0.5,0.05,0.7,0.6,True,0.0041299170115962625,0.0010691669886000454,0.00388045801082626,7,4,0,9,0,9,10,0,26.949952664475184,1
Open Space,13,2,0.5,0.05,0.7,0.6,True,0.0037286669830791652,0.0010262919822707772,0.003414583974517882,6,5,1,8,0,9,9,0,24.84864715083626,1
Open Space,14,2,0.5,0.05,0.7,0.6,True,0.003707249998115003,0.001411958015523851,0.0033653330174274743,5,6,1,8,0,9,9,0,25.271493982241743,1
Open Space,15,2,0.5,0.05,0.7,0.6,True,0.003796915989369154,0.001320375013165176,0.003520541009493172,8,3,0,9,0,9,10,0,25.624559367321567,1
Open Space,16,2,0.5,0.05,0.7,0.6,True,0.003742374974535778,0.0007948749989736825,0.0034630000009201467,5,6,1,8,0,9,9,0,24.83948469674844,1
Open Space,17,2,0.5,0.05,0.7,0.6,True,0.005203084001550451,0.0007784589834045619,0.003889541985699907,5,5,0,8,0,8,9,0,24.839484696748443,1
Open Space,18,2,0.5,0.05,0.7,0.6,True,0.005737833009334281,0.0012759579985868186,0.0052256250055506825,6,7,2,9,0,11,10,0,25.895780287394857,1
Open Space,19,2,0.5,0.05,0.7,0.6,True,0.04141108397743665,0.013029708992689848,0.037809375004144385,9,9,2,14,0,21,15,0,30.692374513959837,1
Open Space,20,2,0.5,0.05,0.7,0.6,True,0.009108291997108608,0.0053551669989246875,0.008641583001008257,5,6,0,9,0,9,10,0,25.592494783376235,1
Open Space,21,2,0.5,0.05,0.7,0.6,True,0.004461375006940216,0.0010827500082086772,0.004149707994656637,5,6,0,9,0,9,10,0,27.747654659647857,1
Open Space,22,2,0.5,0.05,0.7,0.6,True,0.0054340419883374125,0.002233707986306399,0.005087375000584871,6,5,0,9,0,9,10,0,25.488568785272907,1
Open Space,23,2,0.5,0.05,0.7,0.6,True,0.010170708002988249,0.0011253329867031425,0.00949083300656639,5,6,0,9,0,9,10,0,26.90356797944344,1
Open Space,24,2,0.5,0.05,0.7,0.6,True,0.010192958026891574,0.005474167002830654,0.00979045801796019,7,5,1,9,0,10,10,0,26.182387283310447,1
Open Space,25,2,0.5,0.05,0.7,0.6,True,0.00693025000509806,0.0011572089861147106,0.0066114589862991124,4,7,0,9,0,9,10,0,27.587753593803924,1
Open Space,26,2,0.5,0.05,0.7,0.6,True,0.004231791011989117,0.0011500410037115216,0.00396812500548549,4,8,1,9,0,10,10,0,27.469826386456983,1
Open Space,27,2,0.5,0.05,0.7,0.6,True,0.003421249974053353,0.0010424999927636236,0.003116457985015586,6,5,0,9,0,9,10,0,25.107425553929936,1
Open Space,28,2,0.5,0.05,0.7,0.6,True,0.004108833003556356,0.0010877500171773136,0.0037970000121276826,6,6,1,9,0,10,10,0,25.788388468673652,1
Open Space,29,2,0.5,0.05,0.7,0.6,True,0.004323750006733462,0.0014597499975934625,0.0036179999879095703,9,7,6,8,0,15,9,0,24.839484696748443,1
Open Space,0,3,1.0,0.2,0.3,0.6,True,0.0058659170172177255,0.0020099170214962214,0.005487542017363012,5,8,3,8,0,11,9,0,28.526245005134747,1
Open Space,1,3,1.0,0.2,0.3,0.6,True,0.005561958008911461,0.0015380000113509595,0.005154041020432487,10,3,3,8,0,11,9,0,29.54486522408357,1
Open Space,2,3,1.0,0.2,0.3,0.6,True,0.003908124985173345,0.001191916991956532,0.0036347499990370125,7,5,1,9,0,10,10,0,27.064901478362685,1
Open Space,3,3,1.0,0.2,0.3,0.6,True,0.004529791011009365,0.0012578750029206276,0.004224832984618843,7,5,1,9,0,10,10,0,29.240810702523166,1
Open Space,4,3,1.0,0.2,0.3,0.6,True,0.005424790986580774,0.001652040984481573,0.00515429099323228,7,8,2,11,0,14,12,0,32.33857418019551,1
Open Space,5,3,1.0,0.2,0.3,0.6,True,0.004804333002539352,0.001372208003886044,0.004223875002935529,8,5,3,8,0,11,9,0,29.741130634764783,1
Open Space,6,3,1.0,0.2,0.3,0.6,True,0.004784542019478977,0.002123875019606203,0.004437166993739083,7,5,1,9,0,10,10,0,27.347499677135264,1
Open Space,7,3,1.0,0.2,0.3,0.6,True,0.005983333016047254,0.0021213750005699694,0.0055173750151880085,6,5,0,9,0,9,10,0,27.08575380834364,1
Open Space,8,3,1.0,0.2,0.3,0.6,True,0.0051802909874822944,0.0017679159936960787,0.004810665996046737,6,8,3,9,0,12,10,0,29.312394924859248,1
Open Space,9,3,1.0,0.2,0.3,0.6,True,0.004133125010412186,0.000983458012342453,0.0038707079947926104,5,6,0,9,0,9,10,0,26.81116351861601,1
Open Space,10,3,1.0,0.2,0.3,0.6,True,0.004327667003963143,0.0010397919977549464,0.004056292003951967,5,8,1,10,0,11,11,0,29.054110168442822,1
Open Space,11,3,1.0,0.2,0.3,0.6,True,0.005466625007102266,0.0008974579977802932,0.005132999998750165,4,7,0,9,0,9,10,0,28.989908757543763,1
Open Space,12,3,1.0,0.2,0.3,0.6,True,0.004396833013743162,0.001189708011224866,0.004125667008338496,7,5,0,10,0,10,11,0,32.96826744770869,1
Open Space,13,3,1.0,0.2,0.3,0.6,True,0.005486417008796707,0.000892958021722734,0.004726083017885685,9,5,2,9,1,13,11,1,26.69066510226984,2
Open Space,14,3,1.0,0.2,0.3,0.6,True,0.0039543749880976975,0.0012777079828083515,0.0036995419941376895,6,7,2,9,0,11,10,0,31.590377881626214,1
Open Space,15,3,1.0,0.2,0.3,0.6,True,0.005001667013857514,0.0014955000078771263,0.004726167011540383,8,6,2,10,0,13,11,0,30.60180510502683,1
Open Space,16,3,1.0,0.2,0.3,0.6,True,0.006249375001061708,0.0011030829919036478,0.0057645830092951655,5,7,1,9,0,10,10,0,28.23683140639817,1
Open Space,17,3,1.0,0.2,0.3,0.6,True,0.005395916989073157,0.0010734579991549253,0.005053917004261166,7,5,1,9,0,10,10,0,26.673592678724535,1
Open Space,18,3,1.0,0.2,0.3,0.6,True,0.004830374993616715,0.0017947920132428408,0.0042822920077014714,12,7,8,9,0,18,10,0,28.982515292264107,1
Open Space,19,3,1.0,0.2,0.3,0.6,True,0.004184416990028694,0.001747458998579532,0.003926749981474131,7,7,4,8,0,12,9,0,25.810701101141966,1
Open Space,20,3,1.0,0.2,0.3,0.6,True,0.0038196659879758954,0.0010067500115837902,0.0035136250080540776,5,6,0,9,0,9,10,0,28.806413825554632,1
Open Space,21,3,1.0,0.2,0.3,0.6,True,0.0036661250051110983,0.001060082984622568,0.0034239160013385117,9,4,4,7,0,11,8,0,26.37768931967233,1
Open Space,22,3,1.0,0.2,0.3,0.6,True,0.007070999999996275,0.0020495830103754997,0.0067292080202605575,8,10,4,12,0,18,13,0,30.861060087573225,1
Open Space,23,3,1.0,0.2,0.3,0.6,True,0.004374750016722828,0.0015703329991083592,0.00401879200944677,8,5,3,8,0,11,9,0,30.352702081872792,1
Open Space,24,3,1.0,0.2,0.3,0.6,True,0.005105707998154685,0.0012955410056747496,0.0044972909963689744,6,6,3,7,0,10,8,0,26.27895580116148,1
Open Space,25,3,1.0,0.2,0.3,0.6,True,0.006282957998337224,0.0023074579949025065,0.005963875009911135,12,9,6,12,1,21,14,1,31.115339993575198,2
Open Space,26,3,1.0,0.2,0.3,0.6,True,0.004375916993012652,0.0011133329826407135,0.004088957997737452,5,8,1,10,0,12,11,0,31.129274309729844,1
Open Space,27,3,1.0,0.2,0.3,0.6,True,0.006245041004149243,0.0024237910110969096,0.005961583025055006,5,7,2,8,0,10,9,0,26.254864356267074,1
Open Space,28,3,1.0,0.2,0.3,0.6,True,0.005898917006561533,0.00268733300617896,0.0053990000160411,6,6,0,10,0,10,11,0,34.53863472279608,1
Open Space,29,3,1.0,0.2,0.3,0.6,True,0.006035375001374632,0.002517249988159165,0.0057442499964963645,7,7,1,11,0,13,12,0,35.003804650743305,1
Open Space,0,4,1.2,0.2,0.8,0.3,True,0.0032056670170277357,0.0009279170189984143,0.0029673750104848295,6,5,1,8,0,9,9,0,26.831862574292597,1
Open Space,1,4,1.2,0.2,0.8,0.3,True,0.004723999998532236,0.001136166014475748,0.004433458001585677,7,4,0,9,0,10,10,0,25.908290233422186,1
Open Space,2,4,1.2,0.2,0.8,0.3,True,0.0055962080077733845,0.0008177080017048866,0.005042083008447662,7,3,0,8,0,8,9,0,25.25338701653031,1
Open Space,3,4,1.2,0.2,0.8,0.3,True,0.0040423749887850136,0.0011450419842731208,0.0037453339900821447,5,7,1,9,0,10,10,0,28.6258706566891,1
Open Space,4,4,1.2,0.2,0.8,0.3,True,0.004217667010379955,0.0007733340025879443,0.0033795839990489185,3,7,0,8,0,8,9,0,24.839484696748446,1
Open Space,5,4,1.2,0.2,0.8,0.3,True,0.005209416995057836,0.001362374983727932,0.004898374987533316,5,6,1,8,0,9,9,0,25.98479731836149,1
Open Space,6,4,1.2,0.2,0.8,0.3,True,0.0032167079916689545,0.0009227500122506171,0.002977750002173707,6,4,0,8,0,8,9,0,25.38240755379384,1
Open Space,7,4,1.2,0.2,0.8,0.3,True,0.0034699170209933072,0.0008099590195342898,0.0031395840051118284,6,4,0,8,0,8,9,0,24.839484696748443,1
Open Space,8,4,1.2,0.2,0.8,0.3,True,0.004791332990862429,0.0013174170162528753,0.003913291991921142,4,6,0,8,0,8,9,0,25.54607282984596,1
Open Space,9,4,1.2,0.2,0.8,0.3,True,0.005804999993415549,0.001966082985745743,0.005487582995556295,5,6,0,9,0,9,10,0,27.440144742831844,1
Open Space,10,4,1.2,0.2,0.8,0.3,True,0.005666249984642491,0.0009814999939408153,0.005080792005173862,7,4,0,9,0,9,10,0,28.34497317444449,1
Open Space,11,4,1.2,0.2,0.8,0.3,True,0.004987166990758851,0.0012623750080820173,0.004656667006202042,8,3,1,8,0,9,9,0,25.13313588750432,1
Open Space,12,4,1.2,0.2,0.8,0.3,True,0.005731666984502226,0.0017839999927673489,0.005396332999225706,7,3,0,8,0,8,9,0,24.994592439731658,1
Open Space,13,4,1.2,0.2,0.8,0.3,True,0.003918500005966052,0.0011834169854409993,0.003632584004662931,5,5,0,8,0,8,9,0,24.839484696748443,1
Open Space,14,4,1.2,0.2,0.8,0.3,True,0.0059299590066075325,0.0012755840143654495,0.0056505420070607215,8,4,0,10,0,11,11,0,24.956903513476814,1
Open Space,15,4,1.2,0.2,0.8,0.3,True,0.004624917026376352,0.00157891699927859,0.004293834004784003,6,4,0,8,0,8,9,0,24.839484696748443,1
Open Space,16,4,1.2,0.2,0.8,0.3,True,0.0034269590105395764,0.0009525839996058494,0.003106583986664191,7,4,0,9,0,9,10,0,26.95830483446139,1
Open Space,17,4,1.2,0.2,0.8,0.3,True,0.00521954198484309,0.0007941249932628125,0.004777916998136789,5,6,1,8,0,9,9,0,25.26600762416898,1
Open Space,18,4,1.2,0.2,0.8,0.3,True,0.003988749987911433,0.001659250003285706,0.003618415998062119,6,6,2,8,0,10,9,0,26.180587898273185,1
Open Space,19,4,1.2,0.2,0.8,0.3,True,0.0033959170104935765,0.0008684170024935156,0.003139667009236291,4,6,0,8,0,8,9,0,24.899306956519375,1
Open Space,20,4,1.2,0.2,0.8,0.3,True,0.0033267909893766046,0.000807915988843888,0.0030212909914553165,3,7,0,8,0,8,9,0,25.051388465424793,1
Open Space,21,4,1.2,0.2,0.8,0.3,True,0.006530167011078447,0.002048708003712818,0.006205875019077212,6,5,0,9,0,9,10,0,27.377666462027964,1
Open Space,22,4,1.2,0.2,0.8,0.3,True,0.005584208003710955,0.0009893749956972897,0.005255333002423868,5,7,0,10,0,10,11,0,27.516773037871346,1
Open Space,23,4,1.2,0.2,0.8,0.3,True,0.005452999990666285,0.0010763329919427633,0.004693791008321568,7,5,1,9,0,10,10,0,27.763964439367918,1
Open Space,24,4,1.2,0.2,0.8,0.3,True,0.005428957985714078,0.0014504999853670597,0.004893707984592766,6,5,0,9,0,9,10,0,27.573959699199868,1
Open Space,25,4,1.2,0.2,0.8,0.3,True,0.004128083004616201,0.0011587920016609132,0.003866832994390279,4,8,1,9,0,10,10,0,29.090648647751888,1
Open Space,26,4,1.2,0.2,0.8,0.3,True,0.003966082993429154,0.001591208012541756,0.003675624990137294,2,8,0,8,0,8,9,0,24.891811559965493,1
Open Space,27,4,1.2,0.2,0.8,0.3,True,0.004206040990538895,0.0009890410001389682,0.003769374976400286,6,6,0,10,0,10,11,0,33.59835873085991,1
Open Space,28,4,1.2,0.2,0.8,0.3,True,0.006380625010933727,0.0014024580013938248,0.006054583005607128,5,6,0,9,0,9,10,0,28.980755917926004,1
Open Space,29,4,1.2,0.2,0.8,0.3,True,0.005279332981444895,0.0009299159864895046,0.004935915989335626,5,6,1,8,0,9,9,0,25.529025240826154,1
Open Space,0,5,0.5,0.05,0.5,0.05,True,0.003666332981083542,0.0011102079879492521,0.0034147909900639206,5,6,0,9,0,9,10,0,26.21037799417779,1
Open Space,1,5,0.5,0.05,0.5,0.05,True,0.004924208013108,0.0015022919978946447,0.004557333013508469,7,9,3,11,0,16,12,0,27.61935761157676,1
Open Space,2,5,0.5,0.05,0.5,0.05,True,0.005130334000568837,0.0014841670054011047,0.004790542006958276,3,8,2,7,0,9,8,0,25.646357877599016,1
Open Space,3,5,0.5,0.05,0.5,0.05,True,0.005272042006254196,0.001878250011941418,0.00491524999961257,6,6,2,8,0,10,9,0,25.918909120924653,1
Open Space,4,5,0.5,0.05,0.5,0.05,True,0.018991958000697196,0.0012069160002283752,0.016575375018874183,7,5,1,9,0,10,10,0,27.764590159629712,1
Open Space,5,5,0.5,0.05,0.5,0.05,True,0.019468082988169044,0.010876040993025526,0.01782229100354016,6,5,0,9,0,9,10,0,28.094248778817033,1
Open Space,6,5,0.5,0.05,0.5,0.05,True,0.013838457991369069,0.010162708000279963,0.013427291996777058,6,5,0,9,0,9,10,0,27.1994956585191,1
Open Space,7,5,0.5,0.05,0.5,0.05,True,0.004447291983524337,0.0016496249882038683,0.00413037498947233,8,5,1,10,0,12,11,0,30.28865639389684,1
Open Space,8,5,0.5,0.05,0.5,0.05,True,0.0035769169917330146,0.0009088339866138995,0.003317541995784268,4,7,0,9,0,9,10,0,25.421751352762158,1
Open Space,9,5,0.5,0.05,0.5,0.05,True,0.0036818329826928675,0.001091707992600277,0.0034443749755155295,5,6,0,9,0,9,10,0,27.926868278701697,1
Open Space,10,5,0.5,0.05,0.5,0.05,True,0.004642207990400493,0.0011692499974742532,0.004311124997911975,5,10,3,10,0,13,11,0,33.98410153571125,1
Open Space,11,5,0.5,0.05,0.5,0.05,True,0.00788874999852851,0.0014710830000694841,0.005528083012904972,7,6,1,10,0,12,11,0,27.037253283960045,1
Open Space,12,5,0.5,0.05,0.5,0.05,True,0.007353124994551763,0.0040032920078374445,0.006958042009500787,6,5,0,9,0,9,10,0,28.588221725281848,1
Open Space,13,5,0.5,0.05,0.5,0.05,True,0.003712875011842698,0.0012673330202233046,0.0034587499976623803,6,5,0,9,0,9,10,0,25.05926588291745,1
Open Space,14,5,0.5,0.05,0.5,0.05,True,0.0032576250087004155,0.0011488750169519335,0.003006917017046362,5,6,0,9,0,9,10,0,25.84562042418886,1
Open Space,15,5,0.5,0.05,0.5,0.05,True,0.008158084005117416,0.0014505000144708902,0.0078027090057730675,7,6,2,9,0,11,10,0,26.83807038552135,1
Open Space,16,5,0.5,0.05,0.5,0.05,True,0.0044893329904880375,0.0014993749791756272,0.004182874981779605,6,5,0,9,0,9,10,0,25.7202069963171,1
Open Space,17,5,0.5,0.05,0.5,0.05,True,0.005000833974918351,0.000896916986675933,0.004691249981988221,5,6,1,8,0,9,9,0,26.077949177433187,1
Open Space,18,5,0.5,0.05,0.5,0.05,True,0.007770041993353516,0.002288332994794473,0.007245791988680139,4,8,0,10,0,10,11,0,34.73475892957822,1
Open Space,19,5,0.5,0.05,0.5,0.05,True,0.005213958997046575,0.0009585840161889791,0.004849334014579654,10,2,1,9,0,10,10,0,27.629490715370217,1
Open Space,20,5,0.5,0.05,0.5,0.05,True,0.007120624999515712,0.0017642920138314366,0.006762292003259063,5,9,3,9,0,13,10,0,24.84041680358144,1
Open Space,21,5,0.5,0.05,0.5,0.05,True,0.24416658299742267,0.0010132079769391567,0.2437917499919422,9,3,0,10,0,10,11,0,28.068746287581167,1
Open Space,22,5,0.5,0.05,0.5,0.05,True,0.005202832981012762,0.0018632079882081598,0.00484962499467656,6,5,0,9,0,9,10,0,26.65396371734409,1
Open Space,23,5,0.5,0.05,0.5,0.05,True,0.004782042000442743,0.0016127080016303807,0.004488000005949289,8,4,1,9,0,10,10,0,30.87200063452016,1
Open Space,24,5,0.5,0.05,0.5,0.05,True,0.006738416006555781,0.001630625018151477,0.006372541014570743,9,5,0,12,0,13,13,0,35.95894580649631,1
Open Space,25,5,0.5,0.05,0.5,0.05,True,0.004656750010326505,0.001943375013070181,0.004344417015090585,6,5,1,8,0,9,9,0,24.841349379237872,1
Open Space,26,5,0.5,0.05,0.5,0.05,True,0.004431375011336058,0.0016401250031776726,0.004102250008145347,8,3,0,9,0,9,10,0,25.19442448973514,1
Open Space,27,5,0.5,0.05,0.5,0.05,False,0.008838415989885107,0.0028312079957686365,,18,22,16,12,10,62,22,10,0.0,10
Open Space,28,5,0.5,0.05,0.5,0.05,True,0.005845915991812944,0.0016918749897740781,0.005514124990440905,8,9,2,12,1,17,14,1,30.432099656399224,2
Open Space,29,5,0.5,0.05,0.5,0.05,True,0.00451374999829568,0.0018090420053340495,0.004227208002703264,8,4,1,9,0,10,10,0,25.304490446325392,1
Open Space,0,6,0.5,0.5,0.5,0.6,True,0.008731250010896474,0.0011880829988513142,0.008097415993688628,5,7,2,8,0,10,9,0,27.883800699157657,1
Open Space,1,6,0.5,0.5,0.5,0.6,True,0.006309042015345767,0.002275542006827891,0.005951417027972639,5,6,0,9,0,9,10,0,28.108392420455445,1
Open Space,2,6,0.5,0.5,0.5,0.6,True,0.005262665974441916,0.001857165974797681,0.0049620409845374525,4,8,1,9,0,11,10,0,26.34034102651934,1
Open Space,3,6,0.5,0.5,0.5,0.6,True,0.00428270801785402,0.0016123329987749457,0.004020541993668303,5,6,0,9,0,9,10,0,25.47010554861532,1
Open Space,4,6,0.5,0.5,0.5,0.6,True,0.005753167002694681,0.002046124980552122,0.005412708007497713,6,8,3,9,0,12,10,0,28.546765460737724,1
Open Space,5,6,0.5,0.5,0.5,0.6,True,0.005043541983468458,0.0009926249913405627,0.0047481670044362545,8,4,0,10,0,10,11,0,32.98532013148852,1
Open Space,6,6,0.5,0.5,0.5,0.6,True,0.004633042000932619,0.0012992919946555048,0.004306624992750585,7,4,1,8,0,9,9,0,25.31884277044438,1
Open Space,7,6,0.5,0.5,0.5,0.6,True,0.0048219589807558805,0.001743250002618879,0.004509291989961639,5,6,0,9,0,9,10,0,25.324361705815676,1
Open Space,8,6,0.5,0.5,0.5,0.6,True,0.004287832998670638,0.0012235419999342412,0.0039612079854123294,7,4,0,9,0,9,10,0,27.650636711760374,1
Open Space,9,6,0.5,0.5,0.5,0.6,True,0.003945875010685995,0.0010512500011827797,0.0036628750094678253,6,5,1,8,0,9,9,0,25.939851237616182,1
Open Space,10,6,0.5,0.5,0.5,0.6,True,0.004470375017262995,0.0009852500224951655,0.004195875022560358,6,7,2,9,0,11,10,0,28.393199543074623,1
Open Space,11,6,0.5,0.5,0.5,0.6,True,0.005309750005835667,0.0016670000040903687,0.004645125009119511,4,8,0,10,0,10,11,0,34.25805536205549,1
Open Space,12,6,0.5,0.5,0.5,0.6,True,0.004624958004569635,0.0015321249957196414,0.0041925830009859055,6,5,0,9,0,9,10,0,28.753857612976308,1
Open Space,13,6,0.5,0.5,0.5,0.6,True,0.005248624976957217,0.002003874978981912,0.004880624997895211,7,6,3,8,0,11,9,0,26.040042594482344,1
Open Space,14,6,0.5,0.5,0.5,0.6,True,0.004992583009880036,0.0012210000131744891,0.0045465830189641565,7,5,1,9,0,10,10,0,28.925270702344385,1
Open Space,15,6,0.5,0.5,0.5,0.6,True,0.003929708007490262,0.0011255000135861337,0.003656207991298288,8,4,1,9,0,10,10,0,27.912627836633668,1
Open Space,16,6,0.5,0.5,0.5,0.6,True,0.004750458989292383,0.0017907919827848673,0.004318666993640363,8,4,1,9,0,10,10,0,26.982958408694493,1
Open Space,17,6,0.5,0.5,0.5,0.6,True,0.004445208003744483,0.0011823330132756382,0.004049792012665421,5,6,0,9,0,9,10,0,26.08245887317378,1
Open Space,18,6,0.5,0.5,0.5,0.6,True,0.004676499986089766,0.0015342499827966094,0.004245249991072342,7,4,1,8,0,9,9,0,25.961819235852346,1
Open Space,19,6,0.5,0.5,0.5,0.6,True,0.004584874986903742,0.001760249986546114,0.004236915992805734,3,8,1,8,0,9,9,0,25.18148251000014,1
Open Space,20,6,0.5,0.5,0.5,0.6,True,0.004279874992789701,0.0018707499839365482,0.004006250004749745,8,3,1,8,0,9,9,0,25.227660811252562,1
Open Space,21,6,0.5,0.5,0.5,0.6,True,0.0073720420186873525,0.0020827080006711185,0.00701995802228339,8,9,4,11,0,16,12,0,37.18790983525795,1
Open Space,22,6,0.5,0.5,0.5,0.6,True,0.003536917007295415,0.0008501670090481639,0.0032489169971086085,8,3,0,9,0,9,10,0,25.117951595308796,1
Open Space,23,6,0.5,0.5,0.5,0.6,True,0.0063636249979026616,0.0019026669906452298,0.006032083998434246,10,3,1,10,0,12,11,0,28.699040142551755,1
Open Space,24,6,0.5,0.5,0.5,0.6,True,0.003372417006175965,0.0009866670006886125,0.0031159170030150563,6,5,1,8,0,9,9,0,25.488520362483715,1
Open Space,25,6,0.5,0.5,0.5,0.6,True,0.004694165982073173,0.001614707987755537,0.004005624999990687,9,5,4,8,0,12,9,0,24.906818313122756,1
Open Space,26,6,0.5,0.5,0.5,0.6,True,0.0050725000037346035,0.0015616659948136657,0.004756583017297089,6,5,0,9,0,9,10,0,27.39421024892655,1
Open Space,27,6,0.5,0.5,0.5,0.6,True,0.0068178749934304506,0.0011687499936670065,0.006479707983089611,9,6,1,11,1,13,13,1,25.621828043371867,2
Open Space,28,6,0.5,0.5,0.5,0.6,True,0.003907999984221533,0.0011947089806199074,0.003630124992923811,6,5,1,8,0,9,9,0,24.93656128171067,1
Open Space,29,6,0.5,0.5,0.5,0.6,True,0.005312624998623505,0.0011221670138183981,0.004975457995897159,6,5,0,9,0,9,10,0,25.97190479520279,1
Open Space,0,7,0.5,0.05,0.1,0.8,True,0.0034474999993108213,0.0010104170069098473,0.003171541990013793,6,6,1,9,0,10,10,0,31.703667827883486,1
Open Space,1,7,0.5,0.05,0.1,0.8,True,0.005515958007890731,0.000831458019092679,0.005141667003044859,5,6,1,8,0,9,9,0,26.683363946206708,1
Open Space,2,7,0.5,0.05,0.1,0.8,True,0.0037894170091021806,0.0014326670207083225,0.0035393330035731196,5,7,2,8,0,10,9,0,27.043829646311213,1
Open Space,3,7,0.5,0.05,0.1,0.8,True,0.005682582996087149,0.0012532079999800771,0.005361124989576638,7,7,4,8,0,12,9,0,29.822927076707213,1
Open Space,4,7,0.5,0.05,0.1,0.8,True,0.0039981669979169965,0.001454749988624826,0.00373708299594,8,8,5,9,0,14,10,0,27.88615285343201,1
Open Space,5,7,0.5,0.05,0.1,0.8,True,0.005496625002706423,0.0018660000059753656,0.0050327079952694476,7,4,0,9,0,9,10,0,28.786657934413817,1
Open Space,6,7,0.5,0.05,0.1,0.8,True,0.005460249987663701,0.0022677919769193977,0.004996999981813133,10,6,4,10,0,15,11,0,26.580644426724678,1
Open Space,7,7,0.5,0.05,0.1,0.8,True,0.008895958017092198,0.0032488330034539104,0.008512541011441499,16,9,9,14,0,32,15,0,31.72208000561074,1
Open Space,8,7,0.5,0.05,0.1,0.8,True,0.005225083994446322,0.0011677920119836926,0.0048864170094020665,5,7,1,9,0,10,10,0,32.01759380807293,1
Open Space,9,7,0.5,0.05,0.1,0.8,True,0.005093708983622491,0.0013832919939886779,0.004808666999451816,10,6,4,10,0,14,11,0,30.62039964127624,1
Open Space,10,7,0.5,0.05,0.1,0.8,True,0.004906833986751735,0.0009128339879680425,0.004573249985696748,5,7,2,8,0,10,9,0,26.55316537555136,1
Open Space,11,7,0.5,0.05,0.1,0.8,True,0.00532066699815914,0.0019160000083502382,0.004989917011698708,7,8,4,9,0,13,10,0,29.678156083129117,1
Open Space,12,7,0.5,0.05,0.1,0.8,True,0.004715874994872138,0.0018637499888427556,0.00443616698612459,5,8,2,9,0,11,10,0,28.72225140998897,1
Open Space,13,7,0.5,0.05,0.1,0.8,True,0.004995416005840525,0.0012205000093672425,0.004635707999113947,8,5,2,9,0,11,10,0,25.533103826206926,1
Open Space,14,7,0.5,0.05,0.1,0.8,True,0.005705874995328486,0.0017511670012027025,0.005353084008675069,8,12,7,11,0,18,12,0,34.97678302474068,1
Open Space,15,7,0.5,0.05,0.1,0.8,True,0.004840082983719185,0.001001208001980558,0.004520415997831151,6,5,2,7,0,9,8,0,26.067166523590224,1
Open Space,16,7,0.5,0.05,0.1,0.8,True,0.0035875420144293457,0.0013237500097602606,0.003238167002564296,7,8,6,7,0,13,8,0,25.771061548010426,1
Open Space,17,7,0.5,0.05,0.1,0.8,True,0.0063288750243373215,0.0021932910021860152,0.005999041022732854,8,8,3,11,0,14,12,0,34.98133257953964,1
Open Space,18,7,0.5,0.05,0.1,0.8,True,0.01144099998055026,0.0012852500076405704,0.010272333980537951,6,5,0,9,0,9,10,0,29.174065905528924,1
Open Space,19,7,0.5,0.05,0.1,0.8,True,0.016964125010417774,0.008201999997254461,0.015789875003974885,8,7,2,11,0,15,12,0,29.162313857986213,1
Open Space,20,7,0.5,0.05,0.1,0.8,True,0.01439208400552161,0.007031042012386024,0.013998459005961195,11,13,10,12,0,26,13,0,28.735098870857364,1
Open Space,21,7,0.5,0.05,0.1,0.8,True,0.004041583015350625,0.0012088330113328993,0.0034883749904111028,7,8,4,9,0,13,10,0,28.23216076282951,1
Open Space,22,7,0.5,0.05,0.1,0.8,True,0.011683667020406574,0.003223625011742115,0.0113217500038445,8,10,7,9,0,17,10,0,29.916234840250358,1
Open Space,23,7,0.5,0.05,0.1,0.8,True,0.007506750000175089,0.004701708996435627,0.007135374995414168,6,8,2,10,0,12,11,0,32.403283939419204,1
Open Space,24,7,0.5,0.05,0.1,0.8,True,0.006944292021216825,0.0031713340140413493,0.006616459024371579,4,8,1,9,0,10,10,0,27.45326823015033,1
Open Space,25,7,0.5,0.05,0.1,0.8,True,0.01044766601989977,0.0010818750015459955,0.010029166005551815,15,19,10,20,2,86,24,3,33.67097564740897,4
Open Space,26,7,0.5,0.05,0.1,0.8,True,0.004289499978767708,0.0010454999865032732,0.0040206249977927655,5,6,1,8,0,9,9,0,26.63064871582356,1
Open Space,27,7,0.5,0.05,0.1,0.8,True,0.0055998330062720925,0.0010335409897379577,0.005270833004033193,8,6,2,10,0,12,11,0,32.20216500604463,1
Open Space,28,7,0.5,0.05,0.1,0.8,True,0.004326666996348649,0.001621542003704235,0.004037459002574906,10,7,6,9,0,15,10,0,33.84952355128529,1
Open Space,29,7,0.5,0.05,0.1,0.8,True,0.006939666985999793,0.0016243339923676103,0.006599083979381248,9,5,1,11,0,13,12,0,33.25283393905225,1
Open Space,0,8,0.5,0.05,0.0,0.6,True,0.004451791988685727,0.0020933749910909683,0.0041400420013815165,5,9,4,8,0,12,9,0,26.73963522185213,1
Open Space,1,8,0.5,0.05,0.0,0.6,True,0.0067986249923706055,0.0017779999761842191,0.006239207985345274,7,6,1,10,0,11,11,0,32.908686612627434,1
Open Space,2,8,0.5,0.05,0.0,0.6,True,0.006011959019815549,0.002414500020677224,0.005696917010936886,11,9,9,9,0,19,10,0,31.48836289765626,1
Open Space,3,8,0.5,0.05,0.0,0.6,True,0.0047622499987483025,0.0013412919943220913,0.004497542016906664,4,11,4,9,0,13,10,0,27.396112589939484,1
Open Space,4,8,0.5,0.05,0.0,0.6,True,0.00504887499846518,0.001948875025846064,0.004677542019635439,6,6,1,9,0,10,10,0,28.550232811659846,1
Open Space,5,8,0.5,0.05,0.0,0.6,True,0.003667207987746224,0.0010445829830132425,0.003385374991921708,6,7,2,9,0,11,10,0,32.72355721663382,1
Open Space,6,8,0.5,0.05,0.0,0.6,True,0.006646875001024455,0.0018413339857943356,0.006331458978820592,12,12,11,11,0,24,12,0,30.366499399598684,1
Open Space,7,8,0.5,0.05,0.0,0.6,True,0.0037019999872427434,0.0011097499809693545,0.003267041000071913,6,6,2,8,0,10,9,0,27.40723225042788,1
Open Space,8,8,0.5,0.05,0.0,0.6,True,0.006009167002048343,0.0021354579948820174,0.00556966700241901,7,7,2,10,0,12,11,0,29.291548387295293,1
Open Space,9,8,0.5,0.05,0.0,0.6,True,0.004284416994778439,0.001400000008288771,0.004028708004625514,9,5,2,10,0,13,11,0,28.782811673928936,1
Open Space,10,8,0.5,0.05,0.0,0.6,True,0.0068999590002931654,0.0020361249917186797,0.006526791985379532,8,12,9,9,0,18,10,0,31.52119971967945,1
Open Space,11,8,0.5,0.05,0.0,0.6,True,0.00340662500821054,0.0011067910236306489,0.003104583011008799,3,9,1,9,0,10,10,0,28.407964443000626,1
Open Space,12,8,0.5,0.05,0.0,0.6,True,0.006993374990997836,0.0023400829813908786,0.006673916999716312,10,10,6,11,1,20,13,1,35.699500809797904,2
Open Space,13,8,0.5,0.05,0.0,0.6,True,0.004671708011301234,0.0010639159881975502,0.0043460410088300705,8,6,3,9,0,12,10,0,28.077488203807587,1
Open Space,14,8,0.5,0.05,0.0,0.6,True,0.005113625025842339,0.001255625014891848,0.004785875004017726,6,5,0,9,0,9,10,0,27.721813184408866,1
Open Space,15,8,0.5,0.05,0.0,0.6,True,0.006464875012170523,0.0012970000097993761,0.006139542005257681,8,7,4,9,0,13,10,0,33.14294847399432,1
Open Space,16,8,0.5,0.05,0.0,0.6,True,0.005176125006983057,0.0021165420184843242,0.004846166993957013,8,7,3,10,0,13,11,0,32.25309786444388,1
Open Space,17,8,0.5,0.05,0.0,0.6,True,0.0041849580011330545,0.0016247910098172724,0.003942375013139099,10,6,5,9,0,15,10,0,28.130252123323416,1
Open Space,18,8,0.5,0.05,0.0,0.6,True,0.0060511669726110995,0.001225957996211946,0.005716999992728233,6,6,1,9,0,10,10,0,28.24527955417978,1
Open Space,19,8,0.5,0.05,0.0,0.6,True,0.0036425839934963733,0.001275499991606921,0.003404291986953467,6,8,4,8,0,12,9,0,28.72553890238264,1
Open Space,20,8,0.5,0.05,0.0,0.6,True,0.005857000011019409,0.0021974169940222055,0.0055010420037433505,11,6,6,9,0,15,10,0,30.096460250069462,1
Open Space,21,8,0.5,0.05,0.0,0.6,True,0.005220791994361207,0.001264624996110797,0.004951542010530829,6,5,0,9,0,9,10,0,29.292105325613218,1
Open Space,22,8,0.5,0.05,0.0,0.6,True,0.004904375004116446,0.0010611249890644103,0.004602916014846414,7,7,1,10,1,12,12,1,29.660223833490864,2
Open Space,23,8,0.5,0.05,0.0,0.6,True,0.005738750012824312,0.0010467910033185035,0.005204457993386313,6,7,3,8,0,11,9,0,26.91349222983136,1
Open Space,24,8,0.5,0.05,0.0,0.6,True,0.005012709007132798,0.001291499997023493,0.004719042015494779,5,8,3,8,0,11,9,0,28.32359820816404,1
Open Space,25,8,0.5,0.05,0.0,0.6,True,0.00516870801220648,0.0012729169975500554,0.004904208006337285,9,6,3,10,0,13,11,0,32.626474154487084,1
Open Space,26,8,0.5,0.05,0.0,0.6,True,0.005812332994537428,0.002628499991260469,0.005490457988344133,7,14,9,10,0,19,11,0,34.58242950065005,1
Open Space,27,8,0.5,0.05,0.0,0.6,True,0.0050282920128665864,0.0017121670243795961,0.004720249999081716,5,7,1,9,0,10,10,0,30.42175699355446,1
Open Space,28,8,0.5,0.05,0.0,0.6,True,0.005126625008415431,0.0020482499967329204,0.004837374988710508,7,8,3,10,0,14,11,0,28.524687449864665,1
Open Space,29,8,0.5,0.05,0.0,0.6,True,0.005533499992452562,0.0024646249949000776,0.005206583009567112,7,15,10,10,0,21,11,0,33.66445698920617,1
Open Space,0,9,0.5,0.05,0.95,0.6,True,0.0038804170035291463,0.0009730420133564621,0.003568999993149191,4,6,0,8,0,8,9,0,24.83948469674844,1
Open Space,1,9,0.5,0.05,0.95,0.6,True,0.004812708008103073,0.0011047919979318976,0.004509457998210564,4,6,0,8,0,8,9,0,24.83948469674844,1
Open Space,2,9,0.5,0.05,0.95,0.6,True,0.0033298330090474337,0.0009492500103078783,0.003020583011675626,7,3,0,8,0,8,9,0,24.840125994646222,1
Open Space,3,9,0.5,0.05,0.95,0.6,True,0.005584416998317465,0.002180707990191877,0.005277791991829872,4,6,0,8,0,8,9,0,24.83948469674844,1
Open Space,4,9,0.5,0.05,0.95,0.6,True,0.0035720000159926713,0.0007920830103103071,0.003331000014441088,6,5,1,8,0,9,9,0,24.839484696748436,1
Open Space,5,9,0.5,0.05,0.95,0.6,True,0.004635041987057775,0.0015999169845599681,0.00431150000076741,7,3,0,8,0,8,9,0,24.839484696748443,1
Open Space,6,9,0.5,0.05,0.95,0.6,True,0.003328249993501231,0.0008571670041419566,0.003093999985139817,8,2,0,8,0,8,9,0,24.839484696748443,1
Open Space,7,9,0.5,0.05,0.95,0.6,True,0.005129249999299645,0.0007523329986725003,0.004797625006176531,4,6,0,8,0,8,9,0,24.83948469674844,1
Open Space,8,9,0.5,0.05,0.95,0.6,True,0.004742249991977587,0.0009155829902738333,0.004410207999171689,3,7,0,8,0,8,9,0,24.839484696748446,1
Open Space,9,9,0.5,0.05,0.95,0.6,True,0.0030868749890942127,0.0008427499851677567,0.002817417000187561,4,6,0,8,0,8,9,0,24.83948469674844,1
Open Space,10,9,0.5,0.05,0.95,0.6,True,0.00541637500282377,0.0013168749865144491,0.0050106249982491136,6,5,0,9,0,9,10,0,25.779616013952214,1
Open Space,11,9,0.5,0.05,0.95,0.6,True,0.004897749982774258,0.0021469169878400862,0.004579125001328066,5,6,0,9,0,9,10,0,26.50990729546893,1
Open Space,12,9,0.5,0.05,0.95,0.6,True,0.005202500004088506,0.001475666998885572,0.004907499998807907,7,5,0,9,1,10,11,1,28.771212160570673,2
Open Space,13,9,0.5,0.05,0.95,0.6,True,0.0031764580053277314,0.0008294580038636923,0.0028352919907774776,4,6,0,8,0,8,9,0,24.839484696748443,1
Open Space,14,9,0.5,0.05,0.95,0.6,True,0.006672333984170109,0.001948374992934987,0.006169083993881941,5,5,0,8,0,8,9,0,24.839484696748443,1
Open Space,15,9,0.5,0.05,0.95,0.6,True,0.0036481660208664834,0.0015214160084724426,0.003353833017172292,7,3,0,8,0,8,9,0,24.839484696748443,1
Open Space,16,9,0.5,0.05,0.95,0.6,True,0.003067292011110112,0.0008332919969689101,0.002789209014736116,5,5,0,8,0,8,9,0,24.83948469674844,1
Open Space,17,9,0.5,0.05,0.95,0.6,True,0.0031388329807668924,0.0009429999918211251,0.002933999989181757,3,7,0,8,0,8,9,0,24.83948469674844,1
Open Space,18,9,0.5,0.05,0.95,0.6,True,0.006459707976318896,0.0014671249955426902,0.0061470829823520035,5,5,0,8,0,8,9,0,24.839484696748443,1
Open Space,19,9,0.5,0.05,0.95,0.6,True,0.004242249997332692,0.0015518750005867332,0.003950415994040668,5,6,0,9,0,9,10,0,25.86640795184723,1
Open Space,20,9,0.5,0.05,0.95,0.6,True,0.003942999988794327,0.0009209169948007911,0.0036641669867094606,6,5,1,8,0,9,9,0,24.83948469674844,1
Open Space,21,9,0.5,0.05,0.95,0.6,True,0.003536917007295415,0.000924084015423432,0.003253584000049159,4,7,0,9,0,9,10,0,25.248274616843528,1
Open Space,22,9,0.5,0.05,0.95,0.6,True,0.003906833007931709,0.0012305830023251474,0.003570458007743582,5,5,0,8,0,8,9,0,24.839484696748443,1
Open Space,23,9,0.5,0.05,0.95,0.6,True,0.004721667006378993,0.001582124998094514,0.004201834002742544,3,7,0,8,0,8,9,0,24.83948469674844,1
Open Space,24,9,0.5,0.05,0.95,0.6,True,0.00707829202292487,0.0020791249989997596,0.006681333004962653,4,6,0,8,0,8,9,0,24.839484696748436,1
Open Space,25,9,0.5,0.05,0.95,0.6,True,0.010943374974885955,0.0008173749956768006,0.010120499995537102,6,4,0,8,0,8,9,0,24.839484696748443,1
Open Space,26,9,0.5,0.05,0.95,0.6,True,0.01168320799479261,0.00406083301641047,0.010357167018810287,5,5,0,8,0,8,9,0,24.839484696748443,1
Open Space,27,9,0.5,0.05,0.95,0.6,True,0.011131915991427377,0.002441791002638638,0.010181082994677126,3,7,0,8,0,8,9,0,24.8495649909682,1
Open Space,28,9,0.5,0.05,0.95,0.6,True,0.007118000008631498,0.0022255000076256692,0.006367624999256805,6,4,0,8,0,8,9,0,24.839484696748436,1
Open Space,29,9,0.5,0.05,0.95,0.6,True,0.00798445797408931,0.003400957997655496,0.007653791981283575,7,3,0,8,0,8,9,0,24.839484696748443,1
Open Space,0,10,0.5,0.01,0.5,0.6,True,0.0043945830257143825,0.0012385000009089708,0.0037502910126931965,8,4,1,9,0,10,10,0,26.953974445097984,1
Open Space,1,10,0.5,0.01,0.5,0.6,True,0.01259879200370051,0.0037806670006830245,0.01218979200348258,7,5,1,9,0,10,10,0,25.389459220901184,1
Open Space,2,10,0.5,0.01,0.5,0.6,True,0.005037791997892782,0.0017019580118358135,0.004649917013011873,6,5,0,9,0,9,10,0,28.29262617403683,1
Open Space,3,10,0.5,0.01,0.5,0.6,True,0.005850750021636486,0.0012137920130044222,0.005371542007196695,5,8,2,9,0,11,10,0,26.170935042939934,1
Open Space,4,10,0.5,0.01,0.5,0.6,True,0.006579375010915101,0.00260733300819993,0.006123791012214497,9,10,7,10,0,18,11,0,25.18471039036023,1
Open Space,5,10,0.5,0.01,0.5,0.6,True,0.0035341250186320394,0.0009332920017186552,0.003252167021855712,7,4,0,9,0,9,10,0,28.61514616994802,1
Open Space,6,10,0.5,0.01,0.5,0.6,True,0.004650124988984317,0.001484082982642576,0.003997749998234212,5,6,0,9,0,9,10,0,25.935601431718,1
Open Space,7,10,0.5,0.01,0.5,0.6,True,0.003965499985497445,0.0016239169926848263,0.0036913749936502427,4,8,2,8,0,10,9,0,24.984839753353707,1
Open Space,8,10,0.5,0.01,0.5,0.6,True,0.005890291999094188,0.002292667020810768,0.005307625018758699,6,6,0,10,0,11,11,0,28.817008860133292,1
Open Space,9,10,0.5,0.01,0.5,0.6,True,0.006542167015140876,0.00277054202160798,0.006166625011246651,9,5,3,9,0,12,10,0,27.255109255565955,1
Open Space,10,10,0.5,0.01,0.5,0.6,True,0.003839833982056007,0.0012565419892780483,0.0036002089909743518,6,6,1,9,0,10,10,0,30.521140944678223,1
Open Space,11,10,0.5,0.01,0.5,0.6,True,0.004499875009059906,0.0008938749961089343,0.0040958749887067825,5,5,0,8,0,8,9,0,24.842896311451295,1
Open Space,12,10,0.5,0.01,0.5,0.6,True,0.0054438330116681755,0.0014320409973151982,0.005130625009769574,5,6,0,9,0,9,10,0,27.620325788675622,1
Open Space,13,10,0.5,0.01,0.5,0.6,True,0.0036407500156201422,0.0011769169941544533,0.00335241699940525,6,7,2,9,0,11,10,0,26.628616621506392,1
Open Space,14,10,0.5,0.01,0.5,0.6,True,0.005224916996667162,0.0009694169857539237,0.004922499996609986,5,6,0,9,0,9,10,0,26.06757168177305,1
Open Space,15,10,0.5,0.01,0.5,0.6,True,0.004263125010766089,0.0011247080110479146,0.003907208010787144,8,5,1,10,0,11,11,0,30.57873833345448,1
Open Space,16,10,0.5,0.01,0.5,0.6,True,0.004683791979914531,0.0015902079758234322,0.0043695829808712006,7,5,0,10,0,10,11,0,34.048875398093166,1
Open Space,17,10,0.5,0.01,0.5,0.6,True,0.007202999986475334,0.0016967080009635538,0.006858082982944325,8,5,1,10,0,12,11,0,26.391972113842023,1
Open Space,18,10,0.5,0.01,0.5,0.6,True,0.0036098749842494726,0.0009496249840594828,0.003336666995892301,5,6,0,9,0,9,10,0,28.933806957026082,1
Open Space,19,10,0.5,0.01,0.5,0.6,True,0.004590166994603351,0.001139374973718077,0.00427391700213775,6,7,2,9,0,12,10,0,26.274014585358252,1
Open Space,20,10,0.5,0.01,0.5,0.6,True,0.009127458004513755,0.00472366699250415,0.008325667004100978,8,4,2,8,0,10,9,0,25.71161069225663,1
Open Space,21,10,0.5,0.01,0.5,0.6,True,0.005778749997261912,0.002517124987207353,0.0054123329755384475,5,7,1,9,0,10,10,0,27.316305705705517,1
Open Space,22,10,0.5,0.01,0.5,0.6,True,0.0031866669887676835,0.000955958996200934,0.00289670898928307,3,8,0,9,0,9,10,0,25.262364180516954,1
Open Space,23,10,0.5,0.01,0.5,0.6,True,0.0030857090023346245,0.0008779590134508908,0.0028140840004198253,5,6,1,8,0,9,9,0,25.198340484243293,1
Open Space,24,10,0.5,0.01,0.5,0.6,True,0.003712542005814612,0.0013220830005593598,0.003471250005532056,7,4,1,8,0,9,9,0,25.704546319093318,1
Open Space,25,10,0.5,0.01,0.5,0.6,True,0.004499375005252659,0.001881749980384484,0.004231083992635831,8,3,0,9,0,9,10,0,29.3167161666444,1
Open Space,26,10,0.5,0.01,0.5,0.6,True,0.009367834019940346,0.0029163340223021805,0.009045167011208832,10,11,8,11,0,21,12,0,33.22514555658382,1
Open Space,27,10,0.5,0.01,0.5,0.6,True,0.0036881249980069697,0.0010442089987918735,0.0034162089868914336,7,4,1,8,0,9,9,0,25.82374309531466,1
Open Space,28,10,0.5,0.01,0.5,0.6,True,0.004617958999006078,0.0011231670214328915,0.004363542015198618,4,8,0,10,0,11,11,0,25.27974116572938,1
Open Space,29,10,0.5,0.01,0.5,0.6,True,0.006169583008158952,0.0022495420125778764,0.005862499994691461,11,8,4,13,0,21,14,0,28.50817897836098,1
Random Map,0,0,0.5,0.05,0.5,0.6,True,0.042402375023812056,0.003197083016857505,0.04204620802192949,6,8,2,8,2,12,11,2,23.77198827121652,3
Random Map,1,0,0.5,0.05,0.5,0.6,True,0.043262041988782585,0.005728374992031604,0.04292054200777784,7,6,1,10,0,13,11,0,23.18046226484345,1
Random Map,2,0,0.5,0.05,0.5,0.6,True,0.04625337501056492,0.005410333018517122,0.04589987499639392,11,10,2,12,5,24,18,5,21.25353963291233,6
Random Map,3,0,0.5,0.05,0.5,0.6,False,0.03579449999961071,0.0031433750118594617,,10,9,2,7,8,17,17,10,0.0,10
Random Map,4,0,0.5,0.05,0.5,0.6,True,0.039579707983648404,0.006987083004787564,0.03927270800340921,11,7,4,12,0,22,13,0,23.284589739008343,1
Random Map,5,0,0.5,0.05,0.5,0.6,True,0.01774112501880154,0.003671792015666142,0.01742258301237598,6,4,1,7,0,8,8,0,21.62408219292797,1
Random Map,6,0,0.5,0.05,0.5,0.6,True,0.01457454200135544,0.0035159589897375554,0.01425004200427793,5,5,3,5,0,8,6,0,19.336244961253467,1
Random Map,7,0,0.5,0.05,0.5,0.6,True,0.022245290980208665,0.004047124995850027,0.021885041001951322,9,11,5,10,3,21,14,3,21.436432463083165,4
Random Map,8,0,0.5,0.05,0.5,0.6,True,0.017941666999831796,0.0037622499803546816,0.01758279197383672,7,3,1,7,0,8,8,0,19.708189516255114,1
Random Map,9,0,0.5,0.05,0.5,0.6,True,0.02228829200612381,0.004991541994968429,0.021960082987789065,9,9,4,10,2,19,13,2,18.669966970545676,3
Random Map,10,0,0.5,0.05,0.5,0.6,True,0.020913582993671298,0.005875417002243921,0.02060141699621454,11,8,6,11,0,27,12,0,18.994678002237354,1
Random Map,11,0,0.5,0.05,0.5,0.6,True,0.01789366701268591,0.003349500009790063,0.017576000012923032,6,10,3,7,4,14,12,4,19.760028952053432,5
Random Map,12,0,0.5,0.05,0.5,0.6,True,0.01968962498358451,0.0036856249789707363,0.019317375001264736,6,5,0,9,0,10,10,0,21.47073961780027,1
Random Map,13,0,0.5,0.05,0.5,0.6,True,0.025668749993201345,0.006290583987720311,0.025359874998684973,11,10,7,11,1,28,14,2,23.28682291107194,3
Random Map,14,0,0.5,0.05,0.5,0.6,True,0.022788792004575953,0.004240749985910952,0.022487124981125817,13,17,12,10,6,34,17,6,18.793236600488765,7
Random Map,15,0,0.5,0.05,0.5,0.6,True,0.023026750015560538,0.0038275000115390867,0.022678167006233707,9,7,3,10,1,18,12,1,19.0364778096497,2
Random Map,16,0,0.5,0.05,0.5,0.6,True,0.017701458011288196,0.0036379160010255873,0.017393916001310572,5,4,0,7,0,7,8,0,18.085703810788964,1
Random Map,17,0,0.5,0.05,0.5,0.6,True,0.024450875003822148,0.0076131250243633986,0.024126750009600073,16,9,10,11,2,37,14,2,21.40600794332823,3
Random Map,18,0,0.5,0.05,0.5,0.6,True,0.02402104198699817,0.005303624988300726,0.02368874999228865,10,5,2,11,0,19,12,0,21.355819251570907,1
Random Map,19,0,0.5,0.05,0.5,0.6,True,0.02098345902049914,0.004277584026567638,0.020661875023506582,5,8,3,8,0,11,9,0,27.1100043415917,1
Random Map,20,0,0.5,0.05,0.5,0.6,True,0.02079679098096676,0.004880749998847023,0.020484665990807116,7,7,1,11,0,17,12,0,18.78531637500936,1
Random Map,21,0,0.5,0.05,0.5,0.6,True,0.02184716600459069,0.007355915993684903,0.02152362500783056,8,10,4,11,1,39,13,1,18.796996364121398,2
Random Map,22,0,0.5,0.05,0.5,0.6,True,0.016923834016779438,0.003060042014112696,0.01659554199432023,4,5,0,7,0,7,8,0,18.793581795705386,1
Random Map,23,0,0.5,0.05,0.5,0.6,True,0.02294291602447629,0.005780333012808114,0.02262229099869728,8,10,3,13,0,26,14,0,18.880133774277457,1
Random Map,24,0,0.5,0.05,0.5,0.6,False,0.017846292001195252,0.0034017089928966016,,12,11,5,8,8,22,18,10,0.0,10
Random Map,25,0,0.5,0.05,0.5,0.6,True,0.02120750001631677,0.004365417000371963,0.02089970902306959,8,5,1,10,0,13,11,0,19.172819865901456,1
Random Map,26,0,0.5,0.05,0.5,0.6,True,0.018400542001472786,0.004056625009980053,0.018052458995953202,6,5,2,7,0,9,8,0,20.032963694445552,1
Random Map,27,0,0.5,0.05,0.5,0.6,True,0.022399999987101182,0.0033935829997062683,0.022062250005546957,11,12,6,10,5,42,16,5,19.047646229800687,6
Random Map,28,0,0.5,0.05,0.5,0.6,True,0.015607208973960951,0.003404791990760714,0.0152990419883281,8,4,3,5,2,10,8,2,19.16507350473945,3
Random Map,29,0,0.5,0.05,0.5,0.6,True,0.021427542000310495,0.004673249990446493,0.021082416991703212,8,6,3,9,0,14,10,0,18.499339173314127,1
Random Map,0,1,1.0,0.05,0.5,0.6,True,0.02290912499302067,0.003869791980832815,0.02259541698731482,10,5,2,10,1,15,13,2,20.085274747831075,3
Random Map,1,1,1.0,0.05,0.5,0.6,True,0.018377708009211347,0.003824707993771881,0.018008500017458573,4,5,0,7,0,7,8,0,18.99147843061206,1
Random Map,2,1,1.0,0.05,0.5,0.6,True,0.019042750005610287,0.003101375012192875,0.018700709013501182,7,8,2,7,4,14,12,4,19.98176083933777,5
Random Map,3,1,1.0,0.05,0.5,0.6,True,0.018158875027438626,0.003912458021659404,0.01786170800914988,2,7,0,7,0,7,8,0,18.83557367740636,1
Random Map,4,1,1.0,0.05,0.5,0.6,True,0.01965654199011624,0.0039071669743862,0.019374833995243534,8,6,3,8,1,13,10,1,21.700666935605035,2
Random Map,5,1,1.0,0.05,0.5,0.6,True,0.023328458017203957,0.0040835830150172114,0.023058916995069012,9,8,3,11,1,18,14,2,20.639087116681175,3
Random Map,6,1,1.0,0.05,0.5,0.6,True,0.018791208014590666,0.0036994999973103404,0.018447957991156727,5,8,2,7,2,11,10,2,21.243220344868533,3
Random Map,7,1,1.0,0.05,0.5,0.6,True,0.027773709007306024,0.005302417004713789,0.02746529199066572,9,11,3,13,2,27,17,3,19.36196966855176,4
Random Map,8,1,1.0,0.05,0.5,0.6,True,0.02024600000004284,0.0031213340116664767,0.01997262501390651,9,6,0,9,4,14,16,6,19.109121608788072,7
Random Map,9,1,1.0,0.05,0.5,0.6,True,0.03557258300133981,0.00853024999378249,0.03524158301297575,22,21,16,18,7,95,28,9,21.540825038863034,10
Random Map,10,1,1.0,0.05,0.5,0.6,True,0.02626145799877122,0.0038274999824352562,0.02593845798401162,11,9,1,11,6,20,20,8,29.0701681082985,9
Random Map,11,1,1.0,0.05,0.5,0.6,True,0.021667958004400134,0.0046854999964125454,0.02136429099482484,8,9,2,10,3,20,15,4,19.24552958966747,5
Random Map,12,1,1.0,0.05,0.5,0.6,True,0.049880625010700896,0.011877667013322935,0.04944183400948532,6,7,2,8,1,12,10,1,20.561770094204995,2
Random Map,13,1,1.0,0.05,0.5,0.6,False,0.02363658300600946,0.003869292006129399,,9,15,6,8,8,23,18,10,0.0,10
Random Map,14,1,1.0,0.05,0.5,0.6,True,0.021302917011780664,0.0049037919961847365,0.020988250005757436,9,9,3,12,1,25,14,1,18.648461341764207,2
Random Map,15,1,1.0,0.05,0.5,0.6,True,0.020529125002212822,0.0037637499917764217,0.02024541699211113,4,7,0,9,0,10,10,0,21.447819422063272,1
Random Map,16,1,1.0,0.05,0.5,0.6,True,0.017817290994571522,0.003689374978421256,0.017514207982458174,3,6,0,7,0,7,8,0,18.75127279785554,1
Random Map,17,1,1.0,0.05,0.5,0.6,True,0.022558541997568682,0.004249999998137355,0.022261957987211645,4,9,1,10,0,13,11,0,19.814524375880037,1
Random Map,18,1,1.0,0.05,0.5,0.6,True,0.020511749986326322,0.005333791981684044,0.020218457997543737,10,9,4,10,3,24,14,3,23.515672825557854,4
Random Map,19,1,1.0,0.05,0.5,0.6,True,0.018964042013976723,0.0041049580031540245,0.018663791997823864,7,5,1,9,0,11,10,0,18.322693107665653,1
Random Map,20,1,1.0,0.05,0.5,0.6,True,0.017994833004195243,0.0034633750037755817,0.017716917005600408,7,6,4,6,1,11,8,1,19.301953075106727,2
Random Map,21,1,1.0,0.05,0.5,0.6,True,0.019610417017247528,0.004209792008623481,0.019296917016617954,8,10,7,7,2,17,10,2,21.12063864096004,3
Random Map,22,1,1.0,0.05,0.5,0.6,True,0.017692583991447464,0.0036045000015292317,0.01737441698787734,6,4,1,7,0,8,8,0,21.86308779183643,1
Random Map,23,1,1.0,0.05,0.5,0.6,True,0.02016829201602377,0.00393037500907667,0.01985420801793225,5,7,2,8,0,10,10,1,20.85129049083743,2
Random Map,24,1,1.0,0.05,0.5,0.6,True,0.02633100000093691,0.004792916006408632,0.02603341601206921,20,16,18,14,2,52,19,4,22.198627307092682,5
Random Map,25,1,1.0,0.05,0.5,0.6,True,0.019351041002664715,0.004221291019348428,0.01907904099789448,7,8,2,10,1,17,12,1,19.984470922811596,2
Random Map,26,1,1.0,0.05,0.5,0.6,True,0.021553292026510462,0.0041531250171829015,0.021258292021229863,8,7,1,11,1,16,13,1,19.94616230445959,2
Random Map,27,1,1.0,0.05,0.5,0.6,True,0.05207024997798726,0.01389541698154062,0.05160908299149014,15,12,5,16,4,54,21,4,20.877218830570907,5
Random Map,28,1,1.0,0.05,0.5,0.6,True,0.021625958004733548,0.00392212500446476,0.021273416990879923,8,5,1,9,1,12,11,1,21.64923021155433,2
Random Map,29,1,1.0,0.05,0.5,0.6,True,0.026682499999878928,0.0048795829934533685,0.026377292000688612,15,11,6,12,6,33,21,8,22.138932558211255,9
Random Map,0,2,0.5,0.05,0.7,0.6,True,0.02229354201699607,0.003394917002879083,0.02198250000947155,11,7,5,11,0,20,13,1,25.38532189574857,2
Random Map,1,2,0.5,0.05,0.7,0.6,True,0.017277709004702047,0.0032052920141723007,0.017001959000481293,8,4,1,7,2,10,10,2,20.866614819420782,3
Random Map,2,2,0.5,0.05,0.7,0.6,True,0.01913370902184397,0.003115250001428649,0.018765084008919075,5,5,0,8,0,8,9,0,22.12470930055027,1
Random Map,3,2,0.5,0.05,0.7,0.6,True,0.022776416008127853,0.005362833006074652,0.022483790991827846,9,10,3,11,3,31,16,4,21.08277017064984,5
Random Map,4,2,0.5,0.05,0.7,0.6,True,0.02184887501061894,0.005166792019736022,0.021544875024119392,8,9,4,10,1,23,12,1,20.21497532782197,2
Random Map,5,2,0.5,0.05,0.7,0.6,True,0.019793583021964878,0.0047163330018520355,0.019484999997075647,8,7,1,11,1,20,14,2,19.940473836395192,3
Random Map,6,2,0.5,0.05,0.7,0.6,True,0.01738574999035336,0.0031704999855719507,0.017052582988981158,4,5,0,7,0,7,8,0,18.184101722178553,1
Random Map,7,2,0.5,0.05,0.7,0.6,True,0.043178334017284214,0.003741334017831832,0.04246987501392141,9,7,3,9,2,16,13,3,19.4925080633716,4
Random Map,8,2,0.5,0.05,0.7,0.6,True,0.0255190419848077,0.008046083996305242,0.025187874998664483,9,12,4,11,4,22,18,6,21.196574700681236,7
Random Map,9,2,0.5,0.05,0.7,0.6,True,0.02467270800843835,0.00376512500224635,0.024342042015632614,12,8,3,14,1,30,16,1,22.4188257201138,2
Random Map,10,2,0.5,0.05,0.7,0.6,True,0.024511666997568682,0.0038053750176914036,0.024180542008252814,10,11,3,12,4,22,19,6,19.11753802532004,7
Random Map,11,2,0.5,0.05,0.7,0.6,True,0.01613041598466225,0.0025712079950608313,0.015836582984775305,7,4,1,7,1,9,9,1,19.755561904194234,2
Random Map,12,2,0.5,0.05,0.7,0.6,True,0.021968833985738456,0.0031451249960809946,0.021655874996213242,7,8,1,9,3,15,13,3,21.6662983909623,4
Random Map,13,2,0.5,0.05,0.7,0.6,True,0.02567266600090079,0.0038452500011771917,0.025353958015330136,16,16,15,13,2,69,16,2,20.016584649159192,3
Random Map,14,2,0.5,0.05,0.7,0.6,True,0.026618582982337102,0.004013875004602596,0.02631195800495334,17,16,9,15,7,43,24,8,19.459587571229335,9
Random Map,15,2,0.5,0.05,0.7,0.6,True,0.02232283301418647,0.003776750003453344,0.022030374995665625,13,7,4,12,2,23,15,2,20.09803255113326,3
Random Map,16,2,0.5,0.05,0.7,0.6,True,0.038688458007527515,0.003230458009056747,0.03833420798764564,24,23,16,23,6,153,33,9,19.645093858563843,10
Random Map,17,2,0.5,0.05,0.7,0.6,True,0.051517374988179654,0.002364208979997784,0.051138624985469505,10,8,0,9,7,16,18,8,22.884083057571402,9
Random Map,18,2,0.5,0.05,0.7,0.6,True,0.021025124995503575,0.004480125004192814,0.020683874987298623,11,5,1,11,2,18,16,4,18.498157094981433,5
Random Map,19,2,0.5,0.05,0.7,0.6,False,0.02099033398553729,0.004194499982986599,,12,15,6,10,9,30,20,10,0.0,10
Random Map,20,2,0.5,0.05,0.7,0.6,True,0.01939691699226387,0.0034610829898156226,0.01906933300779201,8,5,1,9,1,12,11,1,19.401287720703422,2
Random Map,21,2,0.5,0.05,0.7,0.6,True,0.019017666985746473,0.003292834007879719,0.01870549999875948,5,5,0,8,0,8,9,0,24.018681113859998,1
Random Map,22,2,0.5,0.05,0.7,0.6,True,0.024497417005477473,0.005105999996885657,0.02418020900222473,8,7,1,12,0,18,13,0,23.919672272109217,1
Random Map,23,2,0.5,0.05,0.7,0.6,True,0.022078000009059906,0.004285167000489309,0.021792875020764768,11,5,2,12,0,18,14,1,19.744137725648763,2
Random Map,24,2,0.5,0.05,0.7,0.6,True,0.027374208002584055,0.006775250018108636,0.027030750003177673,14,17,8,15,6,51,25,9,19.2063047226404,10
Random Map,25,2,0.5,0.05,0.7,0.6,True,0.017561083019245416,0.003249375004088506,0.01727004101849161,7,4,1,7,1,9,9,1,20.251195399738542,2
Random Map,26,2,0.5,0.05,0.7,0.6,True,0.047186915995553136,0.005124832998262718,0.046525041019776836,9,7,0,14,0,23,15,0,23.305978914316576,1
Random Map,27,2,0.5,0.05,0.7,0.6,True,0.026799916988238692,0.00586458298494108,0.02645695797400549,14,12,9,14,1,61,16,1,19.77004898594981,2
Random Map,28,2,0.5,0.05,0.7,0.6,True,0.022221207997063175,0.005861832993105054,0.021911082993028685,6,12,5,11,0,28,12,0,19.953035264689067,1
Random Map,29,2,0.5,0.05,0.7,0.6,True,0.025551666010869667,0.0052143750071991235,0.025242291012546048,18,11,7,13,7,39,22,8,22.940866341098012,9
Random Map,0,3,1.0,0.2,0.3,0.6,True,0.018341333023272455,0.004764541023178026,0.01807216601446271,9,6,6,6,1,13,8,1,23.541983136969613,2
Random Map,1,3,1.0,0.2,0.3,0.6,True,0.020615874993382022,0.004883541987510398,0.020324082986917347,8,8,3,11,0,17,12,0,20.610101861190003,1
Random Map,2,3,1.0,0.2,0.3,0.6,True,0.017000457999529317,0.004188791004708037,0.016699875006452203,8,6,5,7,0,12,9,1,20.182905797474305,2
Random Map,3,3,1.0,0.2,0.3,0.6,True,0.017756791989086196,0.004235833999700844,0.017448708997108042,7,4,2,7,0,9,8,0,18.366966756148415,1
Random Map,4,3,1.0,0.2,0.3,0.6,True,0.019877874990925193,0.0037229169975034893,0.019569374999264255,9,5,4,7,1,12,9,1,19.83805411680577,2
Random Map,5,3,1.0,0.2,0.3,0.6,True,0.03043708298355341,0.0036853330093435943,0.02974058300605975,4,6,1,7,0,9,8,0,17.81273552403091,1
Random Map,6,3,1.0,0.2,0.3,0.6,True,0.029899250017479062,0.010413209005491808,0.029560625000158325,7,12,9,8,0,19,9,0,22.471836438756906,1
Random Map,7,3,1.0,0.2,0.3,0.6,True,0.01990979100810364,0.005571457993937656,0.01956375001464039,6,10,6,8,0,15,9,0,19.799505558284064,1
Random Map,8,3,1.0,0.2,0.3,0.6,True,0.024366875004488975,0.0041266670159529895,0.024047625018283725,8,6,2,9,1,12,13,3,27.994957707384327,4
Random Map,9,3,1.0,0.2,0.3,0.6,True,0.02191741598653607,0.0035197079996578395,0.02160749997710809,7,5,1,9,0,10,11,1,19.488613504528068,2
Random Map,10,3,1.0,0.2,0.3,0.6,True,0.01918558299075812,0.0064573329873383045,0.018857457995181903,15,9,15,5,2,25,8,2,20.85528796017404,3
Random Map,11,3,1.0,0.2,0.3,0.6,True,0.026347083010477945,0.004037041013361886,0.02599270801874809,7,11,3,9,4,17,14,4,22.84436104608453,5
Random Map,12,3,1.0,0.2,0.3,0.6,True,0.01999745797365904,0.005894957983400673,0.01968362499610521,7,12,7,10,0,24,11,0,18.89558903517731,1
Random Map,13,3,1.0,0.2,0.3,0.6,True,0.02462625000043772,0.0056871249980758876,0.024306667008204386,7,11,3,9,4,17,15,5,23.25414702133876,6
Random Map,14,3,1.0,0.2,0.3,0.6,True,0.027314917009789497,0.0035617920220829546,0.02703008402022533,12,6,2,12,2,16,18,5,22.97594505809728,6
Random Map,15,3,1.0,0.2,0.3,0.6,False,0.04011808300856501,0.004079542006365955,,13,9,5,6,9,20,16,10,0.0,10
Random Map,16,3,1.0,0.2,0.3,0.6,True,0.022881166980369017,0.003674124978715554,0.022554291994310915,4,6,2,6,0,8,7,0,22.535897617655188,1
Random Map,17,3,1.0,0.2,0.3,0.6,True,0.019940416008466855,0.005206333007663488,0.019622208026703447,7,13,8,8,2,23,12,3,19.131557758254843,4
Random Map,18,3,1.0,0.2,0.3,0.6,True,0.01827249999041669,0.003990583005361259,0.01794874999905005,6,6,2,7,1,10,9,1,20.51658470373947,2
Random Map,19,3,1.0,0.2,0.3,0.6,True,0.017395959002897143,0.004627834015991539,0.017102709010941908,6,12,8,6,2,17,9,2,18.270361609915366,3
Random Map,20,3,1.0,0.2,0.3,0.6,True,0.017390666995197535,0.004295124992495403,0.01703250000718981,6,9,5,7,1,16,9,1,19.199951650818726,2
Random Map,21,3,1.0,0.2,0.3,0.6,True,0.021884791989577934,0.004579166998155415,0.02157124999212101,8,5,2,9,0,12,10,0,21.41054328094075,1
Random Map,22,3,1.0,0.2,0.3,0.6,True,0.022250916983466595,0.003580374992452562,0.02195770898833871,8,7,3,9,1,15,11,1,20.935341762271165,2
Random Map,23,3,1.0,0.2,0.3,0.6,True,0.02080233400920406,0.004109583998797461,0.02050045900978148,8,9,4,8,3,16,12,3,18.59631674226019,4
Random Map,24,3,1.0,0.2,0.3,0.6,True,0.04473033300018869,0.005478874983964488,0.04431258299155161,3,10,0,11,0,19,12,0,17.84883960427472,1
Random Map,25,3,1.0,0.2,0.3,0.6,True,0.026259000005666167,0.006396084005245939,0.025903708999976516,8,7,3,9,1,14,13,3,19.72558280496826,4
Random Map,26,3,1.0,0.2,0.3,0.6,True,0.020645416021579877,0.004597999999532476,0.020319333008956164,6,8,3,9,0,14,10,0,21.704278920546415,1
Random Map,27,3,1.0,0.2,0.3,0.6,True,0.019759457994950935,0.004562624992104247,0.019460917013930157,9,3,3,7,0,11,8,0,19.373099196350797,1
Random Map,28,3,1.0,0.2,0.3,0.6,True,0.01953424999373965,0.003751582989934832,0.0192456659860909,6,5,1,8,0,10,9,0,17.75276470143087,1
Random Map,29,3,1.0,0.2,0.3,0.6,True,0.022561124991625547,0.0071052499988581985,0.022212207986740395,9,11,8,9,1,24,11,1,21.33202336999614,2
Random Map,0,4,1.2,0.2,0.8,0.3,True,0.0210813750163652,0.003607582999393344,0.02076887502335012,15,6,5,8,6,19,17,8,19.045344175585903,9
Random Map,1,4,1.2,0.2,0.8,0.3,True,0.021300749998772517,0.004805625008884817,0.02097691601375118,9,7,1,11,2,24,14,2,19.01238414343199,3
Random Map,2,4,1.2,0.2,0.8,0.3,True,0.03908820799551904,0.003330292005557567,0.03870687499875203,4,5,1,6,0,7,7,0,18.951344863191252,1
Random Map,3,4,1.2,0.2,0.8,0.3,True,0.03106195799773559,0.00345333298901096,0.030709040991496295,11,10,3,13,3,25,20,6,19.955558249442316,7
Random Map,4,4,1.2,0.2,0.8,0.3,True,0.022542209015227854,0.005334749992471188,0.022208375012269244,9,8,1,12,2,31,15,2,22.331367984392855,3
Random Map,5,4,1.2,0.2,0.8,0.3,True,0.03468454201356508,0.0066586250031832606,0.034297959005925804,13,22,17,15,1,160,18,2,18.997699961531467,3
Random Map,6,4,1.2,0.2,0.8,0.3,False,0.019120957993436605,0.004140374978305772,,7,17,5,7,10,24,17,10,0.0,10
Random Map,7,4,1.2,0.2,0.8,0.3,True,0.022704791015712544,0.00384512500022538,0.02238325000507757,11,13,7,10,5,35,16,5,22.135392299775553,6
Random Map,8,4,1.2,0.2,0.8,0.3,True,0.03915470800711773,0.009352332999696955,0.038823042006697506,17,23,12,17,9,123,27,9,26.287841860155638,10
Random Map,9,4,1.2,0.2,0.8,0.3,True,0.017616541997995228,0.003275666997069493,0.01730937499087304,7,2,0,7,0,7,8,0,20.060932482038243,1
Random Map,10,4,1.2,0.2,0.8,0.3,False,0.018267291015945375,0.003204208012903109,,12,10,3,9,8,22,19,10,0.0,10
Random Map,11,4,1.2,0.2,0.8,0.3,True,0.050947582989465445,0.005323624995071441,0.050440499995602295,10,8,3,10,3,26,15,4,23.255792846559096,5
Random Map,12,4,1.2,0.2,0.8,0.3,True,0.03545045800274238,0.006643291999353096,0.035120332991937175,20,27,28,15,2,144,18,2,20.936613388268018,3
Random Map,13,4,1.2,0.2,0.8,0.3,True,0.028019332996336743,0.008188332983991131,0.027711625007214025,11,19,6,14,8,71,24,9,20.055155738411536,10
Random Map,14,4,1.2,0.2,0.8,0.3,True,0.018840041011571884,0.004192458000034094,0.018527875014115125,3,8,1,8,0,10,9,0,18.200677640005512,1
Random Map,15,4,1.2,0.2,0.8,0.3,True,0.020628917001886293,0.0042440000106580555,0.02030641699093394,6,8,2,10,0,15,11,0,19.780697903638533,1
Random Map,16,4,1.2,0.2,0.8,0.3,True,0.019533082988345996,0.004831832979107276,0.019257499981904402,8,9,3,9,3,28,14,4,21.392954096302745,5
Random Map,17,4,1.2,0.2,0.8,0.3,True,0.0229414580098819,0.005812874995172024,0.02259375000721775,7,15,3,10,7,34,19,8,23.012721551577325,9
Random Map,18,4,1.2,0.2,0.8,0.3,True,0.022404917021049187,0.004671458009397611,0.022124500013887882,10,11,3,11,5,26,18,6,23.122365722754466,7
Random Map,19,4,1.2,0.2,0.8,0.3,True,0.02049424999859184,0.004570624994812533,0.02021362498635426,4,9,0,11,0,16,12,0,19.584483481716955,1
Random Map,20,4,1.2,0.2,0.8,0.3,True,0.06245895798201673,0.00565937499050051,0.062092707987176254,27,7,14,16,2,167,19,2,20.158160171436585,3
Random Map,21,4,1.2,0.2,0.8,0.3,True,0.021964084007777274,0.0039446250011678785,0.02166537501034327,10,8,1,8,7,17,16,7,22.162978830748578,8
Random Map,22,4,1.2,0.2,0.8,0.3,False,0.02043645898811519,0.004722499987110496,,11,10,0,10,9,28,20,10,0.0,10
Random Map,23,4,1.2,0.2,0.8,0.3,False,0.02766691701253876,0.011657249997369945,,23,15,10,16,10,95,26,10,0.0,10
Random Map,24,4,1.2,0.2,0.8,0.3,True,0.02925595801207237,0.0035445000103209168,0.028932666988112032,23,11,15,14,3,112,19,4,20.00563003589628,5
Random Map,25,4,1.2,0.2,0.8,0.3,True,0.047417041001608595,0.029793583002174273,0.04710891601280309,26,16,22,15,3,305,19,3,20.053240809291808,4
Random Map,26,4,1.2,0.2,0.8,0.3,True,0.022794082993641496,0.007588000007672235,0.022474917001090944,5,10,3,10,0,44,11,0,20.400842319761587,1
Random Map,27,4,1.2,0.2,0.8,0.3,True,0.01938862499082461,0.0032851249852683395,0.019079541001701728,10,7,2,7,6,15,14,6,21.753356357820547,7
Random Map,28,4,1.2,0.2,0.8,0.3,True,0.02386904100421816,0.00342475000070408,0.023559916007798165,12,15,6,12,7,31,22,9,20.298406779337867,10
Random Map,29,4,1.2,0.2,0.8,0.3,False,0.0378677919798065,0.0034173339954577386,,11,9,3,6,9,19,16,10,0.0,10
Random Map,0,5,0.5,0.05,0.5,0.05,True,0.02408566599478945,0.0027568750083446503,0.023730082990368828,7,6,0,7,4,11,12,4,20.41608993036023,5
Random Map,1,5,0.5,0.05,0.5,0.05,True,0.019339124992256984,0.005378749978262931,0.018996332975802943,6,6,3,7,0,10,8,0,21.36026713055146,1
Random Map,2,5,0.5,0.05,0.5,0.05,True,0.017405582999344915,0.0036482920113485307,0.01707920801709406,3,7,1,7,0,8,8,0,18.76867129246966,1
Random Map,3,5,0.5,0.05,0.5,0.05,True,0.019929290981963277,0.0035250000073574483,0.01963158301077783,9,6,2,8,3,14,13,4,22.325235758093136,5
Random Map,4,5,0.5,0.05,0.5,0.05,True,0.016033666994189844,0.0030438340036198497,0.015730417013401166,4,6,1,6,1,8,8,1,17.90836172120799,2
Random Map,5,5,0.5,0.05,0.5,0.05,True,0.03289108400349505,0.004337708989623934,0.032551584008615464,27,18,18,18,7,78,27,8,27.051150824981097,9
Random Map,6,5,0.5,0.05,0.5,0.05,True,0.017279624997172505,0.0032859169878065586,0.016971874982118607,5,4,0,7,0,7,8,0,17.900286787860693,1
Random Map,7,5,0.5,0.05,0.5,0.05,True,0.02755362499738112,0.006101583014242351,0.02720641699852422,17,13,10,11,7,38,20,8,22.45370318270203,9
Random Map,8,5,0.5,0.05,0.5,0.05,True,0.041096042026765645,0.004218458023387939,0.04069333302322775,8,7,4,8,1,15,10,1,22.651804738184723,2
Random Map,9,5,0.5,0.05,0.5,0.05,True,0.023130708985263482,0.0062311249785125256,0.022779749997425824,5,4,0,7,0,7,8,0,19.793132149893285,1
Random Map,10,5,0.5,0.05,0.5,0.05,True,0.023825707990908995,0.006000082998070866,0.023520042013842613,8,7,1,12,0,17,13,0,20.260500426059142,1
Random Map,11,5,0.5,0.05,0.5,0.05,True,0.01821033301530406,0.0031098329927772284,0.017843333014752716,8,3,0,8,1,9,11,2,18.09932055108634,3
Random Map,12,5,0.5,0.05,0.5,0.05,True,0.02132508298382163,0.004108458000700921,0.02101862500421703,10,14,5,10,7,32,19,8,20.375248056024013,9
Random Map,13,5,0.5,0.05,0.5,0.05,True,0.0184588749834802,0.004713874979643151,0.01816762497765012,9,3,3,7,0,10,8,0,22.898484983448427,1
Random Map,14,5,0.5,0.05,0.5,0.05,True,0.01626579198637046,0.0037511670088861138,0.015958583011524752,6,5,2,7,0,9,8,0,18.647607590723833,1
Random Map,15,5,0.5,0.05,0.5,0.05,True,0.020293832989409566,0.004099915997358039,0.019946499989600852,9,3,2,8,0,10,10,1,23.57286655557722,2
Random Map,16,5,0.5,0.05,0.5,0.05,True,0.023717333999229595,0.004080542013980448,0.023423209000611678,13,8,3,9,7,19,19,9,27.525794713813106,10
Random Map,17,5,0.5,0.05,0.5,0.05,True,0.042007791984360665,0.0040423749887850136,0.0413076670083683,7,3,0,8,0,8,10,1,20.731907611376005,2
Random Map,18,5,0.5,0.05,0.5,0.05,True,0.018041082978015766,0.006119332974776626,0.01767983299214393,6,7,4,7,0,12,8,0,18.108319301201483,1
Random Map,19,5,0.5,0.05,0.5,0.05,False,0.021978125005261973,0.00410233301226981,,12,15,6,10,9,28,20,10,0.0,10
Random Map,20,5,0.5,0.05,0.5,0.05,True,0.022253292001551017,0.0040097919991239905,0.021970334026264027,13,10,3,10,8,24,19,8,19.012465588554996,9
Random Map,21,5,0.5,0.05,0.5,0.05,True,0.025626250018831342,0.004705291998106986,0.025316708022728562,9,12,1,13,5,23,20,6,21.47806673909194,7
Random Map,22,5,0.5,0.05,0.5,0.05,True,0.021259083005134016,0.0034445000055711716,0.02098383300472051,10,8,3,8,5,16,14,5,23.420753082135224,6
Random Map,23,5,0.5,0.05,0.5,0.05,True,0.01791383299860172,0.003949958016164601,0.017597291007405147,9,4,4,7,0,11,8,0,19.760040989344112,1
Random Map,24,5,0.5,0.05,0.5,0.05,False,0.02072887498070486,0.004441500001121312,,14,14,5,12,9,35,22,10,0.0,10
Random Map,25,5,0.5,0.05,0.5,0.05,True,0.01658125000540167,0.0038022910011932254,0.01628608300234191,5,5,1,7,0,8,8,0,18.459250825510917,1
Random Map,26,5,0.5,0.05,0.5,0.05,True,0.037128666997887194,0.003588207997381687,0.0361453750228975,8,5,1,9,1,12,11,1,20.091393047041624,2
Random Map,27,5,0.5,0.05,0.5,0.05,False,0.03322495799511671,0.008065750007517636,,17,14,8,12,9,39,22,10,0.0,10
Random Map,28,5,0.5,0.05,0.5,0.05,True,0.018963457987410948,0.004673041985370219,0.01864445800310932,7,7,5,7,0,13,9,1,20.56523110064441,2
Random Map,29,5,0.5,0.05,0.5,0.05,False,0.023507167003117502,0.004408000007970259,,18,15,10,11,10,41,21,10,0.0,10
Random Map,0,6,0.5,0.5,0.5,0.6,True,0.019218083994928747,0.003510499984258786,0.018940624984679744,7,3,0,8,0,9,9,0,18.31697055158975,1
Random Map,1,6,0.5,0.5,0.5,0.6,True,0.014190624991897494,0.0036097909905947745,0.013902374979807064,3,9,4,5,1,10,7,1,17.75352988386969,2
Random Map,2,6,0.5,0.5,0.5,0.6,True,0.02007925001089461,0.004640625003958121,0.0197841250046622,6,7,2,9,0,18,10,0,19.435941932140096,1
Random Map,3,6,0.5,0.5,0.5,0.6,True,0.01969137499690987,0.004021625005407259,0.019359666999662295,8,9,4,7,4,17,13,5,19.685160299863913,6
Random Map,4,6,0.5,0.5,0.5,0.6,True,0.023477833019569516,0.00393354200059548,0.023166291997767985,15,21,16,13,5,56,20,6,20.326853629694885,7
Random Map,5,6,0.5,0.5,0.5,0.6,True,0.024844542000209913,0.007277791999513283,0.024563084007240832,10,10,2,14,2,44,17,2,23.42114068272558,3
Random Map,6,6,0.5,0.5,0.5,0.6,True,0.04617012501694262,0.006987083004787564,0.04546650001429953,6,14,6,12,0,27,13,0,19.651823783666945,1
Random Map,7,6,0.5,0.5,0.5,0.6,True,0.0255393749976065,0.009855167008936405,0.025184708007145673,10,14,8,13,1,35,15,1,18.811664790188853,2
Random Map,8,6,0.5,0.5,0.5,0.6,True,0.02318708400707692,0.004452042019693181,0.022853125003166497,13,9,8,11,1,60,15,3,19.098646646574398,4
Random Map,9,6,0.5,0.5,0.5,0.6,True,0.01827145801507868,0.003399832989089191,0.01798429200425744,7,3,0,8,0,8,9,0,20.888188292271792,1
Random Map,10,6,0.5,0.5,0.5,0.6,True,0.02004045798094012,0.004477957991184667,0.01972895799553953,7,8,1,11,1,18,13,1,18.88907847813391,2
Random Map,11,6,0.5,0.5,0.5,0.6,True,0.021614500001305714,0.007085499993991107,0.021316208003554493,7,12,6,9,2,35,13,3,17.91249062143052,4
Random Map,12,6,0.5,0.5,0.5,0.6,True,0.02495045799878426,0.005270915979053825,0.024665040982654318,10,8,1,14,1,22,17,2,23.240763619105692,3
Random Map,13,6,0.5,0.5,0.5,0.6,True,0.01927241697558202,0.003711416997248307,0.018988332973094657,8,4,0,9,1,11,11,1,20.56941344873001,2
Random Map,14,6,0.5,0.5,0.5,0.6,True,0.021136750001460314,0.004528958001174033,0.020808583009056747,7,7,2,10,0,14,11,0,20.502720733582535,1
Random Map,15,6,0.5,0.5,0.5,0.6,True,0.03893729197443463,0.0039057499961927533,0.038555084000108764,5,5,3,5,0,8,6,0,20.41040622398989,1
Random Map,16,6,0.5,0.5,0.5,0.6,True,0.023253124993061647,0.004090624977834523,0.022922584001207724,5,8,1,9,1,13,11,1,19.51848556921215,2
Random Map,17,6,0.5,0.5,0.5,0.6,True,0.02018233298440464,0.004657499986933544,0.019875790982041508,7,11,3,10,3,20,14,3,20.065716498221093,4
Random Map,18,6,0.5,0.5,0.5,0.6,True,0.019793415995081887,0.004059250000864267,0.01948804099811241,6,6,1,9,0,11,10,0,20.347204949210735,1
Random Map,19,6,0.5,0.5,0.5,0.6,True,0.01735087498673238,0.003395459003513679,0.017076333984732628,5,6,1,7,1,9,9,1,23.089722636177573,2
Random Map,20,6,0.5,0.5,0.5,0.6,True,0.022770624986151233,0.007329749991185963,0.022421375004341826,11,8,6,11,0,46,12,0,19.665886270121252,1
Random Map,21,6,0.5,0.5,0.5,0.6,True,0.01988300000084564,0.004247749981004745,0.01959070799057372,6,6,2,8,0,11,9,0,20.64126201414994,1
Random Map,22,6,0.5,0.5,0.5,0.6,True,0.017858459003036842,0.004457750008441508,0.0175819170253817,9,5,3,9,0,14,10,0,18.452430980407186,1
Random Map,23,6,0.5,0.5,0.5,0.6,True,0.017755167005816475,0.004265166993718594,0.017434291978133842,6,6,2,8,0,12,9,0,18.542810622012514,1
Random Map,24,6,0.5,0.5,0.5,0.6,True,0.039551916997879744,0.0049519590102136135,0.03917062500840984,11,8,6,9,2,19,12,2,22.140728052505214,3
Random Map,25,6,0.5,0.5,0.5,0.6,True,0.02972158300690353,0.005849041015608236,0.029381458007264882,5,9,0,12,0,14,13,0,22.216018948287747,1
Random Map,26,6,0.5,0.5,0.5,0.6,True,0.018846208025934175,0.0036035000230185688,0.01853866601595655,7,3,1,7,0,8,8,0,23.254199360185122,1
Random Map,27,6,0.5,0.5,0.5,0.6,False,0.02718070798437111,0.005744750000303611,,19,11,7,14,7,41,24,10,0.0,10
Random Map,28,6,0.5,0.5,0.5,0.6,True,0.019488165999064222,0.0037106249947100878,0.019152791006490588,8,4,2,8,0,11,9,0,20.601529418805033,1
Random Map,29,6,0.5,0.5,0.5,0.6,True,0.01687395799672231,0.004020458000013605,0.016579208022449166,4,7,2,7,0,10,8,0,18.53353103023153,1
Random Map,0,7,0.5,0.05,0.1,0.8,True,0.02047624997794628,0.004103041981579736,0.02015404199482873,5,10,2,10,1,16,12,1,21.911798609991795,2
Random Map,1,7,0.5,0.05,0.1,0.8,True,0.029901625006459653,0.013229917007265612,0.02956329198786989,10,15,6,16,1,38,18,1,21.729820826491522,2
Random Map,2,7,0.5,0.05,0.1,0.8,True,0.023974791984073818,0.004057999991346151,0.02363587499712594,10,18,15,7,4,29,12,4,20.26535065504605,5
Random Map,3,7,0.5,0.05,0.1,0.8,True,0.04117787501309067,0.0044285420153755695,0.04078000001027249,7,6,2,8,1,11,10,1,24.185537415714332,2
Random Map,4,7,0.5,0.05,0.1,0.8,True,0.025972250004997477,0.008846042008372024,0.025629957992350683,6,4,0,8,0,8,9,0,23.06145875646335,1
Random Map,5,7,0.5,0.05,0.1,0.8,True,0.018317542009754106,0.005019583011744544,0.018019250012002885,7,9,4,10,0,17,11,0,20.190927145176726,1
Random Map,6,7,0.5,0.05,0.1,0.8,True,0.0283617920067627,0.006061499996576458,0.028025707986671478,12,11,8,12,1,25,16,3,24.03667345587626,4
Random Map,7,7,0.5,0.05,0.1,0.8,True,0.01805270800832659,0.003381707996595651,0.01778316599666141,5,4,0,7,0,7,8,0,19.82357230654602,1
Random Map,8,7,0.5,0.05,0.1,0.8,True,0.018177749996539205,0.0038534170016646385,0.017877459002193063,8,4,2,7,1,10,10,2,19.845972130002053,3
Random Map,9,7,0.5,0.05,0.1,0.8,True,0.02042341697961092,0.004576374980388209,0.020138708990998566,8,10,7,8,1,16,10,1,21.37034692941043,2
Random Map,10,7,0.5,0.05,0.1,0.8,True,0.02792279201094061,0.006828292011050507,0.027587208023760468,9,15,6,14,2,29,18,3,24.954267230811087,4
Random Map,11,7,0.5,0.05,0.1,0.8,True,0.017215290979947895,0.005548290995648131,0.016951915982645005,9,9,10,6,0,17,7,0,19.202189158259092,1
Random Map,12,7,0.5,0.05,0.1,0.8,True,0.041548707988113165,0.0047032499860506505,0.041160875000059605,8,4,3,7,0,11,8,0,20.33919613515135,1
Random Map,13,7,0.5,0.05,0.1,0.8,True,0.022706540999934077,0.0070592500269412994,0.022379541012924165,7,4,3,6,0,10,7,0,21.36836388678556,1
Random Map,14,7,0.5,0.05,0.1,0.8,True,0.01729962500394322,0.003919541020877659,0.016946250019827858,7,4,1,7,1,9,9,1,19.12125790541095,2
Random Map,15,7,0.5,0.05,0.1,0.8,True,0.017526417010230944,0.004373625008156523,0.01722133401199244,7,9,4,8,2,15,11,2,20.317940217075762,3
Random Map,16,7,0.5,0.05,0.1,0.8,True,0.01800070799072273,0.004295416991226375,0.017684207996353507,7,5,3,7,0,11,8,0,18.787673663039474,1
Random Map,17,7,0.5,0.05,0.1,0.8,True,0.020496917015407234,0.004178000002866611,0.020217707991832867,10,6,3,9,2,14,13,3,23.508621248400022,4
Random Map,18,7,0.5,0.05,0.1,0.8,True,0.018753500015009195,0.004487750004045665,0.018454125005519018,6,9,5,7,1,13,9,1,20.866054920319907,2
Random Map,19,7,0.5,0.05,0.1,0.8,True,0.026191082986770198,0.0048202079779002815,0.025893666985211894,11,14,8,11,4,26,18,6,22.844181506717558,7
Random Map,20,7,0.5,0.05,0.1,0.8,True,0.02362608298426494,0.003869665990350768,0.02332349997595884,8,6,2,10,0,14,13,2,20.908651391796802,3
Random Map,21,7,0.5,0.05,0.1,0.8,True,0.03905254200799391,0.004493499989621341,0.038681959005771205,5,7,2,8,0,11,9,0,21.91732826740434,1
Random Map,22,7,0.5,0.05,0.1,0.8,True,0.02811670899973251,0.007592749985633418,0.027754749986343086,6,13,7,10,0,20,11,0,21.035889386014244,1
Random Map,23,7,0.5,0.05,0.1,0.8,True,0.020068916986929253,0.004893416975392029,0.019719834002899006,13,5,7,7,2,17,11,3,20.721493799542948,4
Random Map,24,7,0.5,0.05,0.1,0.8,True,0.01890550000825897,0.004915083001833409,0.018589540995890275,10,9,9,7,1,18,9,1,21.43876435828538,2
Random Map,25,7,0.5,0.05,0.1,0.8,True,0.01967375000822358,0.004387416993267834,0.019402042002184317,6,8,4,7,1,13,9,1,22.04698325083764,2
Random Map,26,7,0.5,0.05,0.1,0.8,True,0.015992749977158383,0.0033181249746121466,0.01568687497638166,5,7,3,6,1,10,8,1,19.606207935158114,2
Random Map,27,7,0.5,0.05,0.1,0.8,True,0.020544583996525034,0.00397879199590534,0.020222958992235363,8,3,1,8,0,9,9,0,25.10867087490685,1
Random Map,28,7,0.5,0.05,0.1,0.8,True,0.017940125020686537,0.004174750007223338,0.01765137500478886,7,5,3,7,0,10,8,0,19.996950214503645,1
Random Map,29,7,0.5,0.05,0.1,0.8,True,0.025478084018686786,0.00610012499964796,0.025158500007819384,14,8,8,11,1,24,13,1,24.77498918940239,2
Random Map,0,8,0.5,0.05,0.0,0.6,True,0.04255675000604242,0.0052671669982373714,0.04179220899823122,7,9,7,7,0,15,8,0,20.689427325005887,1
Random Map,1,8,0.5,0.05,0.0,0.6,True,0.029741083009866998,0.009398208028869703,0.02938154200091958,11,9,6,10,2,20,13,2,24.77713855270052,3
Random Map,2,8,0.5,0.05,0.0,0.6,True,0.02542391698807478,0.00425504200393334,0.025119333004113287,10,9,6,9,2,18,12,2,26.887443765512753,3
Random Map,3,8,0.5,0.05,0.0,0.6,True,0.02174254198325798,0.005252499977359548,0.02147983299801126,6,9,3,10,0,15,11,0,21.532345748613594,1
Random Map,4,8,0.5,0.05,0.0,0.6,True,0.0176868750131689,0.004883042012806982,0.01740445801988244,9,8,7,6,2,16,9,2,20.848158130961973,3
Random Map,5,8,0.5,0.05,0.0,0.6,True,0.028348749998258427,0.004500416020164266,0.028040666016750038,7,9,3,11,0,15,13,1,27.059859467192503,2
Random Map,6,8,0.5,0.05,0.0,0.6,True,0.020192582975141704,0.005375832988647744,0.01991204099613242,7,10,7,8,0,17,9,0,20.079071930579538,1
Random Map,7,8,0.5,0.05,0.0,0.6,True,0.015508625016082078,0.004194459004793316,0.015220834000501782,7,4,4,5,0,9,6,0,19.05255988937962,1
Random Map,8,8,0.5,0.05,0.0,0.6,False,0.018761624989565462,0.004121625010157004,,14,14,10,9,7,26,19,10,0.0,10
Random Map,9,8,0.5,0.05,0.0,0.6,True,0.05739512501168065,0.005479832994751632,0.05704495799727738,12,8,3,14,1,20,17,2,21.240611551107268,3
Random Map,10,8,0.5,0.05,0.0,0.6,True,0.02257766600814648,0.005991665995679796,0.0222631249926053,5,11,4,10,0,20,11,0,20.43396883763924,1
Random Map,11,8,0.5,0.05,0.0,0.6,True,0.02627899998333305,0.0037477499863598496,0.025996541982749477,14,14,11,12,3,36,16,3,24.144348480763785,4
Random Map,12,8,0.5,0.05,0.0,0.6,True,0.018793416995322332,0.006228874990483746,0.018487333989469334,11,9,11,7,0,20,8,0,18.86936607120546,1
Random Map,13,8,0.5,0.05,0.0,0.6,True,0.02310566700180061,0.0069546249869745225,0.022780541999964043,8,14,9,10,1,25,12,1,21.12486785555714,2
Random Map,14,8,0.5,0.05,0.0,0.6,True,0.020274040987715125,0.0043988329998683184,0.019970124994870275,6,8,4,7,1,12,10,2,24.767987957328685,3
Random Map,15,8,0.5,0.05,0.0,0.6,True,0.018634083011420444,0.0038253749953582883,0.018345165997743607,8,3,2,7,0,9,8,0,24.5960751646422,1
Random Map,16,8,0.5,0.05,0.0,0.6,True,0.033808000007411465,0.003972417005570605,0.03350958300870843,27,22,30,15,2,88,19,3,24.224406284974343,4
Random Map,17,8,0.5,0.05,0.0,0.6,True,0.01975383298122324,0.004773583001224324,0.019470749975880608,8,5,3,8,0,12,9,0,20.359509575430263,1
Random Map,18,8,0.5,0.05,0.0,0.6,True,0.03724445900297724,0.004267667012754828,0.036612583993701264,6,4,1,7,0,8,8,0,19.400360063612226,1
Random Map,19,8,0.5,0.05,0.0,0.6,True,0.025661583000328392,0.005153417005203664,0.025313332997029647,7,4,2,7,0,9,8,0,20.788228433898414,1
Random Map,20,8,0.5,0.05,0.0,0.6,True,0.017703209014143795,0.004719958989880979,0.01741425000363961,8,5,5,6,0,11,7,0,21.556054067476722,1
Random Map,21,8,0.5,0.05,0.0,0.6,True,0.017069749999791384,0.004696457996033132,0.01678425000864081,4,7,2,7,0,9,8,0,20.7675349222626,1
Random Map,22,8,0.5,0.05,0.0,0.6,True,0.022023541008820757,0.00794687500456348,0.02168029101449065,13,14,16,8,1,28,10,1,21.351008311994573,2
Random Map,23,8,0.5,0.05,0.0,0.6,True,0.01809512497857213,0.003898332972312346,0.01771637497586198,8,3,1,8,0,10,9,0,20.712813888315726,1
Random Map,24,8,0.5,0.05,0.0,0.6,True,0.01611404199502431,0.004333499993663281,0.015829459007363766,7,6,5,6,0,11,7,0,21.600225183401786,1
Random Map,25,8,0.5,0.05,0.0,0.6,True,0.022830208006780595,0.007841333019314334,0.022536708012921736,13,13,16,8,0,32,9,0,20.24258965798212,1
Random Map,26,8,0.5,0.05,0.0,0.6,True,0.023415875009959564,0.00617041700752452,0.023075834003975615,11,13,6,12,4,28,17,4,21.609473589495845,5
Random Map,27,8,0.5,0.05,0.0,0.6,True,0.023646040994208306,0.0048545830068178475,0.02333112500491552,10,5,2,10,1,14,13,2,22.647865890997057,3
Random Map,28,8,0.5,0.05,0.0,0.6,True,0.039425082999514416,0.004676416981965303,0.039026624988764524,5,7,2,8,0,10,9,0,21.563357048223835,1
Random Map,29,8,0.5,0.05,0.0,0.6,True,0.023788457998307422,0.007205040979897603,0.023458749987185,4,12,4,10,0,18,11,0,18.62279580555728,1
Random Map,0,9,0.5,0.05,0.95,0.6,False,0.04838633298641071,0.03360537500702776,,24,15,14,13,10,393,23,10,0.0,10
Random Map,1,9,0.5,0.05,0.95,0.6,False,0.043263708997983485,0.018430083990097046,,25,12,5,22,8,282,32,10,0.0,10
Random Map,2,9,0.5,0.05,0.95,0.6,True,0.01799929200205952,0.002747374994214624,0.017703958990750834,9,2,0,8,1,9,10,1,21.55347191450744,2
Random Map,3,9,0.5,0.05,0.95,0.6,True,0.033152082993183285,0.01254304198664613,0.03283250000094995,11,18,5,18,4,162,25,6,19.667274988108712,7
Random Map,4,9,0.5,0.05,0.95,0.6,True,0.02353920799214393,0.006064707995392382,0.02324049998424016,10,9,2,14,1,65,16,1,19.068419687080784,2
Random Map,5,9,0.5,0.05,0.95,0.6,True,0.02552279201336205,0.00955662500928156,0.02522170901647769,13,8,3,14,2,99,17,2,18.544227053353275,3
Random Map,6,9,0.5,0.05,0.95,0.6,True,0.04642833297839388,0.028938041999936104,0.04608770797494799,18,7,7,16,0,328,18,1,20.238541765798033,2
Random Map,7,9,0.5,0.05,0.95,0.6,True,0.04774570799781941,0.005874082999071106,0.04704716699779965,11,10,0,13,6,34,21,7,20.86070657735783,8
Random Map,8,9,0.5,0.05,0.95,0.6,False,0.032072791014797986,0.005884125013835728,,14,25,14,14,9,125,24,10,0.0,10
Random Map,9,9,0.5,0.05,0.95,0.6,True,0.01788462500553578,0.0026928750157821923,0.01758504199096933,7,6,0,7,4,11,12,4,20.073261068844864,5
Random Map,10,9,0.5,0.05,0.95,0.6,True,0.017370707995723933,0.002749916020547971,0.01708074999623932,7,3,0,7,1,8,9,1,19.463929495344733,2
Random Map,11,9,0.5,0.05,0.95,0.6,False,0.025604166992707178,0.004231083003105596,,16,20,7,17,10,91,27,10,0.0,10
Random Map,12,9,0.5,0.05,0.95,0.6,False,0.049829416995635256,0.027352375007467344,,19,32,23,17,9,409,27,10,0.0,10
Random Map,13,9,0.5,0.05,0.95,0.6,True,0.0645366670214571,0.04155208301381208,0.06421420801780187,19,25,22,17,3,559,22,4,19.323717074707453,5
Random Map,14,9,0.5,0.05,0.95,0.6,True,0.02562929198029451,0.008431499998550862,0.025325291993794963,13,5,0,16,0,66,17,0,20.431961367996063,1
Random Map,15,9,0.5,0.05,0.95,0.6,True,0.03991133300587535,0.009032333007780835,0.03958108299411833,31,12,14,21,6,206,29,7,21.240316459857493,8
Random Map,16,9,0.5,0.05,0.95,0.6,True,0.08676316699711606,0.06795445800526068,0.08634400001028553,24,20,13,22,7,520,31,8,19.0546306978419,9
Random Map,17,9,0.5,0.05,0.95,0.6,True,0.022523541992995888,0.0031784999882802367,0.022229208989301696,11,9,4,10,4,18,18,7,21.66422247575075,8
Random Map,18,9,0.5,0.05,0.95,0.6,True,0.01830037499894388,0.002748250000877306,0.017993374989600852,5,9,2,7,3,12,11,3,21.96039955607281,4
Random Map,19,9,0.5,0.05,0.95,0.6,True,0.01729208300821483,0.0030932920053601265,0.01695533300517127,6,6,2,7,1,10,9,1,22.128760071037064,2
Random Map,20,9,0.5,0.05,0.95,0.6,True,0.024781542015261948,0.008544959011487663,0.024440292007056996,12,6,1,15,0,72,16,0,19.617253991991582,1
Random Map,21,9,0.5,0.05,0.95,0.6,True,0.04716816698783077,0.028399749979143962,0.0468699169869069,15,13,12,14,0,321,15,0,21.52287657117057,1
Random Map,22,9,0.5,0.05,0.95,0.6,True,0.025631291995523497,0.005779541999800131,0.025046208000276238,7,6,0,11,0,36,12,0,18.672628028315412,1
Random Map,23,9,0.5,0.05,0.95,0.6,True,0.039160291984444484,0.011060124990763143,0.038797249988419935,12,18,5,18,5,95,25,6,20.983293058279298,7
Random Map,24,9,0.5,0.05,0.95,0.6,True,0.022688500001095235,0.007095957989804447,0.022364499978721142,12,8,4,14,0,51,15,0,19.661503925793895,1
Random Map,25,9,0.5,0.05,0.95,0.6,True,0.10232899998663925,0.08302824999555014,0.10195429201121442,23,20,21,19,1,648,21,1,22.689811960737526,2
Random Map,26,9,0.5,0.05,0.95,0.6,True,0.017618042009416968,0.002744583005551249,0.01732237500254996,4,5,0,7,0,7,8,0,18.51623758736966,1
Random Map,27,9,0.5,0.05,0.95,0.6,True,0.04970545900869183,0.030088208994129673,0.04936599999200553,17,15,12,17,1,394,19,1,18.918852753481655,2
Random Map,28,9,0.5,0.05,0.95,0.6,True,0.06796687497990206,0.04866729199420661,0.0676369589928072,23,8,10,17,2,620,21,3,19.57278594915769,4
Random Map,29,9,0.5,0.05,0.95,0.6,True,0.023490749998018146,0.003168708994053304,0.023171834007371217,11,14,5,14,4,36,19,4,21.603450358900997,5
Random Map,0,10,0.5,0.01,0.5,0.6,False,0.027252959000179544,0.004864458984229714,,15,21,15,13,6,40,23,10,0.0,10
Random Map,1,10,0.5,0.01,0.5,0.6,True,0.019093583017820492,0.004432000016095117,0.01880362501833588,7,6,2,9,0,13,10,0,20.507533331475976,1
Random Map,2,10,0.5,0.01,0.5,0.6,True,0.017501666996395215,0.0034536249877419323,0.017218207998666912,6,5,2,7,0,9,9,1,19.839350397987705,2
Random Map,3,10,0.5,0.01,0.5,0.6,True,0.022459083993453532,0.004323041997849941,0.022170624986756593,11,8,2,13,2,21,17,3,20.177387290405036,4
Random Map,4,10,0.5,0.01,0.5,0.6,True,0.04507045799982734,0.004689542023697868,0.04432866701972671,11,7,4,12,0,17,16,3,21.73524145077033,4
Random Map,5,10,0.5,0.01,0.5,0.6,True,0.024172583012841642,0.008290625002700835,0.02376183299929835,7,9,3,11,0,18,12,0,19.155855461945308,1
Random Map,6,10,0.5,0.01,0.5,0.6,True,0.016275999980280176,0.004179082985501736,0.01593345799483359,6,5,1,7,1,11,9,1,18.18743246056058,2
Random Map,7,10,0.5,0.01,0.5,0.6,True,0.023740290984278545,0.0032045829866547137,0.02343291597208008,17,11,12,12,2,42,15,2,20.462956929778112,3
Random Map,8,10,0.5,0.01,0.5,0.6,True,0.021611667005345225,0.004647375026252121,0.021298250008840114,5,9,2,10,0,16,11,0,19.753930668616402,1
Random Map,9,10,0.5,0.01,0.5,0.6,True,0.021657583012711257,0.004657250014133751,0.021313667006324977,6,10,3,10,1,17,12,1,21.364191390304406,2
Random Map,10,10,0.5,0.01,0.5,0.6,True,0.021433541987789795,0.00513262499589473,0.021132291993126273,6,9,0,13,0,20,14,0,20.11082399023814,1
Random Map,11,10,0.5,0.01,0.5,0.6,True,0.02304195798933506,0.0040025420021265745,0.022750457981601357,11,11,6,11,3,24,16,4,24.813883246946613,5
Random Map,12,10,0.5,0.01,0.5,0.6,True,0.02306237499578856,0.005640917021082714,0.022706917021423578,14,7,5,13,1,36,15,1,19.704536770852496,2
Random Map,13,10,0.5,0.01,0.5,0.6,True,0.038309583003865555,0.0040180830110330135,0.03744362501311116,6,6,1,8,1,10,10,1,20.720026707023905,2
Random Map,14,10,0.5,0.01,0.5,0.6,True,0.023785833007423207,0.0028825410117860883,0.02342979100649245,8,2,0,8,0,8,9,0,21.141439201060635,1
Random Map,15,10,0.5,0.01,0.5,0.6,True,0.02367916700313799,0.006495709007140249,0.0233010420051869,10,8,8,7,1,16,9,1,19.839571462602166,2
Random Map,16,10,0.5,0.01,0.5,0.6,False,0.025239459006115794,0.005191000003833324,,12,11,1,12,8,27,22,10,0.0,10
Random Map,17,10,0.5,0.01,0.5,0.6,True,0.02548016599030234,0.007230332994367927,0.025172207999275997,5,15,5,13,0,31,14,0,23.14508214701815,1
Random Map,18,10,0.5,0.01,0.5,0.6,True,0.01743195901508443,0.0036660000041592866,0.017149334016721696,8,2,1,7,0,8,8,0,20.16294246021725,1
Random Map,19,10,0.5,0.01,0.5,0.6,True,0.02185841600294225,0.006297540996456519,0.021553083002800122,6,12,2,14,0,30,15,0,19.825843882682687,1
Random Map,20,10,0.5,0.01,0.5,0.6,True,0.0180716670001857,0.0034759579866658896,0.01777154198498465,9,5,2,7,3,12,11,3,18.914714488449853,4
Random Map,21,10,0.5,0.01,0.5,0.6,True,0.022137583000585437,0.0038665420142933726,0.021823750023031607,11,14,12,8,3,24,12,3,23.315269444246123,4
Random Map,22,10,0.5,0.01,0.5,0.6,True,0.040717833006056026,0.004369708010926843,0.040292291989317164,7,6,2,7,2,11,10,2,22.48548030049752,3
Random Map,23,10,0.5,0.01,0.5,0.6,True,0.026047166989883408,0.005103874980704859,0.02568720799172297,8,8,2,8,4,16,15,6,18.819998232965403,7
Random Map,24,10,0.5,0.01,0.5,0.6,True,0.024244625004939735,0.003776750003453344,0.023909333016490564,12,8,4,12,2,24,15,2,21.905130623953852,3
Random Map,25,10,0.5,0.01,0.5,0.6,True,0.01622200000565499,0.003475667006568983,0.015914834017166868,5,5,1,7,0,8,8,0,18.49553130679708,1
Random Map,26,10,0.5,0.01,0.5,0.6,True,0.017166582983918488,0.0027857499953825027,0.0168767909926828,4,5,0,7,0,7,8,0,19.4601854581419,1
Random Map,27,10,0.5,0.01,0.5,0.6,True,0.01702204198227264,0.003149083990138024,0.01675849998719059,4,5,0,7,0,7,8,0,17.948827398403356,1
Random Map,28,10,0.5,0.01,0.5,0.6,True,0.022119582979939878,0.0040499579918105155,0.021823499992024153,6,7,0,10,1,12,12,1,21.58401352296311,2
Random Map,29,10,0.5,0.01,0.5,0.6,False,0.024928040977101773,0.003805707994615659,,20,13,11,11,9,57,21,10,0.0,10
